ball_x,ball_y,ball_dx,ball_dy,paddle_y,action
2.03,2.03,2,2,0,0
4.29,4.29,2,2,0,0
5.44,5.44,2,2,0,0
7.75,7.75,2,2,0,0
8.94,8.94,2,2,0,0
10.27,10.27,2,2,0,0
11.45,11.45,2,2,0,0
12.65,12.65,2,2,0,0
13.87,13.87,2,2,0,0
15.58,15.58,2,2,0,0
17.16,17.16,2,2,0,0
18.37,18.37,2,2,0,0
19.33,19.33,2,2,0,0
20.65,20.65,2,2,0,0
21.71,21.71,2,2,0,0
22.62,22.62,2,2,0,0
23.8,23.8,2,2,0,0
24.9,24.9,2,2,0,0
25.87,25.87,2,2,0,0
26.96,26.96,2,2,0,0
27.83,27.83,2,2,0,0
28.67,28.67,2,2,0,0
29.51,29.51,2,2,0,0
30.49,30.49,2,2,0,0
31.52,31.52,2,2,0,0
32.48,32.48,2,2,0,0
33.38,33.38,2,2,0,0
34.24,34.24,2,2,0,0
35.38,35.38,2,2,0,0
36.47,36.47,2,2,0,0
37.57,37.57,2,2,0,0
38.45,38.45,2,2,0,0
39.15,39.15,2,2,0,0
40.15,40.15,2,2,0,0
41.32,41.32,2,2,0,0
42.14,42.14,2,2,0,0
42.98,42.98,2,2,0,0
43.91,43.91,2,2,0,0
44.92,44.92,2,2,0,0
45.71,45.71,2,2,0,0
46.79,46.79,2,2,0,0
47.89,47.89,2,2,0,0
48.66,48.66,2,2,0,0
49.74,49.74,2,2,0,0
51.03,51.03,2,2,0,0
51.96,51.96,2,2,0,0
52.92,52.92,2,2,0,0
53.89,53.89,2,2,0,0
54.49,54.49,2,2,0,0
55.66,55.66,2,2,0,0
56.71,56.71,2,2,0,0
57.61,57.61,2,2,0,0
58.34,58.34,2,2,0,0
59.25,59.25,2,2,0,0
60.19,60.19,2,2,0,0
61.31,61.31,2,2,0,0
62.31,62.31,2,2,0,0
63.45,63.45,2,2,0,0
64.27,64.27,2,2,0,0
65.11,65.11,2,2,0,0
65.84,65.84,2,2,0,0
66.56,66.56,2,2,0,0
67.39,67.39,2,2,0,0
68.28,68.28,2,2,0,0
68.99,68.99,2,2,0,0
70.19,70.19,2,2,0,0
71.14,71.14,2,2,0,0
72.02,72.02,2,2,0,0
72.92,72.92,2,2,0,0
73.57,73.57,2,2,0,0
74.38,74.38,2,2,0,0
75.47,75.47,2,2,0,0
76.6,76.6,2,2,0,0
77.5,77.5,2,2,0,0
78.38,78.38,2,2,0,0
79.1,79.1,2,2,0,0
80.06,80.06,2,2,0,0
81.04,81.04,2,2,0,0
82.15,82.15,2,2,0,0
83.17,83.17,2,2,0,0
84.08,84.08,2,2,0,0
85.02,85.02,2,2,0,0
85.75,85.75,2,2,0,0
86.71,86.71,2,2,0,0
87.68,87.68,2,2,0,0
88.77,88.77,2,2,0,0
89.94,89.94,2,2,0,0
90.86,90.86,2,2,0,0
91.94,91.94,2,2,0,0
92.83,92.83,2,2,0,0
93.91,93.91,2,2,0,0
94.99,94.99,2,2,0,0
96.03,96.03,2,2,0,0
97.07,97.07,2,2,0,0
98.08,98.08,2,2,0,0
99.02,99.02,2,2,0,0
100.0,100.0,2,2,0,0
100.84,100.84,2,2,0,0
101.9,101.9,2,2,0,0
103.04,103.04,2,2,0,0
103.88,103.88,2,2,0,0
105.06,105.06,2,2,0,0
106.29,106.29,2,2,0,0
107.16,107.16,2,2,0,0
108.25,108.25,2,2,0,0
109.32,109.32,2,2,0,0
110.55,110.55,2,2,0,0
111.36,111.36,2,2,0,0
112.61,112.61,2,2,0,0
114.19,114.19,2,2,0,0
115.14,115.14,2,2,0,0
115.93,115.93,2,2,0,0
116.9,116.9,2,2,0,0
117.89,117.89,2,2,0,0
118.86,118.86,2,2,0,0
119.82,119.82,2,2,0,0
120.65,120.65,2,2,0,0
121.56,121.56,2,2,0,0
122.48,122.48,2,2,0,0
123.48,123.48,2,2,0,0
124.33,124.33,2,2,0,0
125.34,125.34,2,2,0,0
126.31,126.31,2,2,0,0
127.39,127.39,2,2,0,0
128.5,128.5,2,2,0,0
129.6,129.6,2,2,0,0
130.93,130.93,2,2,0,0
132.26,132.26,2,2,0,0
133.47,133.47,2,2,0,0
134.56,134.56,2,2,0,0
135.64,135.64,2,2,0,0
136.73,136.73,2,2,0,0
137.8,137.8,2,2,0,0
138.95,138.95,2,2,0,0
140.1,140.1,2,2,0,0
140.94,140.94,2,2,0,0
142.43,142.43,2,2,0,0
143.47,143.47,2,2,0,0
144.32,144.32,2,2,0,0
145.68,145.68,2,2,0,0
147.08,147.08,2,2,0,0
147.79,147.79,2,2,0,0
150.06,150.06,2,2,0,0
151.33,151.33,2,2,0,0
152.38,152.38,2,2,0,0
153.61,153.61,2,2,0,0
154.6,154.6,2,2,0,0
155.48,155.48,2,2,0,0
156.77,156.77,2,2,0,0
158.22,158.22,2,2,0,0
159.27,159.27,2,2,0,0
160.47,160.47,2,2,0,0
161.48,161.48,2,2,0,0
162.68,162.68,2,2,0,0
163.93,163.93,2,2,0,0
164.9,164.9,2,2,0,0
166.17,166.17,2,2,0,0
166.85,166.85,2,2,0,0
167.78,167.78,2,2,0,0
169.15,169.15,2,2,0,0
170.23,170.23,2,2,0,0
171.42,171.42,2,2,0,0
172.42,172.42,2,2,0,0
173.57,173.57,2,2,0,0
174.83,174.83,2,2,0,0
175.81,175.81,2,2,0,0
177.72,177.72,2,2,0,0
180.53,180.53,2,2,0,0
181.62,181.62,2,2,0,0
182.89,182.89,2,2,0,0
184.04,184.04,2,2,0,0
185.71,185.71,2,2,0,0
186.65,186.65,2,2,0,0
187.63,187.63,2,2,0,0
188.78,188.78,2,2,0,0
189.68,189.68,2,2,0,0
190.56,190.56,2,2,0,0
191.45,191.45,2,2,0,0
193.03,193.03,2,2,0,0
194.14,194.14,2,2,0,0
194.72,194.72,2,2,0,0
195.81,195.81,2,2,0,0
196.65,196.65,2,2,0,0
197.29,197.29,2,2,0,0
198.18,198.18,2,2,0,0
199.54,199.54,2,2,0,0
200.62,200.62,2,2,0,0
201.25,201.25,2,2,0,0
202.1,202.1,2,2,0,0
203.13,203.13,2,2,0,0
204.04,204.04,2,2,0,0
205.14,205.14,2,2,0,0
206.14,206.14,2,2,0,0
207.1,207.1,2,2,0,0
208.09,208.09,2,2,0,0
208.94,208.94,2,2,0,0
209.9,209.9,2,2,0,0
210.74,210.74,2,2,0,0
211.7,211.7,2,2,0,0
212.69,212.69,2,2,0,0
214.01,214.01,2,2,0,0
214.86,214.86,2,2,0,0
215.85,215.85,2,2,0,0
216.57,216.57,2,2,0,0
217.78,217.78,2,2,0,0
218.63,218.63,2,2,0,0
219.9,219.9,2,2,0,0
221.85,221.85,2,2,0,0
223.06,223.06,2,2,0,0
224.12,224.12,2,2,0,0
225.32,225.32,2,2,0,0
226.43,226.43,2,2,0,0
227.4,227.4,2,2,0,0
228.61,228.61,2,2,0,0
229.47,229.47,2,2,0,0
230.07,230.07,2,2,0,0
231.33,231.33,2,2,0,0
232.3,232.3,2,2,0,0
233.41,233.41,2,2,0,0
234.47,234.47,2,2,0,0
235.41,235.41,2,2,0,0
236.61,236.61,2,2,0,0
238.32,238.32,2,2,3.57,1
239.31,239.31,2,2,5.63,1
240.53,240.53,2,2,8.16,1
241.85,241.85,2,2,10.93,1
243.05,243.05,2,2,13.42,1
243.86,243.86,2,2,15.11,1
244.83,244.83,2,2,17.12,1
246.31,246.31,2,2,20.2,1
248.12,248.12,2,2,23.98,1
249.57,249.57,2,2,26.99,1
251.08,251.08,2,2,30.14,1
253.02,253.02,2,2,34.18,1
254.34,254.34,2,2,36.94,1
255.65,255.65,2,2,39.67,1
256.7,256.7,2,2,41.84,1
257.75,257.75,2,2,44.03,1
258.75,258.75,2,2,46.13,1
260.18,260.18,2,2,49.11,1
261.32,261.32,2,2,51.49,1
262.29,262.29,2,2,53.51,1
263.14,263.14,2,2,55.27,1
264.32,264.32,2,2,57.73,1
265.17,265.17,2,2,59.5,1
266.26,266.26,2,2,61.77,1
267.21,267.21,2,2,63.74,1
268.39,268.39,2,2,66.2,1
269.72,269.72,2,2,68.97,1
270.69,270.69,2,2,70.99,1
271.77,271.77,2,2,73.26,1
272.87,272.87,2,2,75.54,1
273.76,273.76,2,2,77.39,1
274.6,274.6,2,2,79.15,1
275.96,275.96,2,2,81.98,1
276.96,276.96,2,2,84.06,1
278.02,278.02,2,2,86.27,1
278.88,278.88,2,2,88.07,1
280.15,280.15,2,2,90.7,1
281.22,281.22,2,2,92.93,1
282.44,282.44,2,2,95.48,1
284.15,284.15,2,2,99.05,1
285.21,285.21,2,2,101.26,1
286.32,286.32,2,2,103.57,1
287.26,287.26,2,2,105.52,1
288.46,288.46,2,2,108.03,1
289.53,289.53,2,2,110.26,1
290.89,290.89,2,2,113.08,1
292.21,288.68,2,-2,115.84,1
293.13,287.76,2,-2,117.74,1
294.33,286.56,2,-2,120.25,1
295.02,285.87,2,-2,121.69,1
296.28,284.6,2,-2,124.32,1
297.64,283.24,2,-2,127.16,1
298.76,282.13,2,-2,129.48,1
299.84,281.05,2,-2,131.74,1
300.96,279.93,2,-2,134.07,1
302.08,278.81,2,-2,136.39,1
303.01,277.88,2,-2,138.34,1
304.27,276.62,2,-2,140.96,1
305.37,275.52,2,-2,143.24,1
306.09,274.79,2,-2,144.76,1
307.64,273.25,2,-2,147.97,1
308.86,272.03,2,-2,150.52,1
309.9,270.99,2,-2,152.68,1
310.75,270.14,2,-2,154.45,1
311.68,269.21,2,-2,156.39,1
312.64,268.25,2,-2,158.4,1
313.74,267.15,2,-2,160.69,1
314.67,266.22,2,-2,162.63,1
315.87,265.02,2,-2,165.13,1
316.84,264.05,2,-2,167.15,1
317.74,263.15,2,-2,169.01,1
318.69,262.2,2,-2,171.01,1
319.67,261.22,2,-2,173.04,1
321.18,259.71,2,-2,176.18,1
322.02,258.87,2,-2,177.94,1
322.95,257.94,2,-2,179.87,1
323.84,257.05,2,-2,181.72,1
324.68,256.21,2,-2,183.47,1
325.6,255.29,2,-2,185.39,1
326.35,254.54,2,-2,186.96,1
327.42,253.47,2,-2,189.18,1
328.14,252.75,2,-2,190.69,1
328.96,251.93,2,-2,192.39,1
330.4,250.49,2,-2,195.39,1
329.46,249.95,-2,-2,196.51,1
328.46,248.95,-2,-2,198.6,1
327.4,247.89,-2,-2,200.81,1
326.56,247.05,-2,-2,202.56,1
325.84,246.33,-2,-2,204.05,1
325.02,245.51,-2,-2,205.77,1
323.92,244.41,-2,-2,208.06,1
323.08,243.57,-2,-2,209.81,1
322.18,242.67,-2,-2,211.68,1
321.31,241.8,-2,-2,213.49,1
320.15,240.64,-2,-2,215.91,1
319.27,239.76,-2,-2,217.74,1
318.47,238.96,-2,-2,219.41,1
317.62,238.11,-2,-2,221.18,1
316.55,237.04,-2,-2,223.41,1
315.73,236.22,-2,-2,225.12,1
314.89,235.38,-2,-2,226.87,1
314.05,234.54,-2,-2,228.63,1
313.11,233.61,-2,-2,230.57,1
312.39,232.88,-2,-2,232.08,1
311.71,232.2,-2,-2,233.49,1
310.92,231.42,-2,-2,235.13,1
310.36,230.85,-2,-2,236.3,1
309.58,230.07,-2,-2,237.93,1
308.91,229.4,-2,-2,239.34,1
308.04,228.53,-2,-2,241.14,1
307.27,227.76,-2,-2,242.75,1
306.5,227.0,-2,-2,244.34,1
305.75,226.25,-2,-2,245.9,1
305.02,225.51,-2,-2,247.43,1
304.28,224.77,-2,-2,248.97,1
303.52,224.01,-2,-2,250,1
302.65,223.15,-2,-2,250,1
302.17,222.66,-2,-2,250,1
300.91,221.41,-2,-2,250,1
300.23,220.72,-2,-2,250,1
299.54,220.03,-2,-2,250,1
298.64,219.13,-2,-2,250,1
297.54,218.03,-2,-2,250,1
296.82,217.31,-2,-2,250,1
295.94,216.43,-2,-2,250,1
295.25,215.74,-2,-2,250,1
294.01,214.51,-2,-2,250,1
293.15,213.64,-2,-2,250,1
291.94,212.43,-2,-2,250,1
290.33,210.82,-2,-2,250,1
289.6,210.09,-2,-2,250,1
288.65,209.14,-2,-2,250,1
287.97,208.46,-2,-2,250,1
286.78,207.27,-2,-2,250,1
286.05,206.54,-2,-2,250,1
285.22,205.71,-2,-2,250,1
284.38,204.87,-2,-2,250,1
283.13,203.62,-2,-2,250,1
282.39,202.88,-2,-2,250,1
281.79,202.28,-2,-2,250,1
280.96,201.45,-2,-2,250,1
280.15,200.64,-2,-2,250,1
278.89,199.39,-2,-2,250,1
277.68,198.18,-2,-2,250,0
276.8,197.29,-2,-2,250,0
276.0,196.49,-2,-2,250,0
275.22,195.71,-2,-2,250,0
274.24,194.74,-2,-2,250,0
273.63,194.13,-2,-2,250,0
272.76,193.25,-2,-2,250,0
271.66,192.15,-2,-2,250,0
270.95,191.44,-2,-2,250,0
270.3,190.79,-2,-2,250,0
269.66,190.15,-2,-2,250,0
268.62,189.12,-2,-2,250,0
267.72,188.22,-2,-2,250,0
266.77,187.26,-2,-2,250,0
266.07,186.56,-2,-2,250,0
265.28,185.78,-2,-2,250,0
264.37,184.87,-2,-2,250,0
263.66,184.15,-2,-2,250,0
262.96,183.45,-2,-2,250,0
262.31,182.81,-2,-2,250,0
261.32,181.81,-2,-2,250,0
260.47,180.96,-2,-2,250,0
259.08,179.57,-2,-2,250,0
258.17,178.66,-2,-2,250,0
257.24,177.74,-2,-2,250,0
256.16,176.65,-2,-2,250,0
255.19,175.68,-2,-2,250,0
254.1,174.59,-2,-2,250,0
253.46,173.95,-2,-2,250,0
252.37,172.86,-2,-2,250,0
251.27,171.76,-2,-2,250,0
250.17,170.66,-2,-2,250,0
249.22,169.71,-2,-2,250,0
248.08,168.57,-2,-2,250,0
247.12,167.61,-2,-2,250,0
246.14,166.63,-2,-2,250,0
245.07,165.56,-2,-2,250,0
244.2,164.69,-2,-2,250,0
242.93,163.42,-2,-2,250,0
242.09,162.58,-2,-2,250,0
241.13,161.62,-2,-2,250,0
240.04,160.53,-2,-2,250,0
239.06,159.55,-2,-2,250,0
237.85,158.34,-2,-2,250,0
236.9,157.39,-2,-2,250,0
236.02,156.51,-2,-2,250,0
234.71,155.2,-2,-2,250,0
233.75,154.24,-2,-2,250,0
232.4,152.89,-2,-2,247.19,2
231.37,151.87,-2,-2,245.06,2
230.17,150.66,-2,-2,242.54,2
229.12,149.61,-2,-2,240.36,2
228.08,148.57,-2,-2,238.19,2
226.95,147.45,-2,-2,235.85,2
225.78,146.27,-2,-2,233.4,2
224.57,145.06,-2,-2,230.88,2
223.55,144.04,-2,-2,228.75,2
222.55,143.05,-2,-2,226.68,2
221.57,142.06,-2,-2,224.63,2
220.38,140.87,-2,-2,222.15,2
219.05,139.54,-2,-2,219.37,2
218.02,138.51,-2,-2,217.23,2
216.93,137.42,-2,-2,214.97,2
215.65,136.14,-2,-2,212.3,2
214.73,135.23,-2,-2,210.39,2
213.69,134.18,-2,-2,208.21,2
212.5,133.0,-2,-2,205.74,2
211.42,131.91,-2,-2,203.49,2
210.7,131.19,-2,-2,201.98,2
209.67,130.16,-2,-2,199.83,2
208.73,129.23,-2,-2,197.89,2
207.67,128.16,-2,-2,195.67,2
206.77,127.26,-2,-2,193.8,2
205.87,126.37,-2,-2,191.93,2
204.85,125.34,-2,-2,189.8,2
204.12,124.61,-2,-2,188.28,2
203.0,123.49,-2,-2,185.94,2
202.32,122.81,-2,-2,184.53,2
201.01,121.5,-2,-2,181.8,2
200.18,120.67,-2,-2,180.06,2
199.2,119.69,-2,-2,178.03,2
198.08,118.57,-2,-2,175.69,2
197.34,117.83,-2,-2,174.14,2
196.24,116.73,-2,-2,171.86,2
195.51,116.0,-2,-2,170.33,2
194.39,114.88,-2,-2,168.0,2
193.6,114.1,-2,-2,166.37,2
192.62,113.11,-2,-2,164.32,2
191.75,112.24,-2,-2,162.51,2
190.92,111.42,-2,-2,160.79,2
189.97,110.46,-2,-2,158.79,2
189.23,109.72,-2,-2,157.26,2
187.85,108.35,-2,-2,154.39,2
186.84,107.33,-2,-2,152.27,2
186.12,106.61,-2,-2,150.78,2
185.42,105.91,-2,-2,149.31,2
184.34,104.84,-2,-2,147.08,2
183.76,104.25,-2,-2,145.85,2
182.94,103.43,-2,-2,144.16,2
182.1,102.59,-2,-2,142.4,2
181.34,101.83,-2,-2,140.81,2
180.3,100.79,-2,-2,138.65,2
179.64,100.13,-2,-2,137.28,2
178.88,99.37,-2,-2,135.69,2
177.83,98.32,-2,-2,133.51,2
176.75,97.25,-2,-2,131.26,2
176.03,96.52,-2,-2,129.75,2
175.41,95.9,-2,-2,128.47,2
174.54,95.04,-2,-2,126.66,2
173.79,94.28,-2,-2,125.08,2
172.93,93.42,-2,-2,123.3,2
171.97,92.46,-2,-2,121.3,2
170.94,91.43,-2,-2,119.16,2
170.32,90.81,-2,-2,117.86,2
169.36,89.85,-2,-2,115.86,2
168.4,88.89,-2,-2,113.86,2
167.55,88.04,-2,-2,112.09,2
166.68,87.17,-2,-2,110.27,2
165.92,86.41,-2,-2,108.69,2
165.13,85.62,-2,-2,107.05,2
164.14,84.63,-2,-2,104.97,2
163.41,83.9,-2,-2,103.47,2
162.65,83.14,-2,-2,101.88,2
161.75,82.24,-2,-2,100.0,2
160.64,81.13,-2,-2,97.69,2
159.74,80.23,-2,-2,95.82,2
159.06,79.56,-2,-2,94.41,2
158.16,78.65,-2,-2,92.52,2
157.47,77.96,-2,-2,91.09,2
156.61,77.1,-2,-2,89.29,2
155.64,76.13,-2,-2,87.28,2
154.9,75.39,-2,-2,85.74,2
154.24,74.73,-2,-2,84.36,2
153.24,73.74,-2,-2,82.28,2
152.05,72.54,-2,-2,79.79,2
151.32,71.81,-2,-2,78.28,2
150.32,70.82,-2,-2,76.2,2
149.36,69.85,-2,-2,74.19,2
148.42,68.91,-2,-2,72.23,2
147.45,67.95,-2,-2,70.22,2
146.73,67.22,-2,-2,68.71,2
145.97,66.46,-2,-2,67.13,2
144.88,65.37,-2,-2,64.85,2
144.03,64.52,-2,-2,63.09,2
143.0,63.49,-2,-2,60.94,2
141.94,62.43,-2,-2,58.74,2
140.86,61.35,-2,-2,56.48,2
139.83,60.32,-2,-2,54.34,2
138.99,59.48,-2,-2,52.58,2
138.38,58.87,-2,-2,51.32,2
137.28,57.77,-2,-2,49.02,2
136.32,56.81,-2,-2,47.02,2
135.54,56.03,-2,-2,45.4,2
134.82,55.31,-2,-2,43.89,2
133.53,54.02,-2,-2,41.2,2
132.81,53.31,-2,-2,39.72,2
131.67,52.16,-2,-2,37.33,2
130.92,51.41,-2,-2,35.78,2
130.16,50.66,-2,-2,34.2,2
129.25,49.74,-2,-2,32.3,2
128.32,48.81,-2,-2,30.37,2
127.58,48.07,-2,-2,28.82,2
126.84,47.34,-2,-2,27.29,2
125.91,46.4,-2,-2,25.34,2
125.11,45.6,-2,-2,23.66,2
124.21,44.7,-2,-2,21.79,2
123.58,44.08,-2,-2,20.49,2
122.76,43.25,-2,-2,18.78,2
122.16,42.65,-2,-2,17.53,2
121.41,41.91,-2,-2,15.97,2
120.56,41.05,-2,-2,14.2,2
119.85,40.34,-2,-2,12.71,2
119.06,39.55,-2,-2,11.06,2
118.01,38.5,-2,-2,11.06,0
117.29,37.78,-2,-2,11.06,0
116.7,37.2,-2,-2,11.06,0
115.74,36.23,-2,-2,11.06,0
115.12,35.61,-2,-2,11.06,0
114.0,34.5,-2,-2,11.06,0
112.86,33.36,-2,-2,11.06,0
112.04,32.53,-2,-2,11.06,0
111.39,31.89,-2,-2,11.06,0
110.39,30.88,-2,-2,11.06,0
109.79,30.28,-2,-2,11.06,0
109.17,29.66,-2,-2,11.06,0
108.45,28.94,-2,-2,11.06,0
107.23,27.72,-2,-2,11.06,0
106.55,27.05,-2,-2,11.06,0
105.73,26.22,-2,-2,11.06,0
104.87,25.36,-2,-2,11.06,0
104.01,24.5,-2,-2,11.06,0
103.29,23.78,-2,-2,11.06,0
102.44,22.93,-2,-2,11.06,0
101.87,22.36,-2,-2,11.06,0
100.76,21.25,-2,-2,11.06,0
100.16,20.65,-2,-2,11.06,0
99.42,19.91,-2,-2,11.06,0
98.69,19.18,-2,-2,11.06,0
97.63,18.12,-2,-2,11.06,0
96.9,17.39,-2,-2,11.06,0
96.12,16.62,-2,-2,11.06,0
95.16,15.65,-2,-2,11.06,0
94.51,15.0,-2,-2,11.06,0
93.83,14.32,-2,-2,11.06,0
92.63,13.13,-2,-2,11.06,0
91.78,12.27,-2,-2,11.06,0
90.9,11.39,-2,-2,11.06,0
90.14,10.63,-2,-2,11.06,0
89.22,9.71,-2,-2,11.06,0
88.04,8.53,-2,-2,11.06,0
87.15,7.65,-2,-2,11.06,0
86.33,6.83,-2,-2,11.06,0
85.52,6.01,-2,-2,11.06,0
84.44,4.93,-2,-2,11.06,0
83.6,4.09,-2,-2,11.06,0
82.73,3.22,-2,-2,11.06,0
81.9,2.39,-2,-2,11.06,0
81.29,1.78,-2,-2,11.06,0
79.98,0.47,-2,-2,11.06,0
78.86,-0.65,-2,-2,11.06,0
78.16,-1.34,-2,-2,11.06,0
77.4,-2.11,-2,-2,11.06,0
76.04,-3.47,-2,-2,11.06,0
75.09,-4.42,-2,-2,11.06,0
74.46,-5.05,-2,-2,11.06,0
73.17,-6.33,-2,-2,11.06,0
72.22,-7.29,-2,-2,11.06,0
71.39,-8.12,-2,-2,11.06,0
70.5,-9.01,-2,-2,11.06,0
69.58,-9.93,-2,-2,11.06,0
68.88,-10.63,-2,-2,11.06,0
67.88,-11.63,-2,-2,11.06,0
67.26,-12.24,-2,-2,11.06,0
66.29,-13.22,-2,-2,11.06,0
65.6,-13.91,-2,-2,11.06,0
64.53,-14.97,-2,-2,11.06,0
63.52,-15.98,-2,-2,11.06,0
62.76,-16.75,-2,-2,11.06,0
61.87,-17.63,-2,-2,11.06,0
61.27,-18.24,-2,-2,11.06,0
60.49,-19.02,-2,-2,11.06,0
59.49,-20.02,-2,-2,11.06,0
58.71,-20.8,-2,-2,11.06,0
57.82,-21.69,-2,-2,11.06,0
57.13,-22.38,-2,-2,11.06,0
56.04,-23.47,-2,-2,11.06,0
55.23,-24.28,-2,-2,11.06,0
54.44,-25.06,-2,-2,11.06,0
53.6,-25.91,-2,-2,11.06,0
52.8,-26.71,-2,-2,11.06,0
51.73,-27.78,-2,-2,11.06,0
50.86,-28.65,-2,-2,11.06,0
49.9,-29.61,-2,-2,11.06,0
49.11,-30.4,-2,-2,11.06,0
48.12,-31.39,-2,-2,11.06,0
47.04,-32.47,-2,-2,11.06,0
46.16,-33.35,-2,-2,11.06,0
45.14,-34.37,-2,-2,11.06,0
43.92,-35.59,-2,-2,11.06,0
42.97,-36.54,-2,-2,11.06,0
42.12,-37.39,-2,-2,11.06,0
41.09,-38.42,-2,-2,11.06,0
40.36,-39.15,-2,-2,11.06,0
39.13,-40.38,-2,-2,11.06,0
38.41,-41.1,-2,-2,11.06,0
37.64,-41.86,-2,-2,11.06,0
36.44,-43.07,-2,-2,11.06,0
35.61,-43.9,-2,-2,11.06,0
34.59,-44.92,-2,-2,11.06,0
33.42,-46.09,-2,-2,11.06,0
32.49,-47.02,-2,-2,11.06,0
31.46,-48.05,-2,-2,11.06,0
30.37,-49.13,-2,-2,11.06,0
29.8,-49.71,-2,-2,11.06,0
28.68,-50.83,-2,-2,11.06,0
27.75,-51.76,-2,-2,11.06,0
27.01,-52.5,-2,-2,11.06,0
26.04,-53.47,-2,-2,11.06,0
25.28,-54.22,-2,-2,11.06,0
24.1,-55.41,-2,-2,11.06,0
23.09,-56.42,-2,-2,11.06,0
22.4,-57.1,-2,-2,11.06,0
21.26,-58.24,-2,-2,11.06,0
20.37,-59.14,-2,-2,11.06,0
19.65,-59.86,-2,-2,11.06,0
18.82,-60.69,-2,-2,11.06,0
17.57,-61.93,-2,-2,11.06,0
16.85,-62.66,-2,-2,11.06,0
16.09,-63.42,-2,-2,11.06,0
15.13,-64.38,-2,-2,11.06,0
14.34,-65.17,-2,-2,11.06,0
13.44,-66.06,-2,-2,11.06,0
11.91,-67.6,-2,-2,11.06,0
11.05,-68.46,-2,-2,11.06,0
10.39,-69.12,-2,-2,11.06,0
9.25,-70.25,-2,-2,11.06,0
8.61,-70.9,-2,-2,11.06,0
7.73,-71.78,-2,-2,11.06,0
6.85,-72.66,-2,-2,11.06,0
5.74,-73.77,-2,-2,11.06,0
4.79,-74.72,-2,-2,11.06,0
3.94,-75.56,-2,-2,11.06,0
3.24,-76.26,-2,-2,11.06,0
2.1,-77.41,-2,-2,11.06,0
1.26,-78.25,-2,-2,11.06,0
0.37,-79.14,-2,-2,11.06,0
-0.33,-79.84,-2,-2,11.06,0
-1.5,-81.0,-2,-2,11.06,0
-2.48,-81.99,-2,-2,11.06,0
-3.45,-82.96,-2,-2,11.06,0
-4.42,-83.92,-2,-2,11.06,0
-5.11,-84.62,-2,-2,11.06,0
-5.94,-85.44,-2,-2,11.06,0
-6.68,-86.19,-2,-2,11.06,0
-7.66,-87.17,-2,-2,11.06,0
-8.48,-87.99,-2,-2,11.06,0
-9.52,-89.03,-2,-2,11.06,0
-10.67,-90.18,-2,-2,11.06,0
-11.62,-91.13,-2,-2,11.06,0
-12.34,-91.85,-2,-2,11.06,0
-13.1,-92.6,-2,-2,11.06,0
-14.06,-93.57,-2,-2,11.06,0
-14.8,-94.31,-2,-2,11.06,0
-15.46,-94.97,-2,-2,11.06,0
-16.33,-95.84,-2,-2,11.06,0
-17.35,-96.86,-2,-2,11.06,0
-18.28,-97.78,-2,-2,11.06,0
-19.26,-98.77,-2,-2,11.06,0
-20.08,-99.59,-2,-2,11.06,0
-21.3,-100.8,-2,-2,11.06,0
-21.91,-101.41,-2,-2,11.06,0
-22.83,-102.33,-2,-2,11.06,0
-23.72,-103.23,-2,-2,11.06,0
-24.62,-104.13,-2,-2,11.06,0
-25.69,-105.19,-2,-2,11.06,0
-26.34,-105.85,-2,-2,11.06,0
-27.13,-106.64,-2,-2,11.06,0
-28.08,-107.59,-2,-2,11.06,0
-29.06,-108.57,-2,-2,11.06,0
-29.7,-109.21,-2,-2,11.06,0
-30.46,-109.97,-2,-2,11.06,0
-31.61,-111.12,-2,-2,11.06,0
-32.41,-111.92,-2,-2,11.06,0
-33.16,-112.67,-2,-2,11.06,0
-33.98,-113.49,-2,-2,11.06,0
-35.22,-114.73,-2,-2,11.06,0
-35.88,-115.38,-2,-2,11.06,0
-36.81,-116.31,-2,-2,11.06,0
-37.48,-116.99,-2,-2,11.06,0
-38.47,-117.98,-2,-2,11.06,0
-39.58,-119.09,-2,-2,11.06,0
-40.18,-119.69,-2,-2,11.06,0
-41.17,-120.68,-2,-2,11.06,0
-41.95,-121.46,-2,-2,11.06,0
-42.69,-122.2,-2,-2,11.06,0
-43.67,-123.18,-2,-2,11.06,0
-44.44,-123.95,-2,-2,11.06,0
-45.11,-124.62,-2,-2,11.06,0
-46.12,-125.63,-2,-2,11.06,0
-46.79,-126.29,-2,-2,11.06,0
-47.5,-127.01,-2,-2,11.06,0
-48.42,-127.93,-2,-2,11.06,0
-49.32,-128.82,-2,-2,11.06,0
-49.95,-129.45,-2,-2,11.06,0
-50.7,-130.21,-2,-2,11.06,0
-51.64,-131.14,-2,-2,11.06,0
-52.37,-131.88,-2,-2,11.06,0
-53.12,-132.63,-2,-2,11.06,0
-54.07,-133.57,-2,-2,11.06,0
-54.89,-134.4,-2,-2,11.06,0
-55.58,-135.09,-2,-2,11.06,0
-56.43,-135.93,-2,-2,11.06,0
-57.1,-136.61,-2,-2,11.06,0
-58.12,-137.62,-2,-2,11.06,0
-58.7,-138.21,-2,-2,11.06,0
-59.67,-139.18,-2,-2,11.06,0
-60.31,-139.82,-2,-2,11.06,0
-61.36,-140.87,-2,-2,11.06,0
-62.16,-141.67,-2,-2,11.06,0
-62.72,-142.23,-2,-2,11.06,0
-63.96,-143.46,-2,-2,11.06,0
-64.74,-144.24,-2,-2,11.06,0
-65.83,-145.34,-2,-2,11.06,0
-66.56,-146.07,-2,-2,11.06,0
-67.86,-147.36,-2,-2,11.06,0
-68.77,-148.27,-2,-2,11.06,0
-69.48,-148.98,-2,-2,11.06,0
-70.38,-149.88,-2,-2,11.06,0
-71.45,-150.96,-2,-2,11.06,0
-72.29,-151.8,-2,-2,11.06,0
-73.19,-152.7,-2,-2,11.06,0
-73.84,-153.35,-2,-2,11.06,0
-74.73,-154.24,-2,-2,11.06,0
-75.52,-155.03,-2,-2,11.06,0
-76.42,-155.92,-2,-2,11.06,0
-77.18,-156.69,-2,-2,11.06,0
-77.88,-157.39,-2,-2,11.06,0
-78.78,-158.28,-2,-2,11.06,0
-79.5,-159.01,-2,-2,11.06,0
-80.32,-159.82,-2,-2,11.06,0
-81.05,-160.55,-2,-2,11.06,0
-81.89,-161.4,-2,-2,11.06,0
-83.19,-162.7,-2,-2,11.06,0
-83.91,-163.42,-2,-2,11.06,0
-84.83,-164.34,-2,-2,11.06,0
-85.46,-164.97,-2,-2,11.06,0
-86.18,-165.68,-2,-2,11.06,0
-86.9,-166.41,-2,-2,11.06,0
-87.91,-167.42,-2,-2,11.06,0
-88.58,-168.09,-2,-2,11.06,0
-89.54,-169.05,-2,-2,11.06,0
-90.15,-169.66,-2,-2,11.06,0
-90.83,-170.34,-2,-2,11.06,0
-92.09,-171.6,-2,-2,11.06,0
-92.83,-172.34,-2,-2,11.06,0
-93.34,-172.85,-2,-2,11.06,0
-94.3,-173.81,-2,-2,11.06,0
-95.14,-174.65,-2,-2,11.06,0
-95.9,-175.41,-2,-2,11.06,0
-96.74,-176.25,-2,-2,11.06,0
-97.38,-176.89,-2,-2,11.06,0
-98.19,-177.7,-2,-2,11.06,0
-99.03,-178.54,-2,-2,11.06,0
-99.97,-179.48,-2,-2,11.06,0
-100.63,-180.13,-2,-2,11.06,0
-101.59,-181.1,-2,-2,11.06,0
-102.31,-181.82,-2,-2,11.06,0
-103.15,-182.66,-2,-2,11.06,0
-104.0,-183.51,-2,-2,11.06,0
-104.67,-184.17,-2,-2,11.06,0
-105.61,-185.12,-2,-2,11.06,0
-106.38,-185.89,-2,-2,11.06,0
-107.2,-186.71,-2,-2,11.06,0
-108.03,-187.54,-2,-2,11.06,0
-108.68,-188.19,-2,-2,11.06,0
-109.42,-188.93,-2,-2,11.06,0
-110.04,-189.55,-2,-2,11.06,0
-110.98,-190.48,-2,-2,11.06,0
-111.84,-191.35,-2,-2,11.06,0
-112.56,-192.07,-2,-2,11.06,0
-113.59,-193.1,-2,-2,11.06,0
-114.44,-193.94,-2,-2,11.06,0
-115.07,-194.58,-2,-2,11.06,0
-116.05,-195.56,-2,-2,11.06,0
-116.53,-196.04,-2,-2,11.06,0
-117.51,-197.02,-2,-2,11.06,0
-118.33,-197.84,-2,-2,11.06,0
-119.43,-198.94,-2,-2,11.06,0
-120.04,-199.55,-2,-2,11.06,0
-120.95,-200.46,-2,-2,11.06,0
-121.92,-201.42,-2,-2,11.06,0
-122.52,-202.03,-2,-2,11.06,0
-123.45,-202.96,-2,-2,11.06,0
-124.41,-203.92,-2,-2,11.06,0
-125.11,-204.62,-2,-2,11.06,0
-125.85,-205.36,-2,-2,11.06,0
-126.57,-206.08,-2,-2,11.06,0
-127.16,-206.67,-2,-2,11.06,0
-128.2,-207.7,-2,-2,11.06,0
-128.8,-208.31,-2,-2,11.06,0
-129.68,-209.19,-2,-2,11.06,0
-130.38,-209.89,-2,-2,11.06,0
-131.24,-210.75,-2,-2,11.06,0
-132.04,-211.54,-2,-2,11.06,0
-132.88,-212.39,-2,-2,11.06,0
-133.6,-213.11,-2,-2,11.06,0
-134.33,-213.84,-2,-2,11.06,0
-135.42,-214.92,-2,-2,11.06,0
-136.14,-215.65,-2,-2,11.06,0
-137.11,-216.62,-2,-2,11.06,0
-137.83,-217.34,-2,-2,11.06,0
-138.41,-217.92,-2,-2,11.06,0
-139.1,-218.61,-2,-2,11.06,0
-139.94,-219.45,-2,-2,11.06,0
-140.66,-220.17,-2,-2,11.06,0
-141.33,-220.84,-2,-2,11.06,0
-142.05,-221.56,-2,-2,11.06,0
-143.22,-222.73,-2,-2,11.06,0
-144.06,-223.57,-2,-2,11.06,0
-144.91,-224.41,-2,-2,11.06,0
-145.47,-224.98,-2,-2,11.06,0
-146.33,-225.84,-2,-2,11.06,0
-147.3,-226.81,-2,-2,11.06,0
-148.05,-227.56,-2,-2,11.06,0
-148.78,-228.29,-2,-2,11.06,0
-149.9,-229.41,-2,-2,11.06,0
-150.63,-230.14,-2,-2,11.06,0
-151.54,-231.05,-2,-2,11.06,0
-152.27,-231.78,-2,-2,11.06,0
-153.06,-232.56,-2,-2,11.06,0
-153.68,-233.19,-2,-2,11.06,0
-154.79,-234.3,-2,-2,11.06,0
-155.7,-235.21,-2,-2,11.06,0
-156.3,-235.81,-2,-2,11.06,0
-157.14,-236.64,-2,-2,11.06,0
-157.92,-237.43,-2,-2,11.06,0
-158.73,-238.24,-2,-2,11.06,0
-159.67,-239.18,-2,-2,11.06,0
-160.47,-239.98,-2,-2,11.06,0
-161.34,-240.85,-2,-2,11.06,0
-161.9,-241.41,-2,-2,11.06,0
-162.4,-241.9,-2,-2,11.06,0
-163.48,-242.99,-2,-2,11.06,0
-164.24,-243.75,-2,-2,11.06,0
-164.91,-244.42,-2,-2,11.06,0
-165.59,-245.1,-2,-2,11.06,0
-166.54,-246.05,-2,-2,11.06,0
-167.67,-247.18,-2,-2,11.06,0
-168.4,-247.91,-2,-2,11.06,0
-169.32,-248.83,-2,-2,11.06,0
-169.98,-249.49,-2,-2,11.06,0
-170.72,-250.23,-2,-2,11.06,0
-171.52,-251.03,-2,-2,11.06,0
-172.31,-251.82,-2,-2,11.06,0
-172.91,-252.42,-2,-2,11.06,0
-173.98,-253.49,-2,-2,11.06,0
-174.61,-254.12,-2,-2,11.06,0
-175.45,-254.96,-2,-2,11.06,0
-176.27,-255.78,-2,-2,11.06,0
-176.91,-256.41,-2,-2,11.06,0
-177.49,-256.99,-2,-2,11.06,0
-178.31,-257.82,-2,-2,11.06,0
-179.01,-258.51,-2,-2,11.06,0
-179.65,-259.16,-2,-2,11.06,0
-180.53,-260.04,-2,-2,11.06,0
-181.55,-261.06,-2,-2,11.06,0
-182.32,-261.82,-2,-2,11.06,0
-183.3,-262.81,-2,-2,11.06,0
-183.79,-263.3,-2,-2,11.06,0
-184.71,-264.21,-2,-2,11.06,0
-185.44,-264.95,-2,-2,11.06,0
-186.25,-265.76,-2,-2,11.06,0
-187.05,-266.56,-2,-2,11.06,0
-187.88,-267.39,-2,-2,11.06,0
-188.52,-268.03,-2,-2,11.06,0
-189.36,-268.87,-2,-2,11.06,0
-189.97,-269.48,-2,-2,11.06,0
-190.73,-270.24,-2,-2,11.06,0
-191.5,-271.01,-2,-2,11.06,0
-192.35,-271.86,-2,-2,11.06,0
-192.97,-272.48,-2,-2,11.06,0
-193.74,-273.25,-2,-2,11.06,0
-194.45,-273.96,-2,-2,11.06,0
-195.31,-274.82,-2,-2,11.06,0
-196.28,-275.79,-2,-2,11.06,0
-197.33,-276.84,-2,-2,11.06,0
-198.2,-277.71,-2,-2,11.06,0
-199.0,-278.51,-2,-2,11.06,0
-200.29,-279.8,-2,-2,11.06,0
-201.02,-280.53,-2,-2,11.06,0
-201.91,-281.42,-2,-2,11.06,0
-202.57,-282.08,-2,-2,11.06,0
-203.31,-282.82,-2,-2,11.06,0
-204.36,-283.86,-2,-2,11.06,0
-205.18,-284.69,-2,-2,11.06,0
-205.92,-285.43,-2,-2,11.06,0
-206.67,-286.18,-2,-2,11.06,0
-207.63,-287.14,-2,-2,11.06,0
-208.37,-287.88,-2,-2,11.06,0
-209.09,-288.6,-2,-2,11.06,0
-209.82,-289.33,-2,-2,11.06,0
-210.55,-290.05,-2,-2,11.06,0
-211.52,-289.03,-2,2,11.06,0
-212.33,-288.22,-2,2,11.06,0
-213.17,-287.38,-2,2,11.06,0
-213.77,-286.78,-2,2,11.06,0
-214.44,-286.11,-2,2,11.06,0
-215.07,-285.48,-2,2,11.06,0
-216.21,-284.34,-2,2,11.06,0
-216.96,-283.58,-2,2,11.06,0
-218.31,-282.23,-2,2,11.06,0
-219.04,-281.51,-2,2,11.06,0
-220.0,-280.54,-2,2,11.06,0
-221.24,-279.3,-2,2,11.06,0
-221.99,-278.56,-2,2,11.06,0
-222.86,-277.69,-2,2,11.06,0
-223.71,-276.83,-2,2,11.06,0
-224.58,-275.96,-2,2,11.06,0
-225.28,-275.27,-2,2,11.06,0
-226.3,-274.25,-2,2,11.06,0
-227.19,-273.35,-2,2,11.06,0
-227.89,-272.66,-2,2,11.06,0
-228.79,-271.75,-2,2,11.06,0
-229.65,-270.89,-2,2,11.06,0
-230.71,-269.84,-2,2,11.06,0
-231.31,-269.24,-2,2,11.06,0
-232.39,-268.16,-2,2,11.06,0
-233.08,-267.46,-2,2,11.06,0
-233.86,-266.69,-2,2,11.06,0
-234.71,-265.84,-2,2,11.06,0
-235.54,-265.0,-2,2,11.06,0
-236.63,-263.92,-2,2,11.06,0
-237.59,-262.96,-2,2,11.06,0
-238.24,-262.3,-2,2,11.06,0
-239.25,-261.3,-2,2,11.06,0
-240.33,-260.22,-2,2,11.06,0
-241.01,-259.54,-2,2,11.06,0
-241.98,-258.57,-2,2,11.06,0
-242.91,-257.63,-2,2,11.06,0
-243.88,-256.67,-2,2,11.06,0
-244.53,-256.01,-2,2,11.06,0
-245.62,-254.93,-2,2,11.06,0
-246.39,-254.15,-2,2,11.06,0
-247.1,-253.45,-2,2,11.06,0
-248.23,-252.32,-2,2,11.06,0
-248.91,-251.63,-2,2,11.06,0
-249.52,-251.03,-2,2,11.06,0
-250.24,-250.3,-2,2,11.06,0
-251.02,-249.52,-2,2,11.06,0
-251.88,-248.67,-2,2,11.06,0
-252.79,-247.76,-2,2,11.06,0
-253.51,-247.04,-2,2,11.06,0
-254.5,-246.05,-2,2,11.06,0
-255.19,-245.36,-2,2,11.06,0
-255.94,-244.6,-2,2,11.06,0
-256.8,-243.74,-2,2,11.06,0
-257.52,-243.02,-2,2,11.06,0
-258.42,-242.12,-2,2,11.06,0
-259.51,-241.04,-2,2,11.06,0
-260.16,-240.39,-2,2,11.06,0
-261.28,-239.27,-2,2,11.06,0
-261.84,-238.71,-2,2,11.06,0
-262.73,-237.81,-2,2,11.06,0
-263.86,-236.68,-2,2,11.06,0
-264.46,-236.08,-2,2,11.06,0
-265.58,-234.97,-2,2,11.06,0
-266.23,-234.31,-2,2,11.06,0
-267.31,-233.23,-2,2,11.06,0
-267.92,-232.63,-2,2,11.06,0
-268.76,-231.78,-2,2,11.06,0
-269.86,-230.69,-2,2,11.06,0
-270.53,-230.02,-2,2,11.06,0
-271.54,-229.01,-2,2,11.06,0
-272.22,-228.33,-2,2,11.06,0
-273.09,-227.46,-2,2,11.06,0
-273.94,-226.6,-2,2,11.06,0
-274.83,-225.71,-2,2,11.06,0
-275.68,-224.87,-2,2,11.06,0
-276.52,-224.03,-2,2,11.06,0
-277.63,-222.91,-2,2,11.06,0
-278.5,-222.05,-2,2,11.06,0
-279.35,-221.19,-2,2,11.06,0
-280.41,-220.14,-2,2,11.06,0
-281.1,-219.45,-2,2,11.06,0
-282.19,-218.35,-2,2,11.06,0
-283.07,-217.47,-2,2,11.06,0
-284.39,-216.16,-2,2,11.06,0
-285.0,-215.55,-2,2,11.06,0
-286.12,-214.43,-2,2,11.06,0
-286.78,-213.77,-2,2,11.06,0
-287.62,-212.92,-2,2,11.06,0
-288.33,-212.22,-2,2,11.06,0
-289.38,-211.17,-2,2,11.06,0
-290.19,-210.36,-2,2,11.06,0
-290.98,-209.56,-2,2,11.06,0
-291.73,-208.81,-2,2,11.06,0
-292.47,-208.07,-2,2,11.06,0
-293.07,-207.47,-2,2,11.06,0
-294.42,-206.12,-2,2,11.06,0
-295.08,-205.46,-2,2,11.06,0
-296.26,-204.28,-2,2,11.06,0
-296.83,-203.72,-2,2,11.06,0
-297.54,-203.0,-2,2,11.06,0
-298.27,-202.28,-2,2,11.06,0
-299.02,-201.52,-2,2,11.06,0
-300.25,-200.3,-2,2,11.06,0
-301.0,-199.54,-2,2,11.06,0
-301.64,-198.91,-2,2,11.06,0
-302.41,-198.14,-2,2,11.06,0
-303.09,-197.46,-2,2,11.06,0
-304.02,-196.53,-2,2,11.06,0
-304.76,-195.78,-2,2,11.06,0
-305.51,-195.04,-2,2,11.06,0
-306.26,-194.28,-2,2,11.06,0
-307.06,-193.49,-2,2,11.06,0
-307.94,-192.6,-2,2,11.06,0
-308.73,-191.81,-2,2,11.06,0
-309.51,-191.03,-2,2,11.06,0
-310.16,-190.39,-2,2,11.06,0
-311.24,-189.3,-2,2,11.06,0
-312.18,-188.37,-2,2,11.06,0
-312.81,-187.74,-2,2,11.06,0
-313.49,-187.06,-2,2,11.06,0
-314.18,-186.37,-2,2,11.06,0
-315.33,-185.21,-2,2,11.06,0
-315.94,-184.61,-2,2,11.06,0
-316.88,-183.66,-2,2,11.06,0
-317.64,-182.91,-2,2,11.06,0
-318.46,-182.09,-2,2,11.06,0
-319.11,-181.44,-2,2,11.06,0
-320.33,-180.22,-2,2,11.06,0
-320.99,-179.56,-2,2,11.06,0
-321.65,-178.9,-2,2,11.06,0
-322.76,-177.78,-2,2,11.06,0
-323.55,-177.0,-2,2,11.06,0
-324.52,-176.03,-2,2,11.06,0
-325.25,-175.29,-2,2,11.06,0
-326.03,-174.51,-2,2,11.06,0
-326.8,-173.74,-2,2,11.06,0
-327.91,-172.64,-2,2,11.06,0
-328.63,-171.92,-2,2,11.06,0
-329.54,-171.0,-2,2,11.06,0
-330.29,-170.25,-2,2,11.06,0
-328.98,-169.24,2,2,11.06,0
-327.98,-168.24,2,2,11.06,0
-327.18,-167.43,2,2,11.06,0
-326.33,-166.59,2,2,11.06,0
-325.57,-165.83,2,2,11.06,0
-324.41,-164.66,2,2,11.06,0
-323.71,-163.97,2,2,11.06,0
-322.82,-163.08,2,2,11.06,0
-321.95,-162.21,2,2,11.06,0
-320.96,-161.22,2,2,11.06,0
-320.32,-160.57,2,2,11.06,0
-319.33,-159.59,2,2,11.06,0
-318.53,-158.78,2,2,11.06,0
-317.81,-158.06,2,2,11.06,0
-316.93,-157.19,2,2,11.06,0
-316.08,-156.34,2,2,11.06,0
-315.27,-155.52,2,2,11.06,0
-314.57,-154.83,2,2,11.06,0
-313.55,-153.8,2,2,11.06,0
-312.64,-152.89,2,2,11.06,0
-311.77,-152.02,2,2,11.06,0
-311.09,-151.34,2,2,11.06,0
-310.39,-150.64,2,2,11.06,0
-309.61,-149.87,2,2,11.06,0
-308.94,-149.2,2,2,11.06,0
-307.92,-148.17,2,2,11.06,0
-307.01,-147.27,2,2,11.06,0
-306.25,-146.51,2,2,11.06,0
-305.43,-145.68,2,2,11.06,0
-304.54,-144.8,2,2,11.06,0
-303.8,-144.05,2,2,11.06,0
-303.1,-143.36,2,2,11.06,0
-302.29,-142.55,2,2,11.06,0
-301.42,-141.67,2,2,11.06,0
-300.51,-140.76,2,2,11.06,0
-299.76,-140.02,2,2,11.06,0
-298.92,-139.18,2,2,11.06,0
-297.77,-138.03,2,2,11.06,0
-296.45,-136.7,2,2,11.06,0
-295.7,-135.96,2,2,11.06,0
-294.71,-134.97,2,2,11.06,0
-293.81,-134.07,2,2,11.06,0
-292.83,-133.09,2,2,11.06,0
-292.12,-132.38,2,2,11.06,0
-291.38,-131.63,2,2,11.06,0
-290.36,-130.61,2,2,11.06,0
-289.73,-129.98,2,2,11.06,0
-288.55,-128.8,2,2,11.06,0
-287.71,-127.97,2,2,11.06,0
-286.68,-126.93,2,2,11.06,0
-285.91,-126.17,2,2,11.06,0
-284.86,-125.11,2,2,11.06,0
-284.22,-124.48,2,2,11.06,0
-283.22,-123.48,2,2,11.06,0
-282.45,-122.7,2,2,11.06,0
-281.47,-121.73,2,2,11.06,0
-280.56,-120.81,2,2,11.06,0
-279.88,-120.13,2,2,11.06,0
-279.03,-119.29,2,2,11.06,0
-278.43,-118.68,2,2,11.06,0
-276.93,-117.19,2,2,11.06,0
-276.2,-116.45,2,2,11.06,0
-275.19,-115.44,2,2,11.06,0
-274.45,-114.7,2,2,11.06,0
-273.46,-113.71,2,2,11.06,0
-272.57,-112.82,2,2,11.06,0
-271.63,-111.89,2,2,11.06,0
-270.68,-110.94,2,2,11.06,0
-269.99,-110.24,2,2,11.06,0
-269.05,-109.3,2,2,11.06,0
-267.94,-108.19,2,2,11.06,0
-267.27,-107.53,2,2,11.06,0
-266.5,-106.76,2,2,11.06,0
-265.63,-105.88,2,2,11.06,0
-264.9,-105.15,2,2,11.06,0
-263.99,-104.24,2,2,11.06,0
-263.28,-103.53,2,2,11.06,0
-262.61,-102.86,2,2,11.06,0
-261.92,-102.17,2,2,11.06,0
-260.94,-101.19,2,2,11.06,0
-260.24,-100.49,2,2,11.06,0
-259.55,-99.8,2,2,11.06,0
-258.82,-99.08,2,2,11.06,0
-258.02,-98.28,2,2,11.06,0
-257.11,-97.36,2,2,11.06,0
-256.02,-96.28,2,2,11.06,0
-255.33,-95.59,2,2,11.06,0
-254.66,-94.91,2,2,11.06,0
-253.76,-94.01,2,2,11.06,0
-252.86,-93.12,2,2,11.06,0
-252.15,-92.41,2,2,11.06,0
-251.43,-91.68,2,2,11.06,0
-250.79,-91.05,2,2,11.06,0
-250.14,-90.39,2,2,11.06,0
-249.37,-89.63,2,2,11.06,0
-248.23,-88.49,2,2,11.06,0
-247.55,-87.81,2,2,11.06,0
-246.9,-87.16,2,2,11.06,0
-246.16,-86.41,2,2,11.06,0
-245.51,-85.76,2,2,11.06,0
-244.52,-84.77,2,2,11.06,0
-243.79,-84.04,2,2,11.06,0
-243.06,-83.31,2,2,11.06,0
-242.31,-82.57,2,2,11.06,0
-241.58,-81.84,2,2,11.06,0
-240.52,-80.78,2,2,11.06,0
-239.79,-80.05,2,2,11.06,0
-238.83,-79.08,2,2,11.06,0
-238.11,-78.36,2,2,11.06,0
-237.12,-77.37,2,2,11.06,0
-236.27,-76.53,2,2,11.06,0
-235.65,-75.9,2,2,11.06,0
-234.36,-74.61,2,2,11.06,0
-233.41,-73.67,2,2,11.06,0
-232.83,-73.08,2,2,11.06,0
-232.13,-72.39,2,2,11.06,0
-231.53,-71.79,2,2,11.06,0
-230.89,-71.14,2,2,11.06,0
-230.15,-70.4,2,2,11.06,0
-229.4,-69.65,2,2,11.06,0
-228.51,-68.76,2,2,11.06,0
-227.9,-68.15,2,2,11.06,0
-227.28,-67.54,2,2,11.06,0
-226.31,-66.57,2,2,11.06,0
-225.56,-65.82,2,2,11.06,0
-224.82,-65.07,2,2,11.06,0
-224.33,-64.59,2,2,11.06,0
-223.21,-63.47,2,2,11.06,0
-222.63,-62.88,2,2,11.06,0
-221.91,-62.17,2,2,11.06,0
-221.51,-61.77,2,2,11.06,0
-220.66,-60.92,2,2,11.06,0
-219.93,-60.18,2,2,11.06,0
-219.28,-59.54,2,2,11.06,0
-218.79,-59.05,2,2,11.06,0
-217.79,-58.04,2,2,11.06,0
-217.18,-57.44,2,2,11.06,0
-216.43,-56.69,2,2,11.06,0
-215.75,-56.0,2,2,11.06,0
-215.14,-55.39,2,2,11.06,0
-214.58,-54.83,2,2,11.06,0
-214.01,-54.27,2,2,11.06,0
-213.38,-53.63,2,2,11.06,0
-212.92,-53.17,2,2,11.06,0
-212.02,-52.28,2,2,11.06,0
-211.16,-51.41,2,2,11.06,0
-210.45,-50.71,2,2,11.06,0
-209.59,-49.84,2,2,11.06,0
-208.89,-49.15,2,2,11.06,0
-207.91,-48.17,2,2,11.06,0
-207.48,-47.74,2,2,11.06,0
-206.75,-47.0,2,2,11.06,0
-205.89,-46.15,2,2,11.06,0
-205.17,-45.42,2,2,11.06,0
-204.19,-44.45,2,2,11.06,0
-203.47,-43.72,2,2,11.06,0
-202.73,-42.99,2,2,11.06,0
-202.01,-42.26,2,2,11.06,0
-201.26,-41.52,2,2,11.06,0
-200.19,-40.45,2,2,11.06,0
-199.62,-39.87,2,2,11.06,0
-198.87,-39.13,2,2,11.06,0
-198.12,-38.38,2,2,11.06,0
-197.53,-37.78,2,2,11.06,0
-196.67,-36.92,2,2,11.06,0
-195.82,-36.07,2,2,11.06,0
-195.32,-35.58,2,2,11.06,0
-194.6,-34.85,2,2,11.06,0
-193.84,-34.09,2,2,11.06,0
-193.1,-33.36,2,2,11.06,0
-192.61,-32.86,2,2,11.06,0
-191.88,-32.14,2,2,11.06,0
-191.15,-31.4,2,2,11.06,0
-190.46,-30.72,2,2,11.06,0
-189.85,-30.1,2,2,11.06,0
-189.07,-29.32,2,2,11.06,0
-188.49,-28.75,2,2,11.06,0
-187.9,-28.16,2,2,11.06,0
-187.17,-27.42,2,2,11.06,0
-186.64,-26.9,2,2,11.06,0
-185.87,-26.13,2,2,11.06,0
-185.18,-25.43,2,2,11.06,0
-184.45,-24.7,2,2,11.06,0
-184.09,-24.34,2,2,11.06,0
-183.37,-23.62,2,2,11.06,0
-182.64,-22.9,2,2,11.06,0
-181.95,-22.21,2,2,11.06,0
-181.47,-21.72,2,2,11.06,0
-180.73,-20.99,2,2,11.06,0
-180.37,-20.62,2,2,11.06,0
-179.54,-19.8,2,2,11.06,0
-178.79,-19.04,2,2,11.06,0
-178.13,-18.39,2,2,11.06,0
-177.54,-17.8,2,2,11.06,0
-176.55,-16.8,2,2,11.06,0
-175.94,-16.19,2,2,11.06,0
-175.14,-15.39,2,2,11.06,0
-174.45,-14.7,2,2,11.06,0
-173.7,-13.96,2,2,11.06,0
-173.14,-13.39,2,2,11.06,0
-172.29,-12.54,2,2,11.06,0
-171.44,-11.7,2,2,11.06,0
-170.77,-11.03,2,2,11.06,0
-170.07,-10.32,2,2,11.06,0
-169.41,-9.66,2,2,11.06,0
-168.79,-9.04,2,2,11.06,0
-167.68,-7.94,2,2,11.06,0
-167.09,-7.34,2,2,11.06,0
-166.3,-6.55,2,2,11.06,0
-165.59,-5.84,2,2,11.06,0
-164.84,-5.09,2,2,11.06,0
-164.08,-4.34,2,2,11.06,0
-163.52,-3.77,2,2,11.06,0
-162.89,-3.14,2,2,11.06,0
-162.29,-2.55,2,2,11.06,0
-161.64,-1.9,2,2,11.06,0
-160.79,-1.04,2,2,11.06,0
-160.08,-0.33,2,2,11.06,0
-159.4,0.35,2,2,11.06,0
-158.34,1.41,2,2,11.06,0
-157.64,2.11,2,2,11.06,0
-156.91,2.84,2,2,11.06,0
-156.28,3.46,2,2,11.06,0
-155.83,3.91,2,2,11.06,0
-155.12,4.63,2,2,11.06,0
-154.19,5.55,2,2,11.06,0
-153.55,6.2,2,2,11.06,0
-152.96,6.78,2,2,11.06,0
-152.28,7.47,2,2,11.06,0
-151.66,8.09,2,2,11.06,0
-151.22,8.53,2,2,11.06,0
-150.29,9.45,2,2,11.06,0
-149.98,9.77,2,2,11.06,0
-149.03,10.72,2,2,11.06,0
-148.41,11.34,2,2,11.06,0
-147.81,11.94,2,2,11.06,0
-147.04,12.71,2,2,11.06,0
-146.54,13.21,2,2,11.06,0
-145.8,13.95,2,2,11.06,0
-145.15,14.59,2,2,11.06,0
-144.47,15.28,2,2,11.06,0
-143.99,15.76,2,2,11.06,0
-143.23,16.51,2,2,11.06,0
-142.67,17.08,2,2,11.06,0
-142.03,17.71,2,2,11.06,0
-141.71,18.04,2,2,11.06,0
-140.79,18.96,2,2,11.06,0
-140.0,19.74,2,2,11.06,0
-139.36,20.39,2,2,11.06,0
-138.6,21.14,2,2,11.06,0
-138.18,21.56,2,2,11.06,0
-137.44,22.3,2,2,11.06,0
-136.42,23.33,2,2,11.06,0
-135.79,23.95,2,2,11.06,0
-135.11,24.63,2,2,11.06,0
-134.7,25.05,2,2,11.06,0
-133.97,25.77,2,2,11.06,0
-133.31,26.44,2,2,11.06,0
-132.65,27.1,2,2,11.06,0
-132.2,27.54,2,2,11.06,0
-131.52,28.23,2,2,11.06,0
-130.82,28.93,2,2,11.06,0
-130.38,29.36,2,2,11.06,0
-129.52,30.22,2,2,11.06,0
-129.08,30.67,2,2,11.06,0
-128.3,31.45,2,2,11.06,0
-127.6,32.15,2,2,11.06,0
-126.96,32.78,2,2,11.06,0
-126.34,33.41,2,2,11.06,0
-125.77,33.97,2,2,11.06,0
-125.02,34.72,2,2,11.06,0
-124.15,35.6,2,2,11.06,0
-123.38,36.37,2,2,11.06,0
-122.44,37.31,2,2,11.06,0
-122.0,37.75,2,2,11.06,0
-121.11,38.64,2,2,11.06,0
-120.36,39.38,2,2,11.06,0
-119.64,40.11,2,2,11.06,0
-119.0,40.74,2,2,11.06,0
-118.25,41.49,2,2,11.06,0
-117.63,42.12,2,2,11.06,0
-117.02,42.72,2,2,11.06,0
-116.1,43.65,2,2,11.06,0
-115.48,44.27,2,2,11.06,0
-114.85,44.9,2,2,11.06,0
-114.25,45.5,2,2,11.06,0
-113.68,46.07,2,2,11.06,0
-112.84,46.91,2,2,11.06,0
-112.19,47.56,2,2,11.06,0
-111.5,48.25,2,2,11.06,0
-110.78,48.97,2,2,11.06,0
-109.91,49.83,2,2,11.06,0
-109.34,50.41,2,2,11.06,0
-108.52,51.23,2,2,11.06,0
-107.68,52.07,2,2,11.06,0
-106.97,52.77,2,2,11.06,0
-106.23,53.52,2,2,11.06,0
-105.62,54.13,2,2,11.06,0
-104.65,55.1,2,2,11.06,0
-104.31,55.43,2,2,11.06,0
-103.25,56.49,2,2,11.06,0
-102.6,57.15,2,2,11.06,0
-101.87,57.87,2,2,11.06,0
-101.13,58.62,2,2,11.06,0
-100.28,59.46,2,2,11.06,0
-99.66,60.08,2,2,11.06,0
-99.21,60.54,2,2,11.06,0
-98.59,61.16,2,2,11.06,0
-97.69,62.06,2,2,11.06,0
-96.98,62.77,2,2,11.06,0
-96.34,63.41,2,2,11.06,0
-95.72,64.02,2,2,11.06,0
-95.0,64.75,2,2,11.06,0
-94.43,65.31,2,2,11.06,0
-93.8,65.95,2,2,11.06,0
-92.83,66.92,2,2,11.06,0
-92.22,67.52,2,2,11.06,0
-91.53,68.22,2,2,11.06,0
-91.17,68.58,2,2,11.06,0
-90.19,69.56,2,2,11.06,0
-89.52,70.23,2,2,11.06,0
-88.79,70.95,2,2,11.06,0
-88.05,71.7,2,2,11.06,0
-87.45,72.3,2,2,11.06,0
-86.38,73.36,2,2,11.06,0
-85.78,73.97,2,2,11.06,0
-85.1,74.64,2,2,11.06,0
-84.01,75.74,2,2,11.06,0
-83.22,76.52,2,2,11.06,0
-82.66,77.09,2,2,11.06,0
-82.09,77.65,2,2,11.06,0
-81.49,78.26,2,2,11.06,0
-80.27,79.47,2,2,11.06,0
-79.71,80.03,2,2,11.06,0
-78.73,81.01,2,2,11.06,0
-78.24,81.51,2,2,11.06,0
-77.46,82.28,2,2,11.06,0
-76.39,83.35,2,2,11.06,0
-75.78,83.96,2,2,11.06,0
-75.05,84.7,2,2,11.06,0
-74.44,85.3,2,2,11.06,0
-73.9,85.85,2,2,11.06,0
-72.93,86.81,2,2,11.06,0
-72.33,87.41,2,2,11.06,0
-71.72,88.03,2,2,11.06,0
-71.38,88.37,2,2,11.06,0
-70.38,89.36,2,2,11.06,0
-69.59,90.15,2,2,11.06,0
-68.77,90.97,2,2,11.06,0
-68.16,91.59,2,2,11.06,0
-67.57,92.17,2,2,11.06,0
-66.96,92.79,2,2,11.06,0
-66.29,93.45,2,2,11.06,0
-65.62,94.12,2,2,11.06,0
-64.82,94.92,2,2,11.06,0
-64.48,95.27,2,2,11.06,0
-63.62,96.13,2,2,11.06,0
-62.68,97.06,2,2,11.06,0
-62.04,97.7,2,2,11.06,0
-61.1,98.64,2,2,11.06,0
-60.54,99.21,2,2,11.06,0
-59.84,99.9,2,2,11.06,0
-59.19,100.56,2,2,11.06,0
-58.63,101.11,2,2,11.06,0
-57.93,101.81,2,2,11.06,0
-57.32,102.42,2,2,11.06,0
-56.61,103.14,2,2,11.06,0
-56.15,103.6,2,2,11.06,0
-55.42,104.32,2,2,11.06,0
-54.82,104.93,2,2,11.06,0
-54.16,105.59,2,2,11.06,0
-53.43,106.31,2,2,11.06,0
-52.85,106.9,2,2,11.06,0
-52.21,107.54,2,2,11.06,0
-51.49,108.26,2,2,11.06,0
-50.9,108.84,2,2,11.06,0
-50.42,109.33,2,2,11.06,0
-49.69,110.05,2,2,11.06,0
-48.9,110.84,2,2,11.06,0
-48.12,111.63,2,2,11.06,0
-47.39,112.36,2,2,11.06,0
-46.64,113.1,2,2,11.06,0
-45.92,113.83,2,2,11.06,0
-45.08,114.66,2,2,11.06,0
-44.36,115.39,2,2,11.06,0
-43.6,116.14,2,2,11.06,0
-42.88,116.87,2,2,11.06,0
-42.22,117.53,2,2,11.06,0
-41.57,118.18,2,2,11.06,0
-40.81,118.93,2,2,11.06,0
-40.5,119.25,2,2,11.06,0
-39.79,119.95,2,2,11.06,0
-39.37,120.38,2,2,11.06,0
-38.72,121.02,2,2,11.06,0
-37.93,121.82,2,2,11.06,0
-37.27,122.48,2,2,11.06,0
-36.79,122.95,2,2,11.06,0
-36.07,123.68,2,2,11.06,0
-35.58,124.17,2,2,11.06,0
-34.86,124.89,2,2,11.06,0
-34.37,125.38,2,2,11.06,0
-33.58,126.16,2,2,11.06,0
-32.86,126.88,2,2,11.06,0
-32.3,127.44,2,2,11.06,0
-31.58,128.17,2,2,11.06,0
-30.85,128.89,2,2,11.06,0
-30.36,129.38,2,2,11.06,0
-29.56,130.18,2,2,11.06,0
-28.99,130.76,2,2,11.06,0
-28.19,131.55,2,2,11.06,0
-27.69,132.05,2,2,11.06,0
-26.95,132.79,2,2,11.06,0
-26.43,133.32,2,2,11.06,0
-25.91,133.83,2,2,11.06,0
-25.19,134.55,2,2,11.06,0
-24.32,135.42,2,2,11.06,0
-23.72,136.03,2,2,11.06,0
-22.75,137.0,2,2,11.06,0
-22.02,137.72,2,2,11.06,0
-21.33,138.42,2,2,11.06,0
-20.56,139.19,2,2,11.06,0
-19.84,139.91,2,2,11.06,0
-18.91,140.83,2,2,11.06,0
-18.56,141.18,2,2,11.06,0
-17.73,142.02,2,2,11.06,0
-16.72,143.02,2,2,11.06,0
-16.24,143.51,2,2,11.06,0
-15.51,144.23,2,2,11.06,0
-14.77,144.98,2,2,11.06,0
-14.25,145.5,2,2,11.06,0
-13.53,146.22,2,2,11.06,0
-12.75,146.99,2,2,11.06,0
-11.96,147.79,2,2,11.06,0
-11.23,148.51,2,2,11.06,0
-10.35,149.4,2,2,11.06,0
-9.56,150.18,2,2,11.06,0
-8.96,150.78,2,2,11.06,0
-7.99,151.75,2,2,11.06,0
-7.24,152.5,2,2,11.06,0
-6.65,153.09,2,2,11.06,0
-5.84,153.9,2,2,11.06,0
-5.25,154.5,2,2,11.06,0
-4.46,155.29,2,2,11.06,0
-3.97,155.78,2,2,11.06,0
-3.2,156.55,2,2,11.06,0
-2.33,157.41,2,2,11.06,0
-1.74,158.01,2,2,11.06,0
-0.99,158.75,2,2,11.06,0
-0.01,159.73,2,2,11.06,0
0.4,160.15,2,2,11.06,0
1.33,161.07,2,2,11.06,0
1.92,161.66,2,2,11.06,0
2.61,162.36,2,2,11.06,0
3.39,163.14,2,2,11.06,0
4.05,163.8,2,2,11.06,0
4.64,164.39,2,2,11.06,0
5.38,165.12,2,2,11.06,0
6.06,165.81,2,2,11.06,0
6.75,166.5,2,2,11.06,0
7.5,167.25,2,2,11.06,0
8.31,168.05,2,2,11.06,0
8.96,168.7,2,2,11.06,0
9.67,169.41,2,2,11.06,0
10.34,170.09,2,2,11.06,0
11.26,171.0,2,2,11.06,0
11.96,171.71,2,2,11.06,0
12.59,172.34,2,2,11.06,0
13.42,173.17,2,2,11.06,0
14.05,173.79,2,2,11.06,0
14.88,174.63,2,2,11.06,0
15.77,175.52,2,2,11.06,0
16.42,176.17,2,2,11.06,0
17.43,177.17,2,2,11.06,0
18.19,177.94,2,2,11.06,0
19.18,178.93,2,2,11.06,0
19.92,179.66,2,2,11.06,0
20.75,180.5,2,2,11.06,0
21.56,181.3,2,2,11.06,0
22.47,182.21,2,2,11.06,0
23.04,182.78,2,2,11.06,0
23.74,183.48,2,2,11.06,0
24.19,183.93,2,2,11.06,0
25.19,184.94,2,2,11.06,0
25.94,185.69,2,2,11.06,0
26.71,186.46,2,2,11.06,0
27.73,187.48,2,2,11.06,0
28.34,188.09,2,2,11.06,0
29.16,188.91,2,2,11.06,0
29.5,189.24,2,2,11.06,0
30.62,190.36,2,2,11.06,0
31.24,190.98,2,2,11.06,0
32.02,191.77,2,2,11.06,0
32.63,192.38,2,2,11.06,0
33.25,193.0,2,2,11.06,0
33.98,193.73,2,2,11.06,0
34.55,194.29,2,2,11.06,0
35.16,194.9,2,2,11.06,0
35.98,195.73,2,2,11.06,0
36.31,196.05,2,2,11.06,0
37.03,196.77,2,2,11.06,0
37.76,197.5,2,2,11.06,0
38.56,198.31,2,2,11.06,0
39.35,199.1,2,2,11.06,0
39.94,199.69,2,2,11.06,0
40.56,200.3,2,2,11.06,0
41.26,201.0,2,2,11.06,0
41.89,201.64,2,2,11.06,0
42.5,202.24,2,2,11.06,0
43.2,202.95,2,2,11.06,0
44.02,203.76,2,2,11.06,0
44.65,204.39,2,2,11.06,0
45.22,204.97,2,2,11.06,0
45.97,205.71,2,2,11.06,0
46.29,206.03,2,2,11.06,0
47.16,206.91,2,2,11.06,0
48.03,207.77,2,2,11.06,0
48.61,208.35,2,2,11.06,0
49.21,208.95,2,2,11.06,0
49.8,209.55,2,2,11.06,0
50.41,210.15,2,2,11.06,0
51.03,210.77,2,2,11.06,0
51.98,211.72,2,2,11.06,0
52.54,212.28,2,2,11.06,0
52.93,212.67,2,2,11.06,0
53.73,213.48,2,2,11.06,0
54.41,214.16,2,2,11.06,0
54.97,214.71,2,2,11.06,0
55.68,215.43,2,2,11.06,0
56.26,216.0,2,2,11.06,0
56.86,216.61,2,2,11.06,0
57.46,217.21,2,2,11.06,0
58.06,217.81,2,2,11.06,0
58.72,218.46,2,2,11.06,0
59.47,219.21,2,2,11.06,0
59.99,219.74,2,2,11.06,0
60.44,220.18,2,2,11.06,0
61.13,220.87,2,2,11.06,0
61.87,221.61,2,2,11.06,0
62.5,222.24,2,2,11.06,0
63.1,222.85,2,2,11.06,0
63.83,223.57,2,2,11.06,0
64.41,224.15,2,2,11.06,0
65.01,224.75,2,2,11.06,0
65.5,225.25,2,2,11.06,0
66.2,225.94,2,2,11.06,0
66.9,226.64,2,2,11.06,0
67.62,227.37,2,2,11.06,0
68.05,227.8,2,2,11.06,0
68.85,228.59,2,2,11.06,0
69.21,228.96,2,2,11.06,0
69.94,229.68,2,2,11.06,0
70.59,230.33,2,2,11.06,0
71.22,230.97,2,2,11.06,0
71.81,231.55,2,2,11.06,0
72.12,231.87,2,2,11.06,0
72.73,232.47,2,2,11.06,0
73.64,233.39,2,2,11.06,0
74.0,233.74,2,2,11.06,0
74.91,234.66,2,2,11.06,0
75.39,235.14,2,2,11.06,0
76.04,235.78,2,2,11.06,0
76.44,236.19,2,2,11.06,0
77.21,236.96,2,2,11.06,0
77.94,237.68,2,2,11.06,0
78.42,238.16,2,2,11.06,0
79.31,239.06,2,2,11.06,0
79.88,239.63,2,2,11.06,0
80.24,239.99,2,2,11.06,0
81.11,240.85,2,2,11.06,0
81.5,241.24,2,2,11.06,0
82.3,242.05,2,2,11.06,0
82.95,242.69,2,2,11.06,0
83.57,243.32,2,2,11.06,0
84.18,243.93,2,2,11.06,0
84.64,244.39,2,2,11.06,0
85.51,245.26,2,2,11.06,0
86.19,245.94,2,2,11.06,0
86.86,246.6,2,2,11.06,0
87.53,247.27,2,2,11.06,0
88.29,248.04,2,2,11.06,0
88.94,248.69,2,2,11.06,0
89.35,249.1,2,2,11.06,0
90.22,249.96,2,2,11.06,0
90.58,250.32,2,2,11.06,0
91.35,251.09,2,2,11.06,0
91.92,251.66,2,2,11.06,0
92.55,252.29,2,2,11.06,0
93.16,252.91,2,2,11.06,0
94.05,253.8,2,2,11.06,0
94.68,254.43,2,2,11.06,0
95.44,255.19,2,2,11.06,0
95.8,255.55,2,2,11.06,0
96.75,256.5,2,2,11.06,0
97.38,257.12,2,2,11.06,0
98.01,257.76,2,2,11.06,0
98.38,258.12,2,2,11.06,0
99.01,258.76,2,2,11.06,0
99.74,259.48,2,2,11.06,0
100.46,260.2,2,2,11.06,0
100.83,260.58,2,2,11.06,0
101.63,261.38,2,2,11.06,0
102.23,261.98,2,2,11.06,0
102.95,262.7,2,2,11.06,0
103.46,263.21,2,2,11.06,0
104.37,264.12,2,2,11.06,0
104.94,264.68,2,2,11.06,0
105.3,265.04,2,2,11.06,0
106.07,265.82,2,2,11.06,0
106.47,266.21,2,2,11.06,0
107.11,266.85,2,2,11.06,0
107.83,267.58,2,2,11.06,0
108.53,268.27,2,2,11.06,0
109.18,268.92,2,2,11.06,0
109.57,269.31,2,2,11.06,0
110.44,270.19,2,2,11.06,0
111.0,270.74,2,2,11.06,0
111.36,271.11,2,2,11.06,0
111.98,271.73,2,2,11.06,0
113.02,272.77,2,2,11.06,0
113.6,273.35,2,2,11.06,0
114.17,273.92,2,2,11.06,0
114.56,274.31,2,2,11.06,0
115.46,275.21,2,2,11.06,0
116.3,276.05,2,2,12.81,1
116.79,276.53,2,2,13.83,1
117.39,277.14,2,2,15.08,1
118.35,278.1,2,2,17.08,1
118.97,278.71,2,2,18.36,1
119.44,279.19,2,2,19.35,1
120.05,279.8,2,2,20.63,1
120.96,280.71,2,2,22.52,1
121.62,281.36,2,2,23.88,1
122.04,281.78,2,2,24.76,1
123.03,282.78,2,2,26.84,1
123.52,283.27,2,2,27.85,1
124.29,284.04,2,2,29.46,1
124.96,284.71,2,2,30.86,1
125.29,285.03,2,2,31.53,1
125.94,285.68,2,2,32.88,1
126.84,286.58,2,2,34.77,1
127.44,287.19,2,2,36.02,1
128.04,287.79,2,2,37.28,1
128.65,288.39,2,2,38.53,1
129.33,289.08,2,2,39.96,1
129.98,289.73,2,2,41.31,1
130.66,290.41,2,2,42.73,1
131.15,289.51,2,-2,43.75,1
132.05,288.61,2,-2,45.63,1
132.53,288.13,2,-2,46.63,1
133.27,287.39,2,-2,48.17,1
133.76,286.9,2,-2,49.18,1
134.48,286.18,2,-2,50.69,1
135.33,285.33,2,-2,52.46,1
135.93,284.73,2,-2,53.71,1
136.66,284.0,2,-2,55.23,1
137.51,283.15,2,-2,56.99,1
138.17,282.5,2,-2,58.36,1
138.9,281.77,2,-2,59.88,1
139.73,280.93,2,-2,61.62,1
140.39,280.27,2,-2,63.01,1
141.12,279.54,2,-2,64.53,1
141.73,278.93,2,-2,65.79,1
142.38,278.28,2,-2,67.14,1
143.35,277.32,2,-2,69.16,1
144.07,276.59,2,-2,70.67,1
144.75,275.91,2,-2,72.08,1
145.41,275.25,2,-2,73.46,1
146.11,274.55,2,-2,74.92,1
146.84,273.83,2,-2,76.42,1
147.9,272.76,2,-2,78.64,1
148.57,272.09,2,-2,80.04,1
149.18,271.49,2,-2,81.3,1
149.84,270.82,2,-2,82.69,1
150.32,270.34,2,-2,83.68,1
151.23,269.43,2,-2,85.58,1
151.89,268.77,2,-2,86.96,1
152.25,268.41,2,-2,87.71,1
153.02,267.64,2,-2,89.31,1
153.65,267.02,2,-2,90.61,1
154.25,266.42,2,-2,91.86,1
154.9,265.76,2,-2,93.22,1
155.84,264.83,2,-2,95.17,1
156.42,264.24,2,-2,96.39,1
157.09,263.58,2,-2,97.78,1
157.76,262.9,2,-2,99.19,1
158.45,262.22,2,-2,100.61,1
159.16,261.5,2,-2,102.11,1
159.89,260.77,2,-2,103.63,1
160.55,260.11,2,-2,105.0,1
161.21,259.45,2,-2,106.38,1
161.75,258.91,2,-2,107.5,1
162.23,258.43,2,-2,108.5,1
163.0,257.66,2,-2,110.11,1
163.91,256.75,2,-2,112.0,1
164.27,256.39,2,-2,112.75,1
165.01,255.65,2,-2,114.29,1
165.64,255.02,2,-2,115.6,1
166.04,254.63,2,-2,116.43,1
166.83,253.83,2,-2,118.08,1
167.19,253.47,2,-2,118.84,1
167.8,252.86,2,-2,120.1,1
168.42,252.24,2,-2,121.4,1
169.29,251.37,2,-2,123.21,1
169.71,250.95,2,-2,124.09,1
170.21,250.45,2,-2,125.12,1
171.13,249.53,2,-2,127.03,1
171.49,249.17,2,-2,127.79,1
172.23,248.43,2,-2,129.33,1
173.06,247.6,2,-2,131.06,1
173.57,247.09,2,-2,132.12,1
173.89,246.77,2,-2,132.79,1
174.44,246.22,2,-2,133.94,1
175.37,245.3,2,-2,135.86,1
175.85,244.81,2,-2,136.87,1
176.57,244.09,2,-2,138.38,1
177.06,243.6,2,-2,139.39,1
177.66,243.0,2,-2,140.65,1
178.35,242.31,2,-2,142.09,1
179.2,241.46,2,-2,142.09,0
179.64,241.02,2,-2,142.09,0
180.48,240.19,2,-2,142.09,0
181.04,239.63,2,-2,142.09,0
181.68,238.99,2,-2,142.09,0
182.0,238.66,2,-2,142.09,0
182.82,237.84,2,-2,142.09,0
183.42,237.24,2,-2,142.09,0
183.99,236.67,2,-2,142.09,0
184.48,236.18,2,-2,142.09,0
185.02,235.64,2,-2,142.09,0
185.79,234.87,2,-2,142.09,0
186.33,234.33,2,-2,142.09,0
187.17,233.5,2,-2,142.09,0
187.92,232.75,2,-2,142.09,0
188.64,232.02,2,-2,142.09,0
189.48,231.18,2,-2,142.09,0
190.16,230.5,2,-2,142.09,0
190.83,229.83,2,-2,142.09,0
191.31,229.35,2,-2,142.09,0
192.28,228.39,2,-2,142.09,0
192.9,227.77,2,-2,142.09,0
193.28,227.38,2,-2,142.09,0
194.15,226.52,2,-2,142.09,0
195.08,225.58,2,-2,142.09,0
196.28,224.38,2,-2,142.09,0
196.88,223.79,2,-2,142.09,0
197.48,223.19,2,-2,142.09,0
198.14,222.53,2,-2,142.09,0
198.89,221.77,2,-2,142.09,0
199.44,221.22,2,-2,142.09,0
200.17,220.49,2,-2,142.09,0
200.91,219.75,2,-2,142.09,0
201.4,219.26,2,-2,142.09,0
202.14,218.52,2,-2,142.09,0
202.92,217.75,2,-2,142.09,0
203.42,217.24,2,-2,142.09,0
204.14,216.52,2,-2,142.09,0
204.64,216.02,2,-2,142.09,0
205.36,215.3,2,-2,142.09,0
205.76,214.9,2,-2,142.09,0
206.63,214.03,2,-2,142.09,0
207.36,213.31,2,-2,142.09,0
208.17,212.49,2,-2,142.09,0
208.86,211.8,2,-2,142.09,0
209.47,211.19,2,-2,142.09,0
209.83,210.83,2,-2,142.09,0
210.69,209.97,2,-2,142.09,0
211.56,209.1,2,-2,142.09,0
212.24,208.42,2,-2,142.09,0
212.81,207.85,2,-2,142.09,0
213.42,207.24,2,-2,142.09,0
213.74,206.92,2,-2,142.09,0
214.61,206.05,2,-2,142.09,0
215.27,205.39,2,-2,142.09,0
215.86,204.8,2,-2,142.09,0
216.37,204.29,2,-2,142.09,0
217.25,203.41,2,-2,142.09,0
217.9,202.76,2,-2,142.09,0
218.21,202.46,2,-2,142.09,0
219.38,201.28,2,-2,142.09,0
219.95,200.71,2,-2,142.09,0
220.62,200.04,2,-2,142.09,0
221.34,199.32,2,-2,142.09,0
221.94,198.72,2,-2,142.09,0
222.85,197.81,2,-2,142.09,0
223.21,197.45,2,-2,142.09,0
224.14,196.52,2,-2,142.09,0
224.5,196.16,2,-2,142.09,0
225.22,195.44,2,-2,142.09,0
225.94,194.72,2,-2,142.09,0
226.65,194.01,2,-2,142.09,0
227.53,193.13,2,-2,142.09,0
227.86,192.81,2,-2,142.09,0
228.65,192.02,2,-2,142.09,0
229.37,191.29,2,-2,142.09,0
230.06,190.6,2,-2,142.09,0
230.76,189.9,2,-2,142.09,0
231.51,189.15,2,-2,142.09,0
232.24,188.42,2,-2,142.09,0
232.84,187.82,2,-2,142.09,0
233.29,187.37,2,-2,142.09,0
234.17,186.5,2,-2,142.09,0
234.77,185.89,2,-2,142.09,0
235.51,185.15,2,-2,142.09,0
236.1,184.57,2,-2,142.09,0
236.7,183.96,2,-2,142.09,0
237.18,183.48,2,-2,142.09,0
237.92,182.74,2,-2,142.09,0
238.66,182.01,2,-2,142.09,0
238.98,181.68,2,-2,142.09,0
239.56,181.11,2,-2,142.09,0
240.17,180.5,2,-2,142.09,0
240.87,179.8,2,-2,142.09,0
241.52,179.14,2,-2,142.09,0
242.0,178.66,2,-2,142.09,0
242.92,177.74,2,-2,142.09,0
243.74,176.92,2,-2,142.09,0
244.31,176.35,2,-2,142.09,0
244.95,175.71,2,-2,142.09,0
245.7,174.97,2,-2,142.09,0
246.13,174.54,2,-2,142.09,0
246.85,173.81,2,-2,142.09,0
247.62,173.05,2,-2,142.09,0
248.59,172.07,2,-2,142.09,0
249.32,171.35,2,-2,142.09,0
250.04,170.62,2,-2,142.09,0
250.61,170.06,2,-2,142.09,0
251.24,169.42,2,-2,142.09,0
251.86,168.8,2,-2,142.09,0
252.61,168.05,2,-2,142.09,0
253.21,167.45,2,-2,142.09,0
253.85,166.82,2,-2,142.09,0
254.58,166.09,2,-2,142.09,0
254.99,165.67,2,-2,142.09,0
255.6,165.07,2,-2,142.09,0
256.59,164.07,2,-2,142.09,0
257.2,163.47,2,-2,142.09,0
257.93,162.73,2,-2,142.09,0
258.35,162.31,2,-2,142.09,0
258.96,161.7,2,-2,142.09,0
259.71,160.95,2,-2,142.09,0
260.25,160.41,2,-2,142.09,0
260.82,159.84,2,-2,142.09,0
261.33,159.33,2,-2,142.09,0
262.01,158.65,2,-2,142.09,0
262.87,157.79,2,-2,142.09,0
263.2,157.47,2,-2,142.09,0
263.95,156.71,2,-2,142.09,0
264.39,156.27,2,-2,142.09,0
264.88,155.78,2,-2,142.09,0
265.55,155.11,2,-2,142.09,0
266.15,154.51,2,-2,142.09,0
266.87,153.79,2,-2,142.09,0
267.78,152.88,2,-2,142.09,0
268.4,152.26,2,-2,142.09,0
269.01,151.66,2,-2,142.09,0
269.61,151.05,2,-2,142.09,0
270.16,150.5,2,-2,142.09,0
270.91,149.75,2,-2,142.09,0
271.46,149.2,2,-2,142.09,0
272.07,148.59,2,-2,142.09,0
272.61,148.05,2,-2,142.09,0
273.36,147.3,2,-2,142.09,0
273.88,146.78,2,-2,142.09,0
274.45,146.21,2,-2,142.09,0
275.29,145.37,2,-2,142.09,0
275.7,144.96,2,-2,142.09,0
276.52,144.15,2,-2,142.09,0
276.88,143.79,2,-2,142.09,0
277.49,143.17,2,-2,142.09,0
278.37,142.3,2,-2,142.09,0
279.0,141.66,2,-2,142.09,0
279.73,140.93,2,-2,142.09,0
280.36,140.3,2,-2,142.09,0
281.12,139.54,2,-2,142.09,0
281.54,139.12,2,-2,142.09,0
282.15,138.52,2,-2,142.09,0
282.95,137.72,2,-2,142.09,0
283.58,137.08,2,-2,142.09,0
284.0,136.66,2,-2,142.09,0
284.73,135.93,2,-2,142.09,0
285.21,135.45,2,-2,142.09,0
285.78,134.88,2,-2,142.09,0
286.56,134.1,2,-2,142.09,0
287.17,133.5,2,-2,142.09,0
287.5,133.17,2,-2,142.09,0
288.35,132.31,2,-2,142.09,0
289.0,131.66,2,-2,142.09,0
289.61,131.05,2,-2,142.09,0
290.33,130.34,2,-2,142.09,0
290.99,129.67,2,-2,142.09,0
291.71,128.95,2,-2,142.09,0
292.37,128.29,2,-2,142.09,0
293.08,127.58,2,-2,142.09,0
293.65,127.01,2,-2,142.09,0
294.39,126.27,2,-2,142.09,0
295.0,125.66,2,-2,142.09,0
295.7,124.96,2,-2,142.09,0
296.26,124.4,2,-2,140.91,2
297.32,123.34,2,-2,138.7,2
298.14,122.52,2,-2,137.0,2
298.81,121.85,2,-2,135.6,2
299.42,121.24,2,-2,134.32,2
300.08,120.58,2,-2,132.95,2
300.7,119.97,2,-2,131.67,2
301.12,119.54,2,-2,130.79,2
302.02,118.64,2,-2,128.91,2
302.38,118.28,2,-2,128.16,2
303.34,117.32,2,-2,126.16,2
303.83,116.83,2,-2,125.15,2
304.43,116.23,2,-2,123.89,2
305.28,115.38,2,-2,122.13,2
305.95,114.71,2,-2,120.72,2
306.3,114.36,2,-2,119.99,2
307.27,113.39,2,-2,117.98,2
307.89,112.77,2,-2,116.68,2
308.53,112.14,2,-2,115.36,2
309.15,111.51,2,-2,114.06,2
309.93,110.74,2,-2,112.44,2
310.52,110.14,2,-2,111.2,2
311.19,109.47,2,-2,109.81,2
311.68,108.98,2,-2,108.78,2
312.7,107.96,2,-2,106.66,2
313.32,107.34,2,-2,105.37,2
314.31,106.35,2,-2,103.32,2
314.97,105.69,2,-2,101.93,2
316.01,104.65,2,-2,99.77,2
316.65,104.01,2,-2,98.43,2
317.3,103.36,2,-2,97.08,2
317.91,102.75,2,-2,95.81,2
318.5,102.16,2,-2,94.59,2
319.47,101.19,2,-2,92.56,2
319.96,100.7,2,-2,91.53,2
320.74,99.92,2,-2,89.91,2
321.33,99.33,2,-2,88.68,2
322.07,98.6,2,-2,87.15,2
322.55,98.11,2,-2,86.14,2
323.45,97.21,2,-2,84.27,2
324.07,96.59,2,-2,82.97,2
324.84,95.82,2,-2,81.37,2
325.35,95.31,2,-2,80.32,2
326.08,94.58,2,-2,78.79,2
326.63,94.04,2,-2,77.65,2
327.37,93.3,2,-2,76.11,2
328.13,92.53,2,-2,74.51,2
328.68,91.98,2,-2,73.36,2
329.45,91.21,2,-2,71.76,2
330.06,90.6,2,-2,70.5,2
329.33,89.93,-2,-2,69.1,2
328.28,88.88,-2,-2,66.91,2
327.48,88.08,-2,-2,65.24,2
326.87,87.47,-2,-2,63.98,2
326.26,86.87,-2,-2,62.71,2
325.53,86.14,-2,-2,61.2,2
324.76,85.37,-2,-2,59.59,2
323.99,84.6,-2,-2,57.98,2
323.51,84.11,-2,-2,56.97,2
322.68,83.28,-2,-2,55.24,2
321.99,82.59,-2,-2,53.81,2
321.37,81.97,-2,-2,52.52,2
320.38,80.99,-2,-2,52.52,0
319.57,80.17,-2,-2,52.52,0
318.84,79.45,-2,-2,52.52,0
318.12,78.72,-2,-2,52.52,0
317.51,78.11,-2,-2,52.52,0
316.36,76.96,-2,-2,52.52,0
315.99,76.6,-2,-2,52.52,0
315.04,75.64,-2,-2,52.52,0
314.69,75.29,-2,-2,52.52,0
313.44,74.05,-2,-2,52.52,0
312.86,73.47,-2,-2,52.52,0
311.95,72.56,-2,-2,52.52,0
311.29,71.9,-2,-2,52.52,0
310.56,71.16,-2,-2,52.52,0
309.9,70.5,-2,-2,52.52,0
309.29,69.89,-2,-2,52.52,0
308.53,69.13,-2,-2,52.52,0
307.79,68.4,-2,-2,52.52,0
307.07,67.67,-2,-2,52.52,0
306.58,67.18,-2,-2,52.52,0
305.48,66.08,-2,-2,52.52,0
304.63,65.24,-2,-2,52.52,0
303.78,64.39,-2,-2,52.52,0
303.06,63.66,-2,-2,52.52,0
302.33,62.93,-2,-2,52.52,0
301.61,62.21,-2,-2,52.52,0
300.76,61.37,-2,-2,52.52,0
300.16,60.76,-2,-2,52.52,0
299.19,59.8,-2,-2,52.52,0
298.49,59.09,-2,-2,52.52,0
297.62,58.23,-2,-2,52.52,0
297.02,57.62,-2,-2,52.52,0
296.29,56.9,-2,-2,52.52,0
295.6,56.21,-2,-2,52.52,0
294.72,55.33,-2,-2,52.52,0
294.12,54.72,-2,-2,52.52,0
293.12,53.73,-2,-2,52.52,0
292.27,52.88,-2,-2,52.52,0
291.37,51.97,-2,-2,52.52,0
290.74,51.34,-2,-2,52.52,0
289.56,50.16,-2,-2,52.52,0
288.66,49.27,-2,-2,52.52,0
288.03,48.64,-2,-2,52.52,0
287.26,47.87,-2,-2,52.52,0
286.61,47.21,-2,-2,52.52,0
286.06,46.66,-2,-2,52.52,0
285.1,45.7,-2,-2,52.52,0
284.3,44.91,-2,-2,52.52,0
283.6,44.2,-2,-2,52.52,0
282.85,43.46,-2,-2,52.52,0
281.96,42.57,-2,-2,52.52,0
281.12,41.72,-2,-2,52.52,0
280.41,41.01,-2,-2,52.52,0
279.57,40.17,-2,-2,52.52,0
278.7,39.3,-2,-2,52.52,0
277.89,38.5,-2,-2,52.52,0
276.97,37.57,-2,-2,52.52,0
276.12,36.73,-2,-2,52.52,0
275.52,36.12,-2,-2,52.52,0
274.64,35.25,-2,-2,52.52,0
274.01,34.61,-2,-2,52.52,0
272.93,33.53,-2,-2,52.52,0
272.2,32.81,-2,-2,52.52,0
271.6,32.21,-2,-2,52.52,0
270.76,31.36,-2,-2,52.52,0
270.07,30.68,-2,-2,52.52,0
269.11,29.71,-2,-2,52.52,0
268.36,28.97,-2,-2,52.52,0
267.77,28.37,-2,-2,52.52,0
267.07,27.67,-2,-2,52.52,0
266.23,26.83,-2,-2,52.52,0
265.48,26.09,-2,-2,52.52,0
264.63,25.24,-2,-2,52.52,0
264.04,24.65,-2,-2,52.52,0
263.06,23.66,-2,-2,52.52,0
262.19,22.79,-2,-2,52.52,0
261.2,21.8,-2,-2,52.52,0
260.6,21.2,-2,-2,52.52,0
259.97,20.57,-2,-2,52.52,0
259.23,19.84,-2,-2,52.52,0
258.63,19.23,-2,-2,52.52,0
258.02,18.63,-2,-2,52.52,0
257.14,17.74,-2,-2,52.52,0
256.57,17.17,-2,-2,52.52,0
255.91,16.51,-2,-2,52.52,0
255.13,15.74,-2,-2,52.52,0
254.63,15.24,-2,-2,52.52,0
253.78,14.38,-2,-2,52.52,0
253.01,13.61,-2,-2,52.52,0
252.4,13.01,-2,-2,52.52,0
251.67,12.27,-2,-2,52.52,0
250.94,11.54,-2,-2,52.52,0
250.44,11.05,-2,-2,52.52,0
249.72,10.32,-2,-2,52.52,0
249.22,9.83,-2,-2,52.52,0
248.49,9.09,-2,-2,52.52,0
248.0,8.6,-2,-2,52.52,0
247.51,8.11,-2,-2,52.52,0
247.02,7.62,-2,-2,52.52,0
246.28,6.89,-2,-2,52.52,0
245.86,6.47,-2,-2,52.52,0
245.25,5.85,-2,-2,52.52,0
244.28,4.89,-2,-2,52.52,0
243.72,4.32,-2,-2,52.52,0
243.06,3.66,-2,-2,52.52,0
242.39,3.0,-2,-2,52.52,0
241.91,2.51,-2,-2,52.52,0
241.12,1.73,-2,-2,52.52,0
240.46,1.06,-2,-2,52.52,0
239.47,0.07,-2,-2,50.45,2
239.09,-0.31,-2,-2,49.67,2
238.44,-0.96,-2,-2,48.31,2
238.08,-1.32,-2,-2,47.55,2
237.22,-2.18,-2,-2,45.77,2
236.59,-2.8,-2,-2,44.46,2
235.96,-3.43,-2,-2,43.15,2
235.1,-4.3,-2,-2,41.35,2
234.41,-4.98,-2,-2,39.92,2
233.78,-5.62,-2,-2,38.59,2
233.36,-6.04,-2,-2,37.72,2
232.59,-6.81,-2,-2,36.12,2
231.84,-7.56,-2,-2,34.55,2
231.21,-8.19,-2,-2,33.24,2
230.58,-8.82,-2,-2,31.92,2
229.68,-9.71,-2,-2,30.07,2
228.88,-10.52,-2,-2,28.38,2
228.26,-11.13,-2,-2,27.11,2
227.44,-11.95,-2,-2,25.4,2
226.68,-12.72,-2,-2,23.81,2
226.04,-13.35,-2,-2,22.48,2
225.67,-13.73,-2,-2,21.7,2
225.04,-14.36,-2,-2,20.38,2
224.65,-14.74,-2,-2,19.59,2
223.91,-15.49,-2,-2,18.03,2
223.54,-15.86,-2,-2,17.26,2
222.85,-16.55,-2,-2,15.83,2
222.15,-17.24,-2,-2,14.38,2
221.42,-17.97,-2,-2,12.86,2
220.74,-18.66,-2,-2,11.43,2
220.14,-19.25,-2,-2,10.19,2
219.43,-19.96,-2,-2,8.71,2
218.78,-20.62,-2,-2,7.35,2
218.03,-21.37,-2,-2,5.79,2
217.39,-22.01,-2,-2,4.45,2
216.78,-22.61,-2,-2,3.19,2
216.08,-23.31,-2,-2,1.73,2
215.4,-23.99,-2,-2,0.32,2
214.98,-24.41,-2,-2,-0.56,2
214.23,-25.16,-2,-2,-2.12,2
213.58,-25.82,-2,-2,-3.49,2
213.0,-26.4,-2,-2,-4.69,2
212.34,-27.06,-2,-2,-6.06,2
211.63,-27.76,-2,-2,-7.53,2
211.03,-28.37,-2,-2,-8.79,2
210.31,-29.08,-2,-2,-10.29,2
209.57,-29.83,-2,-2,-11.84,2
208.89,-30.51,-2,-2,-13.25,2
208.47,-30.93,-2,-2,-14.13,2
207.97,-31.42,-2,-2,-15.17,2
207.5,-31.9,-2,-2,-16.16,2
207.01,-32.39,-2,-2,-17.18,2
206.4,-32.99,-2,-2,-18.43,2
205.92,-33.47,-2,-2,-19.43,2
205.19,-34.21,-2,-2,-20.96,2
204.27,-35.13,-2,-2,-20.96,0
203.77,-35.62,-2,-2,-20.96,0
203.31,-36.09,-2,-2,-20.96,0
202.87,-36.53,-2,-2,-20.96,0
202.42,-36.97,-2,-2,-20.96,0
201.92,-37.47,-2,-2,-20.96,0
201.43,-37.96,-2,-2,-20.96,0
200.92,-38.47,-2,-2,-20.96,0
200.4,-39.0,-2,-2,-20.96,0
199.93,-39.47,-2,-2,-20.96,0
199.44,-39.96,-2,-2,-20.96,0
198.81,-40.59,-2,-2,-20.96,0
198.43,-40.97,-2,-2,-20.96,0
197.8,-41.59,-2,-2,-20.96,0
197.32,-42.07,-2,-2,-20.96,0
196.82,-42.58,-2,-2,-20.96,0
196.34,-43.06,-2,-2,-20.96,0
195.87,-43.52,-2,-2,-20.96,0
195.4,-44.0,-2,-2,-20.96,0
194.94,-44.46,-2,-2,-20.96,0
194.29,-45.1,-2,-2,-20.96,0
193.9,-45.49,-2,-2,-20.96,0
193.43,-45.96,-2,-2,-20.96,0
192.96,-46.44,-2,-2,-20.96,0
192.49,-46.91,-2,-2,-20.96,0
191.91,-47.49,-2,-2,-20.96,0
191.56,-47.84,-2,-2,-20.96,0
191.09,-48.3,-2,-2,-20.96,0
190.36,-49.04,-2,-2,-20.96,0
189.86,-49.54,-2,-2,-20.96,0
189.4,-50.0,-2,-2,-20.96,0
189.05,-50.35,-2,-2,-20.96,0
188.52,-50.88,-2,-2,-20.96,0
188.06,-51.33,-2,-2,-20.96,0
187.61,-51.79,-2,-2,-20.96,0
186.96,-52.43,-2,-2,-20.96,0
186.59,-52.8,-2,-2,-20.96,0
186.11,-53.28,-2,-2,-20.96,0
185.66,-53.74,-2,-2,-20.96,0
185.03,-54.37,-2,-2,-20.96,0
184.67,-54.73,-2,-2,-20.96,0
184.13,-55.26,-2,-2,-20.96,0
183.51,-55.89,-2,-2,-20.96,0
182.8,-56.6,-2,-2,-20.96,0
182.42,-56.98,-2,-2,-20.96,0
181.94,-57.46,-2,-2,-20.96,0
181.48,-57.91,-2,-2,-20.96,0
181.0,-58.39,-2,-2,-20.96,0
180.55,-58.85,-2,-2,-20.96,0
180.11,-59.29,-2,-2,-20.96,0
179.36,-60.03,-2,-2,-20.96,0
178.71,-60.68,-2,-2,-20.96,0
178.36,-61.03,-2,-2,-20.96,0
177.88,-61.52,-2,-2,-20.96,0
177.4,-62.0,-2,-2,-20.96,0
176.8,-62.6,-2,-2,-20.96,0
176.31,-63.08,-2,-2,-20.96,0
175.32,-64.07,-2,-2,-20.96,0
174.65,-64.75,-2,-2,-20.96,0
174.28,-65.11,-2,-2,-20.96,0
173.81,-65.59,-2,-2,-20.96,0
173.36,-66.03,-2,-2,-20.96,0
172.86,-66.54,-2,-2,-20.96,0
172.38,-67.01,-2,-2,-20.96,0
171.8,-67.6,-2,-2,-20.96,0
171.46,-67.94,-2,-2,-20.96,0
171.0,-68.4,-2,-2,-20.96,0
170.54,-68.85,-2,-2,-20.96,0
170.08,-69.31,-2,-2,-20.96,0
169.63,-69.77,-2,-2,-20.96,0
169.12,-70.28,-2,-2,-20.96,0
168.47,-70.93,-2,-2,-20.96,0
168.08,-71.32,-2,-2,-20.96,0
167.59,-71.81,-2,-2,-20.96,0
167.13,-72.26,-2,-2,-20.96,0
166.61,-72.79,-2,-2,-20.96,0
166.16,-73.23,-2,-2,-20.96,0
165.72,-73.68,-2,-2,-20.96,0
165.08,-74.32,-2,-2,-20.96,0
164.69,-74.7,-2,-2,-20.96,0
164.11,-75.29,-2,-2,-20.96,0
163.66,-75.74,-2,-2,-20.96,0
163.14,-76.26,-2,-2,-20.96,0
162.68,-76.72,-2,-2,-20.96,0
161.99,-77.41,-2,-2,-20.96,0
161.6,-77.8,-2,-2,-20.96,0
160.88,-78.51,-2,-2,-20.96,0
160.26,-79.13,-2,-2,-20.96,0
159.9,-79.5,-2,-2,-20.96,0
159.17,-80.22,-2,-2,-20.96,0
158.49,-80.91,-2,-2,-20.96,0
157.87,-81.53,-2,-2,-20.96,0
157.07,-82.32,-2,-2,-20.96,0
156.45,-82.94,-2,-2,-20.96,0
155.85,-83.55,-2,-2,-20.96,0
155.2,-84.19,-2,-2,-20.96,0
154.26,-85.13,-2,-2,-20.96,0
153.71,-85.68,-2,-2,-20.96,0
152.8,-86.6,-2,-2,-20.96,0
152.12,-87.28,-2,-2,-20.96,0
151.39,-88.01,-2,-2,-20.96,0
150.74,-88.66,-2,-2,-20.96,0
150.0,-89.4,-2,-2,-20.96,0
149.29,-90.11,-2,-2,-20.96,0
148.36,-91.04,-2,-2,-20.96,0
147.67,-91.72,-2,-2,-20.96,0
147.02,-92.38,-2,-2,-20.96,0
146.54,-92.86,-2,-2,-20.96,0
145.69,-93.71,-2,-2,-20.96,0
145.0,-94.39,-2,-2,-20.96,0
144.17,-95.23,-2,-2,-20.96,0
143.58,-95.82,-2,-2,-20.96,0
142.67,-96.73,-2,-2,-20.96,0
142.03,-97.37,-2,-2,-20.96,0
141.34,-98.05,-2,-2,-20.96,0
140.62,-98.77,-2,-2,-20.96,0
139.94,-99.46,-2,-2,-20.96,0
139.53,-99.87,-2,-2,-20.96,0
138.59,-100.81,-2,-2,-20.96,0
138.05,-101.34,-2,-2,-20.96,0
137.14,-102.25,-2,-2,-20.96,0
136.35,-103.04,-2,-2,-20.96,0
135.71,-103.68,-2,-2,-20.96,0
135.09,-104.3,-2,-2,-20.96,0
134.22,-105.17,-2,-2,-20.96,0
133.58,-105.82,-2,-2,-20.96,0
132.78,-106.61,-2,-2,-20.96,0
132.37,-107.02,-2,-2,-20.96,0
131.77,-107.63,-2,-2,-20.96,0
130.85,-108.55,-2,-2,-20.96,0
130.16,-109.24,-2,-2,-20.96,0
129.49,-109.91,-2,-2,-20.96,0
128.85,-110.55,-2,-2,-20.96,0
128.37,-111.03,-2,-2,-20.96,0
127.63,-111.77,-2,-2,-20.96,0
126.79,-112.61,-2,-2,-20.96,0
126.29,-113.11,-2,-2,-20.96,0
125.56,-113.84,-2,-2,-20.96,0
124.82,-114.58,-2,-2,-20.96,0
124.33,-115.06,-2,-2,-20.96,0
123.54,-115.86,-2,-2,-20.96,0
123.05,-116.35,-2,-2,-20.96,0
122.14,-117.26,-2,-2,-20.96,0
121.41,-117.99,-2,-2,-20.96,0
120.6,-118.8,-2,-2,-20.96,0
119.99,-119.41,-2,-2,-20.96,0
119.29,-120.11,-2,-2,-20.96,0
118.63,-120.77,-2,-2,-20.96,0
118.26,-121.14,-2,-2,-20.96,0
117.56,-121.84,-2,-2,-20.96,0
117.04,-122.35,-2,-2,-20.96,0
116.09,-123.3,-2,-2,-20.96,0
115.73,-123.66,-2,-2,-20.96,0
114.76,-124.64,-2,-2,-20.96,0
114.11,-125.28,-2,-2,-20.96,0
113.59,-125.8,-2,-2,-20.96,0
112.99,-126.4,-2,-2,-20.96,0
112.51,-126.89,-2,-2,-20.96,0
111.68,-127.71,-2,-2,-20.96,0
111.29,-128.11,-2,-2,-20.96,0
110.49,-128.9,-2,-2,-20.96,0
110.08,-129.32,-2,-2,-20.96,0
109.12,-130.28,-2,-2,-20.96,0
108.71,-130.68,-2,-2,-20.96,0
107.82,-131.58,-2,-2,-20.96,0
107.14,-132.26,-2,-2,-20.96,0
106.74,-132.66,-2,-2,-20.96,0
106.24,-133.16,-2,-2,-20.96,0
105.37,-134.03,-2,-2,-20.96,0
104.68,-134.72,-2,-2,-20.96,0
103.83,-135.57,-2,-2,-20.96,0
103.26,-136.14,-2,-2,-20.96,0
102.44,-136.96,-2,-2,-20.96,0
101.6,-137.8,-2,-2,-20.96,0
100.53,-138.86,-2,-2,-20.96,0
99.8,-139.59,-2,-2,-20.96,0
99.08,-140.32,-2,-2,-20.96,0
98.35,-141.04,-2,-2,-20.96,0
97.62,-141.77,-2,-2,-20.96,0
96.77,-142.62,-2,-2,-20.96,0
96.05,-143.35,-2,-2,-20.96,0
95.32,-144.08,-2,-2,-20.96,0
94.6,-144.8,-2,-2,-20.96,0
93.75,-145.65,-2,-2,-20.96,0
92.9,-146.5,-2,-2,-20.96,0
92.05,-147.35,-2,-2,-20.96,0
91.32,-148.08,-2,-2,-20.96,0
90.8,-148.6,-2,-2,-20.96,0
89.94,-149.46,-2,-2,-20.96,0
89.26,-150.14,-2,-2,-20.96,0
88.38,-151.02,-2,-2,-20.96,0
87.62,-151.77,-2,-2,-20.96,0
87.02,-152.38,-2,-2,-20.96,0
86.42,-152.97,-2,-2,-20.96,0
85.71,-153.69,-2,-2,-20.96,0
85.1,-154.29,-2,-2,-20.96,0
84.07,-155.32,-2,-2,-20.96,0
83.47,-155.93,-2,-2,-20.96,0
82.74,-156.66,-2,-2,-20.96,0
82.0,-157.4,-2,-2,-20.96,0
81.27,-158.13,-2,-2,-20.96,0
80.53,-158.87,-2,-2,-20.96,0
80.05,-159.35,-2,-2,-20.96,0
79.17,-160.23,-2,-2,-20.96,0
78.57,-160.83,-2,-2,-20.96,0
78.08,-161.32,-2,-2,-20.96,0
77.21,-162.19,-2,-2,-20.96,0
76.6,-162.8,-2,-2,-20.96,0
75.87,-163.53,-2,-2,-20.96,0
75.38,-164.02,-2,-2,-20.96,0
74.62,-164.78,-2,-2,-20.96,0
73.66,-165.74,-2,-2,-20.96,0
72.95,-166.44,-2,-2,-20.96,0
72.27,-167.13,-2,-2,-20.96,0
71.59,-167.8,-2,-2,-20.96,0
70.92,-168.48,-2,-2,-20.96,0
70.19,-169.21,-2,-2,-20.96,0
69.6,-169.8,-2,-2,-20.96,0
69.08,-170.31,-2,-2,-20.96,0
68.59,-170.8,-2,-2,-20.96,0
67.43,-171.97,-2,-2,-20.96,0
66.73,-172.67,-2,-2,-20.96,0
66.13,-173.27,-2,-2,-20.96,0
65.11,-174.29,-2,-2,-20.96,0
64.39,-175.01,-2,-2,-20.96,0
63.42,-175.98,-2,-2,-20.96,0
62.67,-176.73,-2,-2,-20.96,0
61.99,-177.41,-2,-2,-20.96,0
61.41,-177.99,-2,-2,-20.96,0
60.4,-179.0,-2,-2,-20.96,0
59.67,-179.73,-2,-2,-20.96,0
58.94,-180.45,-2,-2,-20.96,0
58.4,-181.0,-2,-2,-20.96,0
57.59,-181.81,-2,-2,-20.96,0
56.7,-182.7,-2,-2,-20.96,0
56.21,-183.18,-2,-2,-20.96,0
55.37,-184.03,-2,-2,-20.96,0
54.6,-184.8,-2,-2,-20.96,0
53.99,-185.4,-2,-2,-20.96,0
53.13,-186.26,-2,-2,-20.96,0
52.44,-186.95,-2,-2,-20.96,0
51.78,-187.62,-2,-2,-20.96,0
51.1,-188.3,-2,-2,-20.96,0
50.5,-188.9,-2,-2,-20.96,0
49.41,-189.98,-2,-2,-20.96,0
48.54,-190.85,-2,-2,-20.96,0
47.94,-191.46,-2,-2,-20.96,0
47.09,-192.3,-2,-2,-20.96,0
45.99,-193.41,-2,-2,-20.96,0
45.01,-194.38,-2,-2,-20.96,0
44.17,-195.23,-2,-2,-20.96,0
43.5,-195.9,-2,-2,-20.96,0
42.75,-196.65,-2,-2,-20.96,0
42.1,-197.29,-2,-2,-20.96,0
41.5,-197.89,-2,-2,-20.96,0
40.8,-198.6,-2,-2,-20.96,0
40.18,-199.22,-2,-2,-20.96,0
39.57,-199.82,-2,-2,-20.96,0
38.86,-200.53,-2,-2,-20.96,0
38.1,-201.3,-2,-2,-20.96,0
37.31,-202.08,-2,-2,-20.96,0
36.55,-202.85,-2,-2,-20.96,0
35.82,-203.58,-2,-2,-20.96,0
35.16,-204.24,-2,-2,-20.96,0
34.49,-204.9,-2,-2,-20.96,0
33.9,-205.5,-2,-2,-20.96,0
32.97,-206.42,-2,-2,-20.96,0
32.37,-207.02,-2,-2,-20.96,0
31.69,-207.71,-2,-2,-20.96,0
31.1,-208.29,-2,-2,-20.96,0
30.24,-209.16,-2,-2,-20.96,0
29.51,-209.89,-2,-2,-20.96,0
28.86,-210.53,-2,-2,-20.96,0
28.02,-211.38,-2,-2,-20.96,0
27.23,-212.17,-2,-2,-20.96,0
26.62,-212.77,-2,-2,-20.96,0
25.64,-213.76,-2,-2,-20.96,0
24.89,-214.51,-2,-2,-20.96,0
24.27,-215.13,-2,-2,-20.96,0
23.58,-215.82,-2,-2,-20.96,0
22.77,-216.62,-2,-2,-20.96,0
22.12,-217.27,-2,-2,-20.96,0
21.27,-218.13,-2,-2,-20.96,0
20.66,-218.74,-2,-2,-20.96,0
20.05,-219.35,-2,-2,-20.96,0
19.07,-220.33,-2,-2,-20.96,0
18.36,-221.04,-2,-2,-20.96,0
17.37,-222.03,-2,-2,-20.96,0
16.63,-222.77,-2,-2,-20.96,0
15.7,-223.69,-2,-2,-20.96,0
15.17,-224.23,-2,-2,-20.96,0
14.45,-224.94,-2,-2,-20.96,0
13.47,-225.93,-2,-2,-20.96,0
12.87,-226.53,-2,-2,-20.96,0
12.45,-226.95,-2,-2,-20.96,0
11.43,-227.97,-2,-2,-20.96,0
10.78,-228.61,-2,-2,-20.96,0
10.02,-229.38,-2,-2,-20.96,0
9.11,-230.28,-2,-2,-20.96,0
8.31,-231.09,-2,-2,-20.96,0
7.24,-232.16,-2,-2,-20.96,0
6.65,-232.75,-2,-2,-20.96,0
5.98,-233.41,-2,-2,-20.96,0
5.38,-234.02,-2,-2,-20.96,0
4.57,-234.83,-2,-2,-20.96,0
3.95,-235.44,-2,-2,-20.96,0
3.1,-236.29,-2,-2,-20.96,0
2.77,-236.63,-2,-2,-20.96,0
1.92,-237.48,-2,-2,-20.96,0
1.11,-238.28,-2,-2,-20.96,0
0.42,-238.98,-2,-2,-20.96,0
-0.43,-239.83,-2,-2,-20.96,0
-1.21,-240.61,-2,-2,-20.96,0
-1.79,-241.18,-2,-2,-20.96,0
-2.37,-241.77,-2,-2,-20.96,0
-3.31,-242.7,-2,-2,-20.96,0
-3.92,-243.31,-2,-2,-20.96,0
-4.34,-243.74,-2,-2,-20.96,0
-5.31,-244.7,-2,-2,-20.96,0
-6.11,-245.5,-2,-2,-20.96,0
-6.78,-246.17,-2,-2,-20.96,0
-7.81,-247.21,-2,-2,-20.96,0
-8.45,-247.84,-2,-2,-20.96,0
-9.57,-248.96,-2,-2,-20.96,0
-10.24,-249.64,-2,-2,-20.96,0
-11.09,-250.49,-2,-2,-20.96,0
-11.91,-251.31,-2,-2,-20.96,0
-12.28,-251.68,-2,-2,-20.96,0
-13.1,-252.5,-2,-2,-20.96,0
-13.83,-253.23,-2,-2,-20.96,0
-14.6,-254.0,-2,-2,-20.96,0
-15.31,-254.7,-2,-2,-20.96,0
-15.63,-255.03,-2,-2,-20.96,0
-16.5,-255.9,-2,-2,-20.96,0
-17.12,-256.51,-2,-2,-20.96,0
-17.72,-257.11,-2,-2,-20.96,0
-18.08,-257.48,-2,-2,-20.96,0
-19.14,-258.53,-2,-2,-20.96,0
-19.61,-259.0,-2,-2,-20.96,0
-20.33,-259.73,-2,-2,-20.96,0
-20.95,-260.34,-2,-2,-20.96,0
-21.7,-261.09,-2,-2,-20.96,0
-22.1,-261.5,-2,-2,-20.96,0
-23.06,-262.45,-2,-2,-20.96,0
-23.54,-262.93,-2,-2,-20.96,0
-24.34,-263.73,-2,-2,-20.96,0
-24.9,-264.3,-2,-2,-20.96,0
-25.5,-264.89,-2,-2,-20.96,0
-26.11,-265.51,-2,-2,-20.96,0
-26.86,-266.26,-2,-2,-20.96,0
-27.61,-267.01,-2,-2,-20.96,0
-28.02,-267.42,-2,-2,-20.96,0
-28.89,-268.29,-2,-2,-20.96,0
-29.78,-269.17,-2,-2,-20.96,0
-30.36,-269.75,-2,-2,-20.96,0
-31.18,-270.58,-2,-2,-20.96,0
-31.78,-271.18,-2,-2,-20.96,0
-32.53,-271.93,-2,-2,-20.96,0
-33.44,-272.83,-2,-2,-20.96,0
-34.12,-273.51,-2,-2,-20.96,0
-34.74,-274.14,-2,-2,-20.96,0
-35.4,-274.8,-2,-2,-20.96,0
-36.11,-275.51,-2,-2,-20.96,0
-36.7,-276.1,-2,-2,-20.96,0
-37.68,-277.07,-2,-2,-20.96,0
-38.44,-277.84,-2,-2,-20.96,0
-39.04,-278.44,-2,-2,-20.96,0
-39.91,-279.31,-2,-2,-20.96,0
-40.72,-280.11,-2,-2,-20.96,0
-41.52,-280.92,-2,-2,-20.96,0
-42.32,-281.71,-2,-2,-20.96,0
-43.09,-282.48,-2,-2,-20.96,0
-43.83,-283.22,-2,-2,-20.96,0
-44.7,-284.1,-2,-2,-20.96,0
-45.74,-285.14,-2,-2,-20.96,0
-46.68,-286.08,-2,-2,-20.96,0
-47.36,-286.76,-2,-2,-20.96,0
-48.2,-287.6,-2,-2,-20.96,0
-48.93,-288.33,-2,-2,-20.96,0
-49.51,-288.91,-2,-2,-20.96,0
-50.11,-289.51,-2,-2,-20.96,0
-50.68,-290.08,-2,-2,-20.96,0
-51.41,-289.27,-2,2,-20.96,0
-52.01,-288.67,-2,2,-20.96,0
-52.7,-287.98,-2,2,-20.96,0
-53.18,-287.5,-2,2,-20.96,0
-54.16,-286.52,-2,2,-20.96,0
-54.73,-285.95,-2,2,-20.96,0
-55.69,-284.98,-2,2,-20.96,0
-56.44,-284.24,-2,2,-20.96,0
-57.16,-283.52,-2,2,-20.96,0
-57.61,-283.07,-2,2,-20.96,0
-58.56,-282.12,-2,2,-20.96,0
-59.49,-281.19,-2,2,-20.96,0
-60.09,-280.59,-2,2,-20.96,0
-60.66,-280.02,-2,2,-20.96,0
-61.26,-279.41,-2,2,-20.96,0
-61.86,-278.82,-2,2,-20.96,0
-62.51,-278.17,-2,2,-20.96,0
-63.34,-277.34,-2,2,-20.96,0
-63.83,-276.85,-2,2,-20.96,0
-64.7,-275.98,-2,2,-20.96,0
-65.32,-275.35,-2,2,-20.96,0
-65.97,-274.71,-2,2,-20.96,0
-66.57,-274.11,-2,2,-20.96,0
-67.42,-273.26,-2,2,-20.96,0
-67.97,-272.7,-2,2,-20.96,0
-68.7,-271.98,-2,2,-20.96,0
-69.2,-271.48,-2,2,-20.96,0
-70.0,-270.68,-2,2,-20.96,0
-70.76,-269.92,-2,2,-20.96,0
-71.36,-269.32,-2,2,-20.96,0
-71.96,-268.72,-2,2,-20.96,0
-72.7,-267.98,-2,2,-20.96,0
-73.27,-267.41,-2,2,-20.96,0
-73.97,-266.71,-2,2,-20.96,0
-74.69,-265.99,-2,2,-20.96,0
-75.34,-265.34,-2,2,-20.96,0
-76.26,-264.42,-2,2,-20.96,0
-76.62,-264.06,-2,2,-20.96,0
-77.32,-263.36,-2,2,-20.96,0
-78.06,-262.62,-2,2,-20.96,0
-78.78,-261.9,-2,2,-20.96,0
-79.72,-260.96,-2,2,-20.96,0
-80.08,-260.6,-2,2,-20.96,0
-80.66,-260.02,-2,2,-20.96,0
-81.63,-259.05,-2,2,-20.96,0
-82.31,-258.36,-2,2,-20.96,0
-83.11,-257.57,-2,2,-20.96,0
-83.73,-256.95,-2,2,-20.96,0
-84.69,-255.98,-2,2,-20.96,0
-85.09,-255.59,-2,2,-20.96,0
-86.05,-254.63,-2,2,-20.96,0
-86.89,-253.79,-2,2,-20.96,0
-87.53,-253.15,-2,2,-20.96,0
-88.2,-252.48,-2,2,-20.96,0
-88.99,-251.69,-2,2,-20.96,0
-89.6,-251.08,-2,2,-20.96,0
-90.01,-250.67,-2,2,-20.96,0
-90.94,-249.74,-2,2,-20.96,0
-91.43,-249.25,-2,2,-20.96,0
-92.15,-248.53,-2,2,-20.96,0
-92.79,-247.88,-2,2,-20.96,0
-93.52,-247.16,-2,2,-20.96,0
-94.01,-246.67,-2,2,-20.96,0
-94.86,-245.82,-2,2,-20.96,0
-95.49,-245.19,-2,2,-20.96,0
-95.98,-244.7,-2,2,-20.96,0
-96.74,-243.94,-2,2,-20.96,0
-97.53,-243.15,-2,2,-20.96,0
-98.04,-242.64,-2,2,-20.96,0
-98.79,-241.88,-2,2,-20.96,0
-99.53,-241.14,-2,2,-20.96,0
-100.04,-240.63,-2,2,-20.96,0
-100.87,-239.81,-2,2,-20.96,0
-101.21,-239.47,-2,2,-20.96,0
-101.9,-238.77,-2,2,-20.96,0
-102.38,-238.29,-2,2,-20.96,0
-103.11,-237.56,-2,2,-20.96,0
-103.84,-236.84,-2,2,-20.96,0
-104.57,-236.11,-2,2,-20.96,0
-105.29,-235.39,-2,2,-20.96,0
-106.03,-234.65,-2,2,-20.96,0
-106.76,-233.92,-2,2,-20.96,0
-107.48,-233.2,-2,2,-20.96,0
-108.31,-232.37,-2,2,-20.96,0
-108.82,-231.86,-2,2,-20.96,0
-109.33,-231.35,-2,2,-20.96,0
-110.12,-230.56,-2,2,-20.96,0
-110.62,-230.06,-2,2,-20.96,0
-111.33,-229.34,-2,2,-20.96,0
-112.15,-228.53,-2,2,-20.96,0
-112.88,-227.8,-2,2,-20.96,0
-113.48,-227.2,-2,2,-20.96,0
-114.09,-226.59,-2,2,-20.96,0
-114.76,-225.92,-2,2,-20.96,0
-115.36,-225.31,-2,2,-20.96,0
-116.31,-224.37,-2,2,-20.96,0
-116.63,-224.05,-2,2,-20.96,0
-117.23,-223.45,-2,2,-20.96,0
-118.03,-222.64,-2,2,-20.96,0
-118.82,-221.86,-2,2,-20.96,0
-119.47,-221.2,-2,2,-20.96,0
-119.96,-220.72,-2,2,-20.96,0
-120.75,-219.93,-2,2,-20.96,0
-121.38,-219.29,-2,2,-20.96,0
-122.09,-218.59,-2,2,-20.96,0
-122.72,-217.96,-2,2,-20.96,0
-123.44,-217.24,-2,2,-20.96,0
-123.92,-216.76,-2,2,-20.96,0
-124.72,-215.96,-2,2,-20.96,0
-125.2,-215.48,-2,2,-20.96,0
-126.08,-214.6,-2,2,-20.96,0
-126.8,-213.88,-2,2,-20.96,0
-127.53,-213.15,-2,2,-20.96,0
-128.02,-212.66,-2,2,-20.96,0
-128.99,-211.69,-2,2,-20.96,0
-129.65,-211.03,-2,2,-20.96,0
-130.52,-210.16,-2,2,-20.96,0
-130.99,-209.69,-2,2,-20.96,0
-132.08,-208.6,-2,2,-20.96,0
-132.61,-208.07,-2,2,-20.96,0
-133.35,-207.33,-2,2,-20.96,0
-133.84,-206.84,-2,2,-20.96,0
-134.56,-206.12,-2,2,-20.96,0
-135.34,-205.34,-2,2,-20.96,0
-136.07,-204.61,-2,2,-20.96,0
-136.55,-204.13,-2,2,-20.96,0
-137.03,-203.65,-2,2,-20.96,0
-137.99,-202.69,-2,2,-20.96,0
-138.82,-201.86,-2,2,-20.96,0
-139.31,-201.37,-2,2,-20.96,0
-139.73,-200.95,-2,2,-20.96,0
-140.38,-200.3,-2,2,-20.96,0
-141.11,-199.57,-2,2,-20.96,0
-141.59,-199.08,-2,2,-20.96,0
-142.44,-198.24,-2,2,-20.96,0
-143.04,-197.64,-2,2,-20.96,0
-144.03,-196.65,-2,2,-20.96,0
-144.65,-196.03,-2,2,-20.96,0
-145.34,-195.34,-2,2,-20.96,0
-145.95,-194.73,-2,2,-20.96,0
-146.68,-194.0,-2,2,-20.96,0
-147.35,-193.33,-2,2,-20.96,0
-148.11,-192.57,-2,2,-20.96,0
-148.77,-191.91,-2,2,-20.96,0
-149.6,-191.08,-2,2,-20.96,0
-150.32,-190.36,-2,2,-20.96,0
-150.9,-189.78,-2,2,-20.96,0
-151.99,-188.69,-2,2,-20.96,0
-152.81,-187.87,-2,2,-20.96,0
-153.53,-187.15,-2,2,-20.96,0
-154.26,-186.42,-2,2,-20.96,0
-155.22,-185.46,-2,2,-20.96,0
-156.0,-184.68,-2,2,-20.96,0
-156.97,-183.7,-2,2,-20.96,0
-157.64,-183.03,-2,2,-20.96,0
-158.35,-182.33,-2,2,-20.96,0
-159.05,-181.63,-2,2,-20.96,0
-160.13,-180.55,-2,2,-20.96,0
-160.86,-179.82,-2,2,-20.96,0
-161.58,-179.1,-2,2,-20.96,0
-162.43,-178.25,-2,2,-20.96,0
-163.15,-177.53,-2,2,-20.96,0
-163.99,-176.69,-2,2,-20.96,0
-164.59,-176.08,-2,2,-20.96,0
-165.32,-175.36,-2,2,-20.96,0
-165.94,-174.74,-2,2,-20.96,0
-166.55,-174.13,-2,2,-20.96,0
-167.27,-173.41,-2,2,-20.96,0
-167.64,-173.04,-2,2,-20.96,0
-168.49,-172.19,-2,2,-20.96,0
-169.05,-171.63,-2,2,-20.96,0
-170.01,-170.67,-2,2,-20.96,0
-170.98,-169.7,-2,2,-20.96,0
-171.68,-169.0,-2,2,-20.96,0
-172.27,-168.41,-2,2,-20.96,0
-173.11,-167.57,-2,2,-20.96,0
-173.95,-166.72,-2,2,-20.96,0
-174.88,-165.8,-2,2,-20.96,0
-175.73,-164.95,-2,2,-20.96,0
-176.43,-164.25,-2,2,-20.96,0
-177.27,-163.41,-2,2,-20.96,0
-178.12,-162.56,-2,2,-20.96,0
-179.04,-161.64,-2,2,-20.96,0
-179.64,-161.04,-2,2,-20.96,0
-180.12,-160.56,-2,2,-20.96,0
-181.12,-159.56,-2,2,-20.96,0
-181.69,-158.99,-2,2,-20.96,0
-182.7,-157.98,-2,2,-20.96,0
-183.43,-157.25,-2,2,-20.96,0
-184.01,-156.66,-2,2,-20.96,0
-184.8,-155.88,-2,2,-20.96,0
-185.38,-155.29,-2,2,-20.96,0
-186.34,-154.34,-2,2,-20.96,0
-187.12,-153.56,-2,2,-20.96,0
-187.92,-152.76,-2,2,-20.96,0
-188.6,-152.08,-2,2,-20.96,0
-189.5,-151.18,-2,2,-20.96,0
-190.16,-150.52,-2,2,-20.96,0
-190.95,-149.73,-2,2,-20.96,0
-191.72,-148.95,-2,2,-20.96,0
-192.41,-148.27,-2,2,-20.96,0
-193.26,-147.42,-2,2,-20.96,0
-193.98,-146.7,-2,2,-20.96,0
-194.58,-146.1,-2,2,-20.96,0
-194.94,-145.73,-2,2,-20.96,0
-195.91,-144.77,-2,2,-20.96,0
-196.39,-144.29,-2,2,-20.96,0
-197.31,-143.37,-2,2,-20.96,0
-198.03,-142.65,-2,2,-20.96,0
-198.69,-141.99,-2,2,-20.96,0
-199.33,-141.34,-2,2,-20.96,0
-200.26,-140.42,-2,2,-20.96,0
-200.88,-139.8,-2,2,-20.96,0
-201.41,-139.27,-2,2,-20.96,0
-202.38,-138.3,-2,2,-20.96,0
-203.18,-137.5,-2,2,-20.96,0
-203.76,-136.92,-2,2,-20.96,0
-204.49,-136.19,-2,2,-20.96,0
-205.14,-135.54,-2,2,-20.96,0
-205.5,-135.18,-2,2,-20.96,0
-206.5,-134.18,-2,2,-20.96,0
-207.16,-133.52,-2,2,-20.96,0
-207.77,-132.91,-2,2,-20.96,0
-208.33,-132.35,-2,2,-20.96,0
-209.16,-131.52,-2,2,-20.96,0
-209.8,-130.87,-2,2,-20.96,0
-210.14,-130.54,-2,2,-20.96,0
-210.86,-129.82,-2,2,-20.96,0
-211.74,-128.94,-2,2,-20.96,0
-212.44,-128.24,-2,2,-20.96,0
-213.03,-127.65,-2,2,-20.96,0
-213.42,-127.26,-2,2,-20.96,0
-214.28,-126.39,-2,2,-20.96,0
-214.96,-125.72,-2,2,-20.96,0
-215.76,-124.92,-2,2,-20.96,0
-216.42,-124.25,-2,2,-20.96,0
-217.01,-123.67,-2,2,-20.96,0
-217.72,-122.96,-2,2,-20.96,0
-218.57,-122.11,-2,2,-20.96,0
-219.35,-121.33,-2,2,-20.96,0
-220.19,-120.49,-2,2,-20.96,0
-220.82,-119.86,-2,2,-20.96,0
-221.4,-119.28,-2,2,-20.96,0
-222.07,-118.61,-2,2,-20.96,0
-222.64,-118.04,-2,2,-20.96,0
-223.39,-117.29,-2,2,-20.96,0
-224.11,-116.57,-2,2,-20.96,0
-224.7,-115.98,-2,2,-20.96,0
-225.51,-115.17,-2,2,-20.96,0
-226.22,-114.46,-2,2,-20.96,0
-226.81,-113.87,-2,2,-20.96,0
-227.54,-113.14,-2,2,-20.96,0
-228.14,-112.54,-2,2,-20.96,0
-228.75,-111.92,-2,2,-20.96,0
-229.4,-111.28,-2,2,-20.96,0
-230.06,-110.62,-2,2,-20.96,0
-230.85,-109.83,-2,2,-20.96,0
-231.37,-109.31,-2,2,-20.96,0
-232.08,-108.6,-2,2,-20.96,0
-232.5,-108.18,-2,2,-20.96,0
-233.32,-107.36,-2,2,-20.96,0
-233.97,-106.71,-2,2,-20.96,0
-234.63,-106.05,-2,2,-20.96,0
-235.11,-105.57,-2,2,-20.96,0
-235.99,-104.69,-2,2,-20.96,0
-236.7,-103.97,-2,2,-20.96,0
-237.19,-103.49,-2,2,-20.96,0
-237.91,-102.77,-2,2,-20.96,0
-238.26,-102.42,-2,2,-20.96,0
-239.13,-101.55,-2,2,-20.96,0
-239.54,-101.14,-2,2,-20.96,0
-240.39,-100.29,-2,2,-20.96,0
-240.72,-99.96,-2,2,-20.96,0
-241.25,-99.43,-2,2,-20.96,0
-242.07,-98.61,-2,2,-20.96,0
-242.67,-98.01,-2,2,-20.96,0
-243.38,-97.3,-2,2,-20.96,0
-243.83,-96.85,-2,2,-20.96,0
-244.4,-96.28,-2,2,-20.96,0
-244.98,-95.7,-2,2,-20.96,0
-245.85,-94.83,-2,2,-20.96,0
-246.17,-94.51,-2,2,-20.96,0
-246.78,-93.9,-2,2,-20.96,0
-247.36,-93.32,-2,2,-20.96,0
-248.2,-92.48,-2,2,-20.96,0
-248.59,-92.09,-2,2,-20.96,0
-249.51,-91.16,-2,2,-20.96,0
-250.17,-90.51,-2,2,-20.96,0
-250.77,-89.91,-2,2,-20.96,0
-251.36,-89.32,-2,2,-20.96,0
-251.78,-88.9,-2,2,-20.96,0
-252.51,-88.17,-2,2,-20.96,0
-253.23,-87.44,-2,2,-20.96,0
-253.88,-86.8,-2,2,-20.96,0
-254.33,-86.35,-2,2,-20.96,0
-254.87,-85.81,-2,2,-20.96,0
-255.83,-84.85,-2,2,-20.96,0
-256.17,-84.51,-2,2,-20.96,0
-256.98,-83.7,-2,2,-20.96,0
-257.49,-83.19,-2,2,-20.96,0
-258.09,-82.59,-2,2,-20.96,0
-259.03,-81.65,-2,2,-20.96,0
-259.63,-81.05,-2,2,-20.96,0
-260.29,-80.38,-2,2,-20.96,0
-260.91,-79.77,-2,2,-20.96,0
-261.69,-78.99,-2,2,-20.96,0
-262.56,-78.12,-2,2,-20.96,0
-263.52,-77.16,-2,2,-20.96,0
-264.19,-76.49,-2,2,-20.96,0
-264.89,-75.79,-2,2,-20.96,0
-265.43,-75.25,-2,2,-20.96,0
-266.3,-74.38,-2,2,-20.96,0
-266.91,-73.77,-2,2,-20.96,0
-267.7,-72.98,-2,2,-20.96,0
-268.34,-72.34,-2,2,-20.96,0
-268.82,-71.85,-2,2,-20.96,0
-269.63,-71.05,-2,2,-20.96,0
-270.27,-70.41,-2,2,-20.96,0
-271.35,-69.32,-2,2,-20.96,0
-272.22,-68.46,-2,2,-20.96,0
-272.88,-67.8,-2,2,-20.96,0
-273.28,-67.39,-2,2,-20.96,0
-273.82,-66.86,-2,2,-20.96,0
-274.7,-65.98,-2,2,-20.96,0
-275.44,-65.24,-2,2,-20.96,0
-276.11,-64.57,-2,2,-20.96,0
-276.68,-63.99,-2,2,-20.96,0
-277.11,-63.57,-2,2,-20.96,0
-277.9,-62.78,-2,2,-20.96,0
-278.31,-62.37,-2,2,-20.96,0
-279.41,-61.27,-2,2,-20.96,0
-279.7,-60.98,-2,2,-20.96,0
-280.38,-60.29,-2,2,-20.96,0
-281.12,-59.56,-2,2,-20.96,0
-281.66,-59.02,-2,2,-20.96,0
-282.21,-58.47,-2,2,-20.96,0
-283.06,-57.62,-2,2,-20.96,0
-283.82,-56.86,-2,2,-20.96,0
-284.49,-56.19,-2,2,-20.96,0
-285.13,-55.54,-2,2,-20.96,0
-285.73,-54.94,-2,2,-20.96,0
-286.2,-54.48,-2,2,-20.96,0
-286.98,-53.7,-2,2,-20.96,0
-287.6,-53.08,-2,2,-20.96,0
-287.96,-52.72,-2,2,-20.96,0
-288.88,-51.8,-2,2,-20.96,0
-289.21,-51.47,-2,2,-20.96,0
-289.84,-50.84,-2,2,-20.96,0
-290.73,-49.95,-2,2,-20.96,0
-291.36,-49.32,-2,2,-20.96,0
-292.03,-48.65,-2,2,-20.96,0
-292.43,-48.25,-2,2,-20.96,0
-293.33,-47.35,-2,2,-20.96,0
-293.66,-47.02,-2,2,-20.96,0
-294.79,-45.89,-2,2,-20.96,0
-295.39,-45.29,-2,2,-20.96,0
-296.02,-44.66,-2,2,-20.96,0
-296.51,-44.16,-2,2,-20.96,0
-296.98,-43.7,-2,2,-20.96,0
-297.82,-42.86,-2,2,-20.96,0
-298.52,-42.15,-2,2,-20.96,0
-298.92,-41.76,-2,2,-20.96,0
-299.91,-40.76,-2,2,-20.96,0
-300.58,-40.1,-2,2,-20.96,0
-301.19,-39.49,-2,2,-20.96,0
-302.02,-38.66,-2,2,-20.96,0
-302.78,-37.9,-2,2,-20.96,0
-303.38,-37.29,-2,2,-20.96,0
-304.12,-36.56,-2,2,-20.96,0
-304.6,-36.08,-2,2,-20.96,0
-305.33,-35.35,-2,2,-20.96,0
-305.83,-34.85,-2,2,-20.96,0
-306.31,-34.37,-2,2,-20.96,0
-307.3,-33.38,-2,2,-20.96,0
-308.02,-32.66,-2,2,-20.96,0
-308.99,-31.69,-2,2,-20.96,0
-309.74,-30.94,-2,2,-20.96,0
-310.28,-30.4,-2,2,-20.96,0
-311.07,-29.61,-2,2,-20.96,0
-311.6,-29.08,-2,2,-20.96,0
-312.54,-28.14,-2,2,-20.96,0
-313.14,-27.54,-2,2,-20.96,0
-313.57,-27.11,-2,2,-20.96,0
-314.18,-26.5,-2,2,-20.96,0
-314.97,-25.71,-2,2,-20.96,0
-315.71,-24.97,-2,2,-20.96,0
-316.2,-24.48,-2,2,-20.96,0
-316.97,-23.71,-2,2,-20.96,0
-317.45,-23.22,-2,2,-20.96,0
-318.09,-22.59,-2,2,-20.96,0
-318.94,-21.73,-2,2,-20.96,0
-319.43,-21.25,-2,2,-20.96,0
-320.23,-20.45,-2,2,-20.96,0
-320.71,-19.97,-2,2,-20.96,0
-321.46,-19.22,-2,2,-20.96,0
-321.81,-18.87,-2,2,-20.96,0
-322.77,-17.91,-2,2,-20.96,0
-323.37,-17.31,-2,2,-20.96,0
-323.85,-16.82,-2,2,-20.96,0
-324.59,-16.09,-2,2,-20.96,0
-325.19,-15.49,-2,2,-20.96,0
-325.68,-15.0,-2,2,-20.96,0
-326.05,-14.63,-2,2,-20.96,0
-326.86,-13.82,-2,2,-20.96,0
-327.34,-13.34,-2,2,-20.96,0
-327.88,-12.8,-2,2,-20.96,0
-328.63,-12.05,-2,2,-20.96,0
-329.36,-11.32,-2,2,-20.96,0
-329.84,-10.84,-2,2,-20.96,0
-330.69,-9.99,-2,2,-20.96,0
-329.51,-9.5,2,2,-20.96,0
-328.77,-8.76,2,2,-20.96,0
-328.27,-8.26,2,2,-20.96,0
-327.52,-7.51,2,2,-20.96,0
-327.03,-7.02,2,2,-20.96,0
-326.66,-6.65,2,2,-20.96,0
-325.63,-5.62,2,2,-20.96,0
-324.86,-4.85,2,2,-20.96,0
-324.4,-4.39,2,2,-20.96,0
-323.49,-3.48,2,2,-20.96,0
-323.09,-3.08,2,2,-20.96,0
-322.32,-2.31,2,2,-20.96,0
-321.47,-1.46,2,2,-20.96,0
-320.97,-0.96,2,2,-20.96,0
-320.61,-0.6,2,2,-20.96,0
-320.06,-0.05,2,2,-20.96,0
-319.45,0.56,2,2,-20.96,0
-318.83,1.18,2,2,-20.96,0
-317.84,2.17,2,2,-20.96,0
-317.28,2.73,2,2,-20.96,0
-316.75,3.26,2,2,-20.96,0
-316.15,3.86,2,2,-20.96,0
-315.51,4.5,2,2,-20.96,0
-314.78,5.23,2,2,-20.96,0
-314.06,5.95,2,2,-20.96,0
-313.63,6.38,2,2,-20.96,0
-312.73,7.28,2,2,-20.96,0
-312.24,7.77,2,2,-20.96,0
-311.83,8.18,2,2,-20.96,0
-311.32,8.69,2,2,-20.96,0
-310.79,9.22,2,2,-20.96,0
-309.94,10.07,2,2,-20.96,0
-309.08,10.93,2,2,-20.96,0
-308.59,11.42,2,2,-20.96,0
-307.87,12.14,2,2,-20.96,0
-307.38,12.63,2,2,-20.96,0
-306.66,13.35,2,2,-20.96,0
-306.18,13.84,2,2,-20.96,0
-305.36,14.65,2,2,-20.96,0
-304.82,15.19,2,2,-20.96,0
-304.34,15.67,2,2,-20.96,0
-303.53,16.48,2,2,-20.96,0
-302.91,17.1,2,2,-20.96,0
-302.49,17.52,2,2,-20.96,0
-301.52,18.49,2,2,-20.96,0
-301.19,18.82,2,2,-20.96,0
-300.41,19.6,2,2,-20.96,0
-299.74,20.27,2,2,-20.96,0
-299.37,20.64,2,2,-20.96,0
-298.74,21.27,2,2,-20.96,0
-297.83,22.18,2,2,-20.96,0
-297.27,22.74,2,2,-20.96,0
-296.86,23.15,2,2,-20.96,0
-296.25,23.76,2,2,-20.96,0
-295.61,24.4,2,2,-20.96,0
-295.12,24.9,2,2,-20.96,0
-294.51,25.5,2,2,-20.96,0
-293.77,26.24,2,2,-20.96,0
-293.4,26.61,2,2,-20.96,0
-292.89,27.12,2,2,-20.96,0
-292.27,27.74,2,2,-20.96,0
-291.66,28.35,2,2,-20.96,0
-291.3,28.71,2,2,-20.96,0
-290.56,29.45,2,2,-20.96,0
-290.16,29.85,2,2,-20.96,0
-289.55,30.46,2,2,-20.96,0
-288.93,31.08,2,2,-20.96,0
-288.2,31.81,2,2,-20.96,0
-287.57,32.44,2,2,-20.96,0
-286.8,33.21,2,2,-20.96,0
-285.99,34.02,2,2,-20.96,0
-285.4,34.61,2,2,-20.96,0
-284.8,35.21,2,2,-20.96,0
-284.36,35.65,2,2,-20.96,0
-283.75,36.26,2,2,-20.96,0
-283.13,36.88,2,2,-20.96,0
-282.64,37.37,2,2,-20.96,0
-281.9,38.11,2,2,-20.96,0
-281.26,38.75,2,2,-20.96,0
-280.87,39.14,2,2,-20.96,0
-280.25,39.76,2,2,-20.96,0
-279.78,40.23,2,2,-20.96,0
-279.07,40.94,2,2,-20.96,0
-278.69,41.32,2,2,-20.96,0
-277.9,42.11,2,2,-20.96,0
-277.3,42.72,2,2,-20.96,0
-276.81,43.2,2,2,-20.96,0
-276.08,43.93,2,2,-20.96,0
-275.69,44.32,2,2,-20.96,0
-275.2,44.81,2,2,-20.96,0
-274.59,45.42,2,2,-20.96,0
-273.77,46.24,2,2,-20.96,0
-273.41,46.6,2,2,-20.96,0
-272.66,47.35,2,2,-20.96,0
-272.3,47.71,2,2,-20.96,0
-271.73,48.28,2,2,-20.96,0
-271.12,48.89,2,2,-20.96,0
-270.62,49.39,2,2,-20.96,0
-269.84,50.17,2,2,-20.96,0
-269.36,50.65,2,2,-20.96,0
-268.72,51.29,2,2,-20.96,0
-267.96,52.05,2,2,-20.96,0
-267.6,52.41,2,2,-20.96,0
-266.99,53.02,2,2,-20.96,0
-266.5,53.51,2,2,-20.96,0
-265.91,54.1,2,2,-20.96,0
-265.36,54.65,2,2,-20.96,0
-264.87,55.14,2,2,-20.96,0
-264.1,55.91,2,2,-20.96,0
-263.55,56.46,2,2,-20.96,0
-263.12,56.89,2,2,-20.96,0
-262.18,57.83,2,2,-20.96,0
-261.77,58.24,2,2,-20.96,0
-261.04,58.97,2,2,-20.96,0
-260.65,59.36,2,2,-20.96,0
-259.92,60.09,2,2,-20.96,0
-259.44,60.57,2,2,-20.96,0
-258.81,61.2,2,2,-20.96,0
-258.39,61.62,2,2,-20.96,0
-257.9,62.11,2,2,-20.96,0
-257.07,62.94,2,2,-20.96,0
-256.58,63.43,2,2,-20.96,0
-255.9,64.11,2,2,-20.96,0
-255.18,64.83,2,2,-20.96,0
-254.7,65.31,2,2,-20.96,0
-253.81,66.21,2,2,-20.96,0
-253.2,66.81,2,2,-20.96,0
-252.48,67.53,2,2,-20.96,0
-252.08,67.93,2,2,-20.96,0
-251.31,68.7,2,2,-20.96,0
-250.81,69.2,2,2,-20.96,0
-249.94,70.07,2,2,-20.96,0
-249.39,70.62,2,2,-20.96,0
-248.99,71.02,2,2,-20.96,0
-248.5,71.51,2,2,-20.96,0
-247.79,72.22,2,2,-20.96,0
-247.3,72.71,2,2,-20.96,0
-246.8,73.21,2,2,-20.96,0
-245.94,74.07,2,2,-20.96,0
-245.58,74.43,2,2,-20.96,0
-244.98,75.03,2,2,-20.96,0
-244.1,75.91,2,2,-20.96,0
-243.71,76.3,2,2,-20.96,0
-243.05,76.96,2,2,-20.96,0
-242.26,77.75,2,2,-20.96,0
-241.61,78.4,2,2,-20.96,0
-241.27,78.75,2,2,-20.96,0
-240.4,79.61,2,2,-20.96,0
-240.04,79.97,2,2,-20.96,0
-239.15,80.86,2,2,-20.96,0
-238.59,81.42,2,2,-20.96,0
-237.91,82.1,2,2,-20.96,0
-237.31,82.7,2,2,-20.96,0
-236.85,83.16,2,2,-20.96,0
-236.21,83.8,2,2,-20.96,0
-235.54,84.47,2,2,-20.96,0
-234.99,85.02,2,2,-20.96,0
-234.35,85.66,2,2,-20.96,0
-233.95,86.06,2,2,-20.96,0
-233.15,86.86,2,2,-20.96,0
-232.46,87.55,2,2,-20.96,0
-231.79,88.22,2,2,-20.96,0
-231.04,88.97,2,2,-20.96,0
-230.37,89.64,2,2,-20.96,0
-230.01,90.0,2,2,-20.96,0
-229.17,90.84,2,2,-20.96,0
-228.86,91.15,2,2,-20.96,0
-228.32,91.69,2,2,-20.96,0
-227.83,92.18,2,2,-20.96,0
-227.1,92.91,2,2,-20.96,0
-226.74,93.27,2,2,-20.96,0
-225.95,94.06,2,2,-20.96,0
-225.39,94.62,2,2,-20.96,0
-224.9,95.12,2,2,-20.96,0
-224.28,95.73,2,2,-20.96,0
-223.8,96.21,2,2,-20.96,0
-223.31,96.7,2,2,-20.96,0
-222.79,97.22,2,2,-20.96,0
-222.3,97.71,2,2,-20.96,0
-221.58,98.43,2,2,-20.96,0
-221.25,98.76,2,2,-20.96,0
-220.33,99.68,2,2,-20.96,0
-219.97,100.04,2,2,-20.96,0
-219.35,100.66,2,2,-20.96,0
-218.98,101.03,2,2,-20.96,0
-218.36,101.65,2,2,-20.96,0
-217.63,102.38,2,2,-20.96,0
-217.07,102.94,2,2,-20.96,0
-216.71,103.3,2,2,-20.96,0
-215.98,104.03,2,2,-20.96,0
-215.37,104.64,2,2,-20.96,0
-214.89,105.12,2,2,-20.96,0
-214.35,105.66,2,2,-20.96,0
-213.71,106.3,2,2,-20.96,0
-212.98,107.03,2,2,-20.96,0
-212.26,107.75,2,2,-20.96,0
-211.9,108.11,2,2,-20.96,0
-211.4,108.61,2,2,-20.96,0
-210.8,109.21,2,2,-20.96,0
-210.16,109.85,2,2,-20.96,0
-209.59,110.42,2,2,-20.96,0
-208.92,111.09,2,2,-20.96,0
-208.42,111.59,2,2,-20.96,0
-207.81,112.2,2,2,-20.96,0
-207.09,112.92,2,2,-20.96,0
-206.69,113.32,2,2,-20.96,0
-206.16,113.85,2,2,-20.96,0
-205.61,114.4,2,2,-20.96,0
-204.69,115.32,2,2,-20.96,0
-204.36,115.65,2,2,-20.96,0
-203.87,116.14,2,2,-20.96,0
-203.4,116.61,2,2,-20.96,0
-202.66,117.35,2,2,-20.96,0
-202.06,117.95,2,2,-20.96,0
-201.65,118.36,2,2,-20.96,0
-201.04,118.97,2,2,-20.96,0
-200.44,119.57,2,2,-20.96,0
-199.91,120.1,2,2,-20.96,0
-198.98,121.03,2,2,-20.96,0
-198.58,121.43,2,2,-20.96,0
-198.1,121.91,2,2,-20.96,0
-197.42,122.6,2,2,-20.96,0
-196.84,123.17,2,2,-20.96,0
-196.41,123.6,2,2,-20.96,0
-195.55,124.46,2,2,-20.96,0
-194.9,125.11,2,2,-20.96,0
-194.53,125.48,2,2,-20.96,0
-194.06,125.95,2,2,-20.96,0
-193.58,126.43,2,2,-20.96,0
-193.04,126.97,2,2,-20.96,0
-192.32,127.69,2,2,-20.96,0
-191.83,128.18,2,2,-20.96,0
-191.16,128.85,2,2,-20.96,0
-190.66,129.35,2,2,-20.96,0
-189.67,130.34,2,2,-20.96,0
-189.06,130.95,2,2,-20.96,0
-188.44,131.57,2,2,-20.96,0
-188.05,131.96,2,2,-20.96,0
-187.37,132.64,2,2,-20.96,0
-186.92,133.09,2,2,-20.96,0
-186.41,133.6,2,2,-20.96,0
-185.37,134.64,2,2,-20.96,0
-184.88,135.13,2,2,-20.96,0
-184.15,135.86,2,2,-20.96,0
-183.65,136.36,2,2,-20.96,0
-182.85,137.16,2,2,-20.96,0
-182.25,137.76,2,2,-20.96,0
-181.51,138.5,2,2,-20.96,0
-181.02,138.99,2,2,-20.96,0
-180.2,139.81,2,2,-20.96,0
-179.71,140.3,2,2,-20.96,0
-178.99,141.02,2,2,-20.96,0
-178.5,141.51,2,2,-20.96,0
-177.78,142.23,2,2,-20.96,0
-177.0,143.01,2,2,-20.96,0
-176.2,143.81,2,2,-20.96,0
-175.71,144.3,2,2,-20.96,0
-174.99,145.02,2,2,-20.96,0
-174.26,145.75,2,2,-20.96,0
-173.66,146.35,2,2,-20.96,0
-172.88,147.13,2,2,-20.96,0
-172.39,147.62,2,2,-20.96,0
-171.67,148.34,2,2,-20.96,0
-170.95,149.06,2,2,-20.96,0
-170.27,149.74,2,2,-20.96,0
-169.56,150.45,2,2,-20.96,0
-168.83,151.18,2,2,-20.96,0
-168.34,151.67,2,2,-20.96,0
-167.82,152.19,2,2,-20.96,0
-167.09,152.92,2,2,-20.96,0
-166.36,153.65,2,2,-20.96,0
-165.62,154.39,2,2,-20.96,0
-164.87,155.14,2,2,-20.96,0
-164.39,155.62,2,2,-20.96,0
-163.66,156.35,2,2,-20.96,0
-162.96,157.05,2,2,-20.96,0
-162.47,157.54,2,2,-20.96,0
-161.26,158.75,2,2,-20.96,0
-160.74,159.27,2,2,-20.96,0
-160.25,159.76,2,2,-20.96,0
-159.52,160.49,2,2,-20.96,0
-158.92,161.09,2,2,-20.96,0
-158.27,161.74,2,2,-20.96,0
-157.54,162.47,2,2,-20.96,0
-157.19,162.82,2,2,-20.96,0
-156.31,163.7,2,2,-20.96,0
-155.9,164.11,2,2,-20.96,0
-155.29,164.72,2,2,-20.96,0
-154.51,165.5,2,2,-20.96,0
-153.78,166.23,2,2,-20.96,0
-152.69,167.32,2,2,-20.96,0
-152.01,168.0,2,2,-20.96,0
-151.4,168.61,2,2,-20.96,0
-150.79,169.22,2,2,-20.96,0
-149.99,170.02,2,2,-20.96,0
-149.41,170.6,2,2,-20.96,0
-148.89,171.12,2,2,-20.96,0
-148.32,171.69,2,2,-20.96,0
-147.55,172.46,2,2,-20.96,0
-147.06,172.95,2,2,-20.96,0
-146.33,173.68,2,2,-20.96,0
-145.5,174.51,2,2,-20.96,0
-144.9,175.11,2,2,-20.96,0
-144.41,175.6,2,2,-20.96,0
-143.8,176.21,2,2,-20.96,0
-143.11,176.9,2,2,-20.96,0
-142.79,177.22,2,2,-20.96,0
-141.9,178.11,2,2,-20.96,0
-141.3,178.71,2,2,-20.96,0
-140.89,179.12,2,2,-20.96,0
-140.36,179.65,2,2,-20.96,0
-139.5,180.51,2,2,-20.96,0
-138.74,181.27,2,2,-20.96,0
-137.9,182.11,2,2,-20.96,0
-137.18,182.83,2,2,-20.96,0
-136.51,183.5,2,2,-20.96,0
-135.73,184.28,2,2,-20.96,0
-135.1,184.91,2,2,-20.96,0
-134.2,185.81,2,2,-20.96,0
-133.62,186.39,2,2,-20.96,0
-132.72,187.3,2,2,-20.96,0
-132.04,187.97,2,2,-20.96,0
-131.55,188.46,2,2,-20.96,0
-131.09,188.92,2,2,-20.96,0
-130.49,189.52,2,2,-20.96,0
-129.77,190.24,2,2,-20.96,0
-129.04,190.97,2,2,-20.96,0
-128.18,191.83,2,2,-20.96,0
-127.55,192.46,2,2,-20.96,0
-126.9,193.11,2,2,-20.96,0
-126.54,193.47,2,2,-20.96,0
-125.93,194.08,2,2,-20.96,0
-125.12,194.89,2,2,-20.96,0
-124.31,195.7,2,2,-20.96,0
-123.67,196.34,2,2,-20.96,0
-122.95,197.06,2,2,-20.96,0
-122.32,197.69,2,2,-20.96,0
-121.77,198.24,2,2,-20.96,0
-121.16,198.85,2,2,-20.96,0
-120.68,199.33,2,2,-20.96,0
-120.07,199.94,2,2,-20.96,0
-119.52,200.49,2,2,-20.96,0
-119.02,200.99,2,2,-20.96,0
-118.2,201.81,2,2,-20.96,0
-117.56,202.45,2,2,-20.96,0
-116.54,203.47,2,2,-20.96,0
-115.9,204.11,2,2,-20.96,0
-115.51,204.5,2,2,-20.96,0
-114.99,205.02,2,2,-20.96,0
-114.28,205.73,2,2,-20.96,0
-113.54,206.47,2,2,-20.96,0
-113.21,206.8,2,2,-20.96,0
-112.7,207.31,2,2,-20.96,0
-112.2,207.81,2,2,-20.96,0
-111.46,208.55,2,2,-20.96,0
-111.1,208.91,2,2,-20.96,0
-110.47,209.54,2,2,-20.96,0
-109.67,210.35,2,2,-20.96,0
-109.31,210.7,2,2,-20.96,0
-108.46,211.55,2,2,-20.96,0
-108.06,211.95,2,2,-20.96,0
-107.54,212.47,2,2,-20.96,0
-107.03,212.98,2,2,-20.96,0
-106.1,213.91,2,2,-20.96,0
-105.42,214.59,2,2,-20.96,0
-105.01,215.0,2,2,-20.96,0
-104.14,215.87,2,2,-20.96,0
-103.53,216.48,2,2,-20.96,0
-103.05,216.96,2,2,-20.96,0
-102.52,217.49,2,2,-20.96,0
-101.63,218.38,2,2,-20.96,0
-101.21,218.8,2,2,-20.96,0
-100.69,219.33,2,2,-20.96,0
-100.1,219.91,2,2,-20.96,0
-99.32,220.69,2,2,-20.96,0
-98.96,221.05,2,2,-20.96,0
-98.39,221.62,2,2,-20.96,0
-97.88,222.13,2,2,-20.96,0
-96.99,223.02,2,2,-20.96,0
-96.63,223.38,2,2,-20.96,0
-95.77,224.24,2,2,-20.96,0
-95.21,224.8,2,2,-20.96,0
-94.55,225.46,2,2,-20.96,0
-93.67,226.34,2,2,-20.96,0
-93.04,226.97,2,2,-20.96,0
-92.39,227.62,2,2,-20.96,0
-91.79,228.22,2,2,-20.96,0
-91.25,228.76,2,2,-20.96,0
-90.42,229.59,2,2,-20.96,0
-89.98,230.03,2,2,-20.96,0
-89.32,230.69,2,2,-20.96,0
-88.57,231.44,2,2,-20.96,0
-87.95,232.06,2,2,-20.96,0
-87.06,232.95,2,2,-20.96,0
-86.69,233.32,2,2,-20.96,0
-85.81,234.2,2,2,-20.96,0
-85.24,234.77,2,2,-20.96,0
-84.78,235.23,2,2,-20.96,0
-83.86,236.15,2,2,-20.96,0
-83.38,236.63,2,2,-20.96,0
-82.58,237.43,2,2,-20.96,0
-81.99,238.02,2,2,-20.96,0
-81.37,238.64,2,2,-20.96,0
-80.89,239.12,2,2,-20.96,0
-80.13,239.88,2,2,-20.96,0
-79.69,240.32,2,2,-20.96,0
-78.91,241.1,2,2,-20.96,0
-78.5,241.51,2,2,-20.96,0
-77.65,242.36,2,2,-20.96,0
-77.05,242.96,2,2,-20.96,0
-76.45,243.56,2,2,-20.96,0
-75.89,244.13,2,2,-20.96,0
-75.14,244.87,2,2,-20.96,0
-74.47,245.54,2,2,-20.96,0
-73.99,246.02,2,2,-20.96,0
-73.25,246.76,2,2,-20.96,0
-72.56,247.45,2,2,-20.96,0
-72.2,247.81,2,2,-20.96,0
-71.44,248.57,2,2,-20.96,0
-70.9,249.11,2,2,-20.96,0
-70.25,249.76,2,2,-20.96,0
-69.55,250.46,2,2,-20.96,0
-68.88,251.13,2,2,-20.96,0
-68.23,251.78,2,2,-20.96,0
-67.87,252.14,2,2,-20.96,0
-67.11,252.9,2,2,-20.96,0
-66.63,253.38,2,2,-20.96,0
-65.9,254.11,2,2,-20.96,0
-65.25,254.76,2,2,-20.96,0
-64.92,255.09,2,2,-20.96,0
-64.31,255.7,2,2,-20.96,0
-63.75,256.26,2,2,-20.96,0
-62.9,257.11,2,2,-20.96,0
-62.5,257.51,2,2,-20.96,0
-61.7,258.31,2,2,-20.96,0
-61.06,258.95,2,2,-20.96,0
-60.31,259.7,2,2,-20.96,0
-59.49,260.52,2,2,-20.96,0
-58.88,261.13,2,2,-20.96,0
-58.31,261.7,2,2,-20.96,0
-57.61,262.4,2,2,-20.96,0
-56.98,263.03,2,2,-20.96,0
-56.36,263.65,2,2,-20.96,0
-55.88,264.13,2,2,-20.96,0
-55.26,264.75,2,2,-20.96,0
-54.48,265.53,2,2,-20.96,0
-53.87,266.14,2,2,-20.96,0
-53.02,266.99,2,2,-20.96,0
-52.3,267.71,2,2,-20.96,0
-51.58,268.43,2,2,-20.96,0
-50.96,269.05,2,2,-20.96,0
-50.27,269.74,2,2,-20.96,0
-49.85,270.16,2,2,-20.96,0
-49.25,270.76,2,2,-20.96,0
-48.46,271.55,2,2,-20.96,0
-47.85,272.16,2,2,-20.96,0
-47.17,272.84,2,2,-20.96,0
-46.68,273.33,2,2,-20.96,0
-45.88,274.14,2,2,-20.96,0
-45.02,274.99,2,2,-20.96,0
-44.58,275.43,2,2,-20.96,0
-43.69,276.32,2,2,-20.96,0
-43.2,276.81,2,2,-20.96,0
-42.39,277.62,2,2,-20.96,0
-41.43,278.58,2,2,-20.96,0
-40.76,279.25,2,2,-20.96,0
-40.03,279.98,2,2,-20.96,0
-39.55,280.46,2,2,-20.96,0
-38.56,281.45,2,2,-20.96,0
-37.9,282.11,2,2,-20.96,0
-37.26,282.75,2,2,-20.96,0
-36.9,283.11,2,2,-20.96,0
-36.34,283.67,2,2,-20.96,0
-35.82,284.19,2,2,-20.96,0
-34.99,285.02,2,2,-20.96,0
-34.26,285.75,2,2,-20.96,0
-33.85,286.16,2,2,-20.96,0
-33.02,286.99,2,2,-20.96,0
-32.35,287.66,2,2,-20.96,0
-31.74,288.27,2,2,-20.96,0
-31.1,288.91,2,2,-20.96,0
-30.5,289.51,2,2,-20.96,0
-29.86,290.15,2,2,-20.96,0
-29.13,289.28,2,-2,-20.96,0
-28.8,288.94,2,-2,-20.96,0
-28.02,288.16,2,-2,-20.96,0
-27.17,287.31,2,-2,-20.96,0
-26.81,286.95,2,-2,-20.96,0
-25.85,285.99,2,-2,-20.96,0
-25.51,285.66,2,-2,-20.96,0
-24.99,285.13,2,-2,-20.96,0
-24.17,284.31,2,-2,-20.96,0
-23.27,283.41,2,-2,-20.96,0
-22.58,282.73,2,-2,-20.96,0
-21.73,281.87,2,-2,-20.96,0
-20.77,280.91,2,-2,-20.96,0
-20.18,280.32,2,-2,-20.96,0
-19.51,279.65,2,-2,-20.96,0
-18.91,279.05,2,-2,-20.96,0
-18.49,278.63,2,-2,-20.96,0
-17.89,278.03,2,-2,-20.96,0
-16.7,276.84,2,-2,-20.96,0
-16.36,276.5,2,-2,-20.96,0
-15.73,275.87,2,-2,-20.96,0
-15.12,275.27,2,-2,-20.96,0
-14.46,274.6,2,-2,-20.96,0
-13.85,273.99,2,-2,-20.96,0
-12.93,273.07,2,-2,-20.96,0
-12.27,272.41,2,-2,-20.96,0
-11.65,271.79,2,-2,-20.96,0
-10.98,271.12,2,-2,-20.96,0
-10.31,270.45,2,-2,-20.96,0
-9.91,270.05,2,-2,-20.96,0
-9.18,269.32,2,-2,-20.96,0
-8.47,268.61,2,-2,-20.96,0
-7.83,267.97,2,-2,-20.96,0
-7.4,267.54,2,-2,-20.96,0
-6.79,266.94,2,-2,-20.96,0
-5.94,266.08,2,-2,-20.96,0
-5.01,265.15,2,-2,-20.96,0
-4.2,264.35,2,-2,-20.96,0
-3.8,263.94,2,-2,-20.96,0
-3.19,263.33,2,-2,-20.96,0
-2.66,262.8,2,-2,-20.96,0
-1.78,261.92,2,-2,-20.96,0
-1.12,261.26,2,-2,-20.96,0
-0.49,260.63,2,-2,-20.96,0
0.11,260.03,2,-2,-20.96,0
0.65,259.49,2,-2,-20.96,0
1.29,258.85,2,-2,-20.96,0
2.07,258.07,2,-2,-20.96,0
2.89,257.25,2,-2,-20.96,0
3.51,256.63,2,-2,-20.96,0
4.26,255.88,2,-2,-20.96,0
4.68,255.46,2,-2,-20.96,0
5.61,254.53,2,-2,-20.96,0
6.27,253.87,2,-2,-20.96,0
6.97,253.17,2,-2,-20.96,0
7.61,252.53,2,-2,-20.96,0
8.1,252.05,2,-2,-20.96,0
8.47,251.67,2,-2,-20.96,0
9.36,250.78,2,-2,-20.96,0
10.02,250.13,2,-2,-20.96,0
10.76,249.38,2,-2,-20.96,0
11.24,248.9,2,-2,-20.96,0
11.97,248.17,2,-2,-20.96,0
12.46,247.68,2,-2,-20.96,0
13.17,246.97,2,-2,-20.96,0
14.02,246.12,2,-2,-20.96,0
14.63,245.51,2,-2,-20.96,0
14.99,245.15,2,-2,-20.96,0
15.99,244.15,2,-2,-20.96,0
16.39,243.75,2,-2,-20.96,0
17.21,242.93,2,-2,-20.96,0
18.1,242.05,2,-2,-20.96,0
18.46,241.68,2,-2,-20.96,0
19.19,240.95,2,-2,-20.96,0
19.58,240.56,2,-2,-20.96,0
20.32,239.83,2,-2,-20.96,0
20.98,239.16,2,-2,-20.96,0
21.55,238.59,2,-2,-20.96,0
22.43,237.71,2,-2,-20.96,0
23.01,237.13,2,-2,-20.96,0
23.62,236.52,2,-2,-20.96,0
24.38,235.76,2,-2,-20.96,0
25.02,235.12,2,-2,-20.96,0
25.55,234.59,2,-2,-20.96,0
26.16,233.98,2,-2,-20.96,0
26.97,233.17,2,-2,-20.96,0
27.31,232.84,2,-2,-20.96,0
28.09,232.05,2,-2,-20.96,0
28.68,231.46,2,-2,-20.96,0
29.07,231.07,2,-2,-20.96,0
29.7,230.45,2,-2,-20.96,0
30.55,229.59,2,-2,-20.96,0
30.99,229.15,2,-2,-20.96,0
31.75,228.39,2,-2,-20.96,0
32.16,227.98,2,-2,-20.96,0
33.01,227.13,2,-2,-20.96,0
33.4,226.74,2,-2,-20.96,0
34.21,225.93,2,-2,-20.96,0
34.65,225.49,2,-2,-20.96,0
35.5,224.64,2,-2,-20.96,0
36.06,224.08,2,-2,-20.96,0
36.71,223.43,2,-2,-20.96,0
37.28,222.86,2,-2,-20.96,0
38.0,222.14,2,-2,-20.96,0
38.69,221.45,2,-2,-20.96,0
39.57,220.57,2,-2,-20.96,0
40.2,219.94,2,-2,-20.96,0
40.56,219.58,2,-2,-20.96,0
41.2,218.94,2,-2,-20.96,0
41.92,218.22,2,-2,-20.96,0
42.36,217.79,2,-2,-20.96,0
43.17,216.97,2,-2,-20.96,0
43.65,216.49,2,-2,-20.96,0
44.43,215.71,2,-2,-20.96,0
44.91,215.23,2,-2,-20.96,0
45.68,214.46,2,-2,-20.96,0
46.58,213.56,2,-2,-20.96,0
47.31,212.83,2,-2,-20.96,0
47.92,212.22,2,-2,-20.96,0
48.54,211.6,2,-2,-20.96,0
49.02,211.12,2,-2,-20.96,0
49.78,210.36,2,-2,-20.96,0
50.34,209.8,2,-2,-20.96,0
51.13,209.01,2,-2,-20.96,0
51.62,208.52,2,-2,-20.96,0
52.36,207.79,2,-2,-20.96,0
52.95,207.19,2,-2,-20.96,0
53.68,206.46,2,-2,-20.96,0
54.4,205.74,2,-2,-20.96,0
54.97,205.18,2,-2,-20.96,0
55.6,204.54,2,-2,-20.96,0
56.09,204.05,2,-2,-20.96,0
56.45,203.69,2,-2,-20.96,0
57.02,203.12,2,-2,-20.96,0
58.04,202.1,2,-2,-20.96,0
58.6,201.55,2,-2,-20.96,0
59.32,200.82,2,-2,-20.96,0
59.81,200.33,2,-2,-20.96,0
60.54,199.6,2,-2,-20.96,0
60.89,199.25,2,-2,-20.96,0
61.96,198.18,2,-2,-20.96,0
62.76,197.38,2,-2,-20.96,0
63.48,196.66,2,-2,-20.96,0
63.99,196.15,2,-2,-20.96,0
64.58,195.56,2,-2,-20.96,0
65.21,194.93,2,-2,-20.96,0
66.1,194.04,2,-2,-20.96,0
66.7,193.44,2,-2,-20.96,0
67.1,193.04,2,-2,-20.96,0
67.77,192.37,2,-2,-20.96,0
68.64,191.5,2,-2,-20.96,0
69.05,191.09,2,-2,-20.96,0
69.87,190.27,2,-2,-20.96,0
70.71,189.43,2,-2,-20.96,0
71.2,188.94,2,-2,-20.96,0
71.71,188.43,2,-2,-20.96,0
72.21,187.93,2,-2,-20.96,0
73.07,187.07,2,-2,-20.96,0
73.68,186.47,2,-2,-20.96,0
74.4,185.74,2,-2,-20.96,0
74.9,185.24,2,-2,-20.96,0
75.51,184.63,2,-2,-20.96,0
76.11,184.03,2,-2,-20.96,0
76.71,183.43,2,-2,-20.96,0
77.03,183.11,2,-2,-20.96,0
77.54,182.61,2,-2,-20.96,0
78.5,181.64,2,-2,-20.96,0
78.87,181.27,2,-2,-20.96,0
79.35,180.79,2,-2,-20.96,0
79.98,180.17,2,-2,-20.96,0
80.46,179.68,2,-2,-20.96,0
81.06,179.08,2,-2,-20.96,0
82.01,178.14,2,-2,-20.96,0
82.64,177.5,2,-2,-20.96,0
83.0,177.14,2,-2,-20.96,0
83.65,176.49,2,-2,-20.96,0
84.06,176.08,2,-2,-20.96,0
84.99,175.15,2,-2,-20.96,0
85.55,174.59,2,-2,-20.96,0
86.19,173.95,2,-2,-20.96,0
86.85,173.3,2,-2,-20.96,0
87.49,172.65,2,-2,-20.96,0
88.06,172.08,2,-2,-20.96,0
88.9,171.24,2,-2,-20.96,0
89.56,170.58,2,-2,-20.96,0
89.99,170.16,2,-2,-20.96,0
90.95,169.19,2,-2,-20.96,0
91.36,168.78,2,-2,-20.96,0
92.24,167.9,2,-2,-20.96,0
92.87,167.27,2,-2,-20.96,0
93.24,166.9,2,-2,-20.96,0
93.76,166.38,2,-2,-20.96,0
94.57,165.57,2,-2,-20.96,0
95.29,164.85,2,-2,-20.96,0
95.65,164.49,2,-2,-20.96,0
96.39,163.76,2,-2,-20.96,0
96.78,163.36,2,-2,-20.96,0
97.47,162.67,2,-2,-20.96,0
98.2,161.94,2,-2,-20.96,0
98.62,161.52,2,-2,-20.96,0
99.16,160.98,2,-2,-20.96,0
99.66,160.48,2,-2,-20.96,0
100.26,159.88,2,-2,-20.96,0
100.87,159.27,2,-2,-20.96,0
101.39,158.75,2,-2,-20.96,0
102.15,157.99,2,-2,-20.96,0
102.78,157.36,2,-2,-20.96,0
103.51,156.63,2,-2,-20.96,0
103.89,156.25,2,-2,-20.96,0
104.52,155.62,2,-2,-20.96,0
105.08,155.06,2,-2,-20.96,0
105.69,154.45,2,-2,-20.96,0
106.35,153.8,2,-2,-20.96,0
106.92,153.22,2,-2,-20.96,0
107.54,152.6,2,-2,-20.96,0
107.95,152.19,2,-2,-20.96,0
108.6,151.55,2,-2,-20.96,0
109.32,150.82,2,-2,-20.96,0
109.95,150.19,2,-2,-20.96,0
110.68,149.46,2,-2,-20.96,0
111.08,149.06,2,-2,-20.96,0
111.65,148.49,2,-2,-20.96,0
112.16,147.98,2,-2,-20.96,0
112.8,147.34,2,-2,-20.96,0
113.29,146.85,2,-2,-20.96,0
114.28,145.87,2,-2,-20.96,0
114.68,145.46,2,-2,-20.96,0
115.33,144.82,2,-2,-20.96,0
116.06,144.09,2,-2,-20.96,0
116.55,143.59,2,-2,-20.96,0
117.08,143.06,2,-2,-20.96,0
117.88,142.26,2,-2,-20.96,0
118.48,141.66,2,-2,-20.96,0
118.9,141.24,2,-2,-20.96,0
119.74,140.4,2,-2,-20.96,0
120.35,139.8,2,-2,-20.96,0
120.95,139.19,2,-2,-20.96,0
121.65,138.49,2,-2,-20.96,0
122.29,137.85,2,-2,-20.96,0
122.65,137.49,2,-2,-20.96,0
123.2,136.94,2,-2,-20.96,0
123.69,136.45,2,-2,-20.96,0
124.3,135.84,2,-2,-20.96,0
125.23,134.91,2,-2,-20.96,0
125.84,134.31,2,-2,-20.96,0
126.82,133.32,2,-2,-20.96,0
127.36,132.78,2,-2,-20.96,0
128.13,132.01,2,-2,-20.96,0
129.04,131.1,2,-2,-20.96,0
129.62,130.52,2,-2,-20.96,0
130.19,129.95,2,-2,-20.96,0
130.84,129.3,2,-2,-20.96,0
131.45,128.69,2,-2,-20.96,0
131.86,128.28,2,-2,-20.96,0
132.78,127.36,2,-2,-20.96,0
133.27,126.87,2,-2,-20.96,0
133.82,126.32,2,-2,-20.96,0
134.62,125.52,2,-2,-20.96,0
135.03,125.11,2,-2,-20.96,0
135.64,124.5,2,-2,-20.96,0
136.25,123.89,2,-2,-20.96,0
136.81,123.33,2,-2,-20.96,0
137.6,122.54,2,-2,-20.96,0
138.2,121.94,2,-2,-20.96,0
138.77,121.37,2,-2,-20.96,0
139.18,120.97,2,-2,-20.96,0
140.05,120.09,2,-2,-20.96,0
140.97,119.17,2,-2,-20.96,0
141.68,118.46,2,-2,-20.96,0
142.29,117.85,2,-2,-20.96,0
142.62,117.52,2,-2,-20.96,0
143.35,116.79,2,-2,-20.96,0
143.95,116.19,2,-2,-20.96,0
144.43,115.71,2,-2,-20.96,0
145.0,115.14,2,-2,-20.96,0
145.62,114.52,2,-2,-20.96,0
146.4,113.74,2,-2,-20.96,0
146.76,113.38,2,-2,-20.96,0
147.25,112.89,2,-2,-20.96,0
147.98,112.16,2,-2,-20.96,0
148.47,111.67,2,-2,-20.96,0
148.99,111.15,2,-2,-20.96,0
149.49,110.65,2,-2,-20.96,0
150.09,110.05,2,-2,-20.96,0
150.97,109.17,2,-2,-20.96,0
151.7,108.44,2,-2,-20.96,0
152.12,108.02,2,-2,-20.96,0
152.89,107.25,2,-2,-20.96,0
153.59,106.55,2,-2,-20.96,0
154.15,105.99,2,-2,-20.96,0
154.56,105.59,2,-2,-20.96,0
155.32,104.82,2,-2,-20.96,0
156.06,104.08,2,-2,-20.96,0
156.68,103.46,2,-2,-20.96,0
157.33,102.81,2,-2,-20.96,0
158.06,102.08,2,-2,-20.96,0
158.66,101.48,2,-2,-20.96,0
159.37,100.77,2,-2,-20.96,0
160.01,100.13,2,-2,-20.96,0
160.65,99.5,2,-2,-20.96,0
161.3,98.84,2,-2,-20.96,0
161.96,98.18,2,-2,-20.96,0
162.44,97.7,2,-2,-20.96,0
163.45,96.69,2,-2,-20.96,0
164.07,96.07,2,-2,-20.96,0
164.84,95.31,2,-2,-20.96,0
165.5,94.64,2,-2,-20.96,0
166.16,93.98,2,-2,-20.96,0
167.03,93.11,2,-2,-20.96,0
167.6,92.54,2,-2,-20.96,0
168.56,91.58,2,-2,-20.96,0
169.12,91.02,2,-2,-20.96,0
169.84,90.3,2,-2,-20.96,0
170.8,89.34,2,-2,-20.96,0
171.57,88.58,2,-2,-20.96,0
172.16,87.98,2,-2,-20.96,0
173.04,87.1,2,-2,-20.96,0
173.7,86.44,2,-2,-20.96,0
174.42,85.72,2,-2,-20.96,0
175.05,85.09,2,-2,-20.96,0
175.69,84.45,2,-2,-20.96,0
176.08,84.06,2,-2,-20.96,0
176.93,83.21,2,-2,-20.96,0
177.41,82.73,2,-2,-20.96,0
178.25,81.89,2,-2,-20.96,0
178.9,81.24,2,-2,-20.96,0
179.51,80.63,2,-2,-20.96,0
180.38,79.76,2,-2,-20.96,0
180.99,79.15,2,-2,-20.96,0
181.34,78.8,2,-2,-20.96,0
182.31,77.83,2,-2,-20.96,0
182.92,77.22,2,-2,-20.96,0
183.52,76.62,2,-2,-20.96,0
184.18,75.96,2,-2,-20.96,0
184.58,75.56,2,-2,-20.96,0
185.06,75.08,2,-2,-20.96,0
185.58,74.56,2,-2,-20.96,0
186.53,73.62,2,-2,-20.96,0
187.11,73.03,2,-2,-20.96,0
187.58,72.56,2,-2,-20.96,0
188.09,72.05,2,-2,-20.96,0
188.75,71.39,2,-2,-20.96,0
189.45,70.69,2,-2,-20.96,0
190.07,70.08,2,-2,-20.96,0
190.72,69.42,2,-2,-20.96,0
191.1,69.04,2,-2,-20.96,0
191.76,68.38,2,-2,-20.96,0
192.36,67.78,2,-2,-20.96,0
192.73,67.41,2,-2,-20.96,0
193.34,66.8,2,-2,-20.96,0
194.07,66.07,2,-2,-20.96,0
194.63,65.51,2,-2,-20.96,0
195.26,64.89,2,-2,-20.96,0
195.74,64.4,2,-2,-20.96,0
196.27,63.87,2,-2,-20.96,0
197.03,63.11,2,-2,-20.96,0
197.66,62.48,2,-2,-20.96,0
198.57,61.58,2,-2,-20.96,0
199.06,61.08,2,-2,-20.96,0
199.55,60.59,2,-2,-20.96,0
200.34,59.81,2,-2,-20.96,0
200.86,59.28,2,-2,-20.96,0
201.6,58.54,2,-2,-20.96,0
202.1,58.04,2,-2,-20.96,0
202.9,57.24,2,-2,-20.96,0
203.4,56.74,2,-2,-20.96,0
204.15,55.99,2,-2,-20.96,0
204.67,55.48,2,-2,-20.96,0
205.41,54.73,2,-2,-20.96,0
206.15,53.99,2,-2,-20.96,0
206.89,53.26,2,-2,-20.96,0
207.39,52.75,2,-2,-20.96,0
207.88,52.26,2,-2,-20.96,0
208.69,51.45,2,-2,-20.96,0
209.55,50.59,2,-2,-20.96,0
210.45,49.69,2,-2,-20.96,0
210.93,49.21,2,-2,-20.96,0
211.58,48.57,2,-2,-20.96,0
212.22,47.92,2,-2,-20.96,0
212.71,47.43,2,-2,-20.96,0
213.32,46.82,2,-2,-20.96,0
214.1,46.04,2,-2,-20.96,0
214.71,45.43,2,-2,-20.96,0
215.33,44.81,2,-2,-20.96,0
216.0,44.14,2,-2,-20.96,0
216.66,43.49,2,-2,-20.96,0
217.26,42.88,2,-2,-20.96,0
218.04,42.1,2,-2,-20.96,0
218.62,41.53,2,-2,-20.96,0
219.26,40.88,2,-2,-20.96,0
219.96,40.18,2,-2,-20.96,0
220.28,39.86,2,-2,-20.96,0
221.13,39.01,2,-2,-20.96,0
221.56,38.58,2,-2,-20.96,0
222.46,37.69,2,-2,-20.96,0
223.16,36.98,2,-2,-20.96,0
223.83,36.31,2,-2,-20.96,0
224.27,35.87,2,-2,-20.96,0
225.28,34.86,2,-2,-20.96,0
225.6,34.54,2,-2,-20.96,0
226.42,33.72,2,-2,-20.96,0
227.02,33.12,2,-2,-20.96,0
227.57,32.57,2,-2,-20.96,0
228.24,31.9,2,-2,-20.96,0
228.92,31.23,2,-2,-20.96,0
229.33,30.81,2,-2,-20.96,0
230.38,29.76,2,-2,-20.96,0
230.74,29.4,2,-2,-20.96,0
231.73,28.41,2,-2,-20.96,0
232.22,27.92,2,-2,-20.96,0
232.94,27.2,2,-2,-20.96,0
233.6,26.55,2,-2,-20.96,0
234.48,25.66,2,-2,-20.96,0
235.22,24.92,2,-2,-20.96,0
235.71,24.44,2,-2,-20.96,0
236.43,23.71,2,-2,-20.96,0
236.92,23.22,2,-2,-20.96,0
237.53,22.61,2,-2,-20.96,0
238.38,21.76,2,-2,-20.96,0
238.87,21.27,2,-2,-20.96,0
239.59,20.55,2,-2,-20.96,0
240.14,20.0,2,-2,-20.96,0
240.63,19.51,2,-2,-20.96,0
241.37,18.77,2,-2,-20.96,0
241.92,18.22,2,-2,-20.96,0
242.69,17.45,2,-2,-20.96,0
243.17,16.97,2,-2,-20.96,0
243.91,16.23,2,-2,-20.96,0
244.48,15.66,2,-2,-20.96,0
245.2,14.94,2,-2,-20.96,0
245.69,14.45,2,-2,-20.96,0
246.66,13.48,2,-2,-20.96,0
247.15,12.99,2,-2,-20.96,0
248.12,12.02,2,-2,-22.99,2
248.84,11.3,2,-2,-24.5,2
249.57,10.57,2,-2,-26.02,2
250.61,9.53,2,-2,-28.19,2
251.34,8.8,2,-2,-29.69,2
252.08,8.06,2,-2,-31.23,2
252.56,7.58,2,-2,-32.24,2
253.06,7.08,2,-2,-33.28,2
254.01,6.13,2,-2,-35.26,2
254.62,5.52,2,-2,-36.53,2
255.11,5.03,2,-2,-37.56,2
255.61,4.53,2,-2,-38.6,2
256.46,3.68,2,-2,-40.36,2
256.87,3.27,2,-2,-41.22,2
257.72,2.42,2,-2,-42.99,2
258.44,1.7,2,-2,-44.5,2
259.17,0.97,2,-2,-46.02,2
260.02,0.12,2,-2,-47.78,2
260.63,-0.48,2,-2,-49.04,2
260.97,-0.83,2,-2,-49.75,2
261.87,-1.73,2,-2,-51.64,2
262.45,-2.31,2,-2,-52.85,2
262.93,-2.79,2,-2,-53.85,2
263.54,-3.4,2,-2,-55.11,2
264.37,-4.23,2,-2,-56.84,2
264.8,-4.66,2,-2,-57.74,2
265.87,-5.73,2,-2,-59.98,2
266.46,-6.31,2,-2,-61.19,2
266.94,-6.8,2,-2,-62.19,2
267.91,-7.77,2,-2,-64.22,2
268.4,-8.26,2,-2,-65.23,2
269.12,-8.98,2,-2,-66.74,2
269.61,-9.47,2,-2,-67.76,2
270.37,-10.23,2,-2,-69.35,2
271.1,-10.96,2,-2,-70.86,2
271.59,-11.45,2,-2,-71.9,2
272.34,-12.19,2,-2,-73.44,2
272.97,-12.83,2,-2,-74.76,2
274.04,-13.9,2,-2,-74.76,0
274.62,-14.48,2,-2,-74.76,0
275.21,-15.07,2,-2,-74.76,0
275.82,-15.68,2,-2,-74.76,0
276.48,-16.34,2,-2,-74.76,0
277.12,-16.98,2,-2,-74.76,0
277.93,-17.79,2,-2,-74.76,0
278.66,-18.52,2,-2,-74.76,0
279.29,-19.15,2,-2,-74.76,0
279.65,-19.51,2,-2,-74.76,0
280.58,-20.44,2,-2,-74.76,0
280.99,-20.84,2,-2,-74.76,0
281.99,-21.85,2,-2,-74.76,0
282.61,-22.46,2,-2,-74.76,0
282.96,-22.82,2,-2,-74.76,0
283.78,-23.64,2,-2,-74.76,0
284.35,-24.21,2,-2,-74.76,0
284.77,-24.63,2,-2,-74.76,0
285.79,-25.64,2,-2,-74.76,0
286.48,-26.33,2,-2,-74.76,0
286.86,-26.72,2,-2,-74.76,0
287.75,-27.61,2,-2,-74.76,0
288.6,-28.45,2,-2,-74.76,0
289.18,-29.04,2,-2,-74.76,0
289.85,-29.71,2,-2,-74.76,0
290.46,-30.32,2,-2,-74.76,0
291.06,-30.92,2,-2,-74.76,0
291.38,-31.24,2,-2,-74.76,0
292.33,-32.19,2,-2,-74.76,0
292.69,-32.55,2,-2,-74.76,0
293.25,-33.11,2,-2,-74.76,0
293.98,-33.84,2,-2,-74.76,0
294.57,-34.43,2,-2,-74.76,0
295.51,-35.37,2,-2,-74.76,0
296.08,-35.93,2,-2,-74.76,0
296.82,-36.68,2,-2,-74.76,0
297.13,-36.99,2,-2,-74.76,0
298.02,-37.88,2,-2,-74.76,0
298.68,-38.54,2,-2,-74.76,0
299.31,-39.17,2,-2,-74.76,0
299.96,-39.82,2,-2,-74.76,0
300.32,-40.18,2,-2,-74.76,0
301.08,-40.94,2,-2,-74.76,0
301.66,-41.51,2,-2,-74.76,0
302.06,-41.92,2,-2,-74.76,0
302.76,-42.62,2,-2,-74.76,0
303.46,-43.32,2,-2,-74.76,0
304.11,-43.96,2,-2,-74.76,0
304.69,-44.55,2,-2,-74.76,0
305.3,-45.15,2,-2,-74.76,0
306.01,-45.87,2,-2,-74.76,0
306.72,-46.58,2,-2,-74.76,0
307.11,-46.97,2,-2,-74.76,0
307.83,-47.69,2,-2,-74.76,0
308.48,-48.34,2,-2,-74.76,0
308.97,-48.82,2,-2,-74.76,0
309.74,-49.6,2,-2,-74.76,0
310.38,-50.24,2,-2,-74.76,0
310.77,-50.63,2,-2,-74.76,0
311.77,-51.63,2,-2,-74.76,0
312.13,-51.99,2,-2,-74.76,0
312.86,-52.72,2,-2,-74.76,0
313.7,-53.56,2,-2,-74.76,0
314.36,-54.22,2,-2,-74.76,0
315.0,-54.86,2,-2,-74.76,0
315.65,-55.51,2,-2,-74.76,0
316.01,-55.87,2,-2,-74.76,0
316.75,-56.61,2,-2,-74.76,0
317.53,-57.39,2,-2,-74.76,0
317.88,-57.74,2,-2,-74.76,0
318.89,-58.75,2,-2,-74.76,0
319.58,-59.44,2,-2,-74.76,0
320.1,-59.96,2,-2,-74.76,0
320.5,-60.36,2,-2,-74.76,0
321.1,-60.96,2,-2,-74.76,0
322.23,-62.09,2,-2,-74.76,0
322.97,-62.83,2,-2,-74.76,0
323.67,-63.53,2,-2,-74.76,0
324.33,-64.19,2,-2,-74.76,0
324.89,-64.75,2,-2,-74.76,0
325.62,-65.47,2,-2,-74.76,0
326.23,-66.09,2,-2,-74.76,0
326.69,-66.54,2,-2,-74.76,0
327.32,-67.18,2,-2,-74.76,0
327.81,-67.67,2,-2,-74.76,0
328.31,-68.17,2,-2,-74.76,0
329.33,-69.19,2,-2,-74.76,0
329.97,-69.83,2,-2,-74.76,0
330.33,-70.19,2,-2,-74.76,0
329.05,-71.14,-2,-2,-74.76,0
328.69,-71.5,-2,-2,-74.76,0
328.15,-72.04,-2,-2,-74.76,0
327.29,-72.9,-2,-2,-74.76,0
326.64,-73.54,-2,-2,-74.76,0
326.0,-74.19,-2,-2,-74.76,0
325.35,-74.83,-2,-2,-74.76,0
324.99,-75.2,-2,-2,-74.76,0
324.24,-75.94,-2,-2,-74.76,0
323.86,-76.33,-2,-2,-74.76,0
323.34,-76.85,-2,-2,-74.76,0
322.62,-77.57,-2,-2,-74.76,0
322.02,-78.17,-2,-2,-74.76,0
321.35,-78.84,-2,-2,-74.76,0
320.68,-79.5,-2,-2,-74.76,0
320.08,-80.11,-2,-2,-74.76,0
319.38,-80.81,-2,-2,-74.76,0
318.69,-81.5,-2,-2,-74.76,0
318.06,-82.13,-2,-2,-74.76,0
317.53,-82.66,-2,-2,-74.76,0
317.12,-83.07,-2,-2,-74.76,0
316.62,-83.57,-2,-2,-74.76,0
315.85,-84.33,-2,-2,-74.76,0
315.49,-84.7,-2,-2,-74.76,0
314.67,-85.52,-2,-2,-74.76,0
314.0,-86.19,-2,-2,-74.76,0
313.68,-86.51,-2,-2,-74.76,0
312.95,-87.23,-2,-2,-74.76,0
312.26,-87.93,-2,-2,-74.76,0
311.86,-88.33,-2,-2,-74.76,0
311.28,-88.91,-2,-2,-74.76,0
310.7,-89.49,-2,-2,-74.76,0
310.03,-90.16,-2,-2,-74.76,0
309.29,-90.9,-2,-2,-74.76,0
308.62,-91.57,-2,-2,-74.76,0
308.01,-92.17,-2,-2,-74.76,0
307.54,-92.65,-2,-2,-74.76,0
307.01,-93.18,-2,-2,-74.76,0
306.38,-93.81,-2,-2,-74.76,0
305.43,-94.75,-2,-2,-74.76,0
304.8,-95.39,-2,-2,-74.76,0
304.18,-96.01,-2,-2,-74.76,0
303.81,-96.38,-2,-2,-74.76,0
303.2,-96.99,-2,-2,-74.76,0
302.59,-97.6,-2,-2,-74.76,0
301.92,-98.26,-2,-2,-74.76,0
301.54,-98.65,-2,-2,-74.76,0
300.68,-99.51,-2,-2,-74.76,0
300.1,-100.09,-2,-2,-74.76,0
299.42,-100.76,-2,-2,-74.76,0
298.69,-101.5,-2,-2,-74.76,0
298.01,-102.18,-2,-2,-74.76,0
297.65,-102.54,-2,-2,-74.76,0
297.06,-103.13,-2,-2,-74.76,0
296.2,-103.99,-2,-2,-74.76,0
295.5,-104.68,-2,-2,-74.76,0
295.14,-105.05,-2,-2,-74.76,0
294.29,-105.89,-2,-2,-74.76,0
293.57,-106.62,-2,-2,-73.24,1
293.18,-107.0,-2,-2,-72.44,1
292.68,-107.51,-2,-2,-71.38,1
291.84,-108.35,-2,-2,-69.64,1
291.11,-109.07,-2,-2,-68.13,1
290.47,-109.71,-2,-2,-66.8,1
289.87,-110.32,-2,-2,-65.54,1
289.48,-110.7,-2,-2,-64.73,1
288.65,-111.53,-2,-2,-63.0,1
287.96,-112.23,-2,-2,-61.55,1
287.59,-112.59,-2,-2,-60.79,1
286.66,-113.53,-2,-2,-58.85,1
285.96,-114.23,-2,-2,-57.39,1
285.35,-114.84,-2,-2,-56.13,1
284.61,-115.58,-2,-2,-54.57,1
283.62,-116.57,-2,-2,-52.51,1
283.22,-116.96,-2,-2,-51.69,1
282.12,-118.06,-2,-2,-49.4,1
281.3,-118.89,-2,-2,-47.68,1
280.82,-119.37,-2,-2,-46.68,1
280.11,-120.08,-2,-2,-45.19,1
279.41,-120.78,-2,-2,-43.75,1
278.83,-121.35,-2,-2,-42.55,1
278.19,-121.99,-2,-2,-41.21,1
277.47,-122.72,-2,-2,-39.71,1
276.74,-123.45,-2,-2,-38.19,1
276.23,-123.96,-2,-2,-37.12,1
275.49,-124.69,-2,-2,-35.59,1
275.12,-125.06,-2,-2,-34.82,1
274.25,-125.94,-2,-2,-32.99,1
273.4,-126.78,-2,-2,-31.24,1
272.72,-127.47,-2,-2,-29.81,1
272.11,-128.08,-2,-2,-28.54,1
271.47,-128.72,-2,-2,-27.2,1
271.07,-129.12,-2,-2,-26.37,1
270.27,-129.91,-2,-2,-24.71,1
269.67,-130.52,-2,-2,-23.46,1
268.92,-131.27,-2,-2,-21.89,1
268.22,-131.97,-2,-2,-20.43,1
267.57,-132.62,-2,-2,-19.08,1
266.7,-133.49,-2,-2,-17.27,1
266.04,-134.15,-2,-2,-15.89,1
265.27,-134.91,-2,-2,-14.3,1
264.93,-135.25,-2,-2,-13.59,1
264.18,-136.0,-2,-2,-12.02,1
263.53,-136.66,-2,-2,-10.67,1
262.74,-137.45,-2,-2,-9.02,1
261.95,-138.24,-2,-2,-7.37,1
261.35,-138.84,-2,-2,-6.11,1
260.65,-139.54,-2,-2,-4.67,1
259.87,-140.32,-2,-2,-3.04,1
259.45,-140.73,-2,-2,-2.17,1
258.93,-141.26,-2,-2,-1.08,1
258.06,-142.13,-2,-2,0.74,1
257.12,-143.07,-2,-2,2.69,1
256.42,-143.76,-2,-2,4.14,1
255.82,-144.36,-2,-2,5.39,1
254.98,-145.21,-2,-2,7.15,1
254.28,-145.91,-2,-2,8.6,1
253.97,-146.22,-2,-2,9.25,1
253.26,-146.93,-2,-2,10.74,1
252.57,-147.62,-2,-2,12.18,1
251.96,-148.22,-2,-2,13.43,1
251.4,-148.79,-2,-2,14.62,1
250.87,-149.32,-2,-2,15.72,1
250.21,-149.98,-2,-2,17.08,1
249.65,-150.54,-2,-2,18.25,1
248.92,-151.27,-2,-2,19.78,1
248.11,-152.08,-2,-2,21.46,1
247.54,-152.65,-2,-2,22.65,1
247.06,-153.13,-2,-2,23.66,1
246.33,-153.86,-2,-2,25.17,1
245.78,-154.41,-2,-2,26.32,1
245.04,-155.15,-2,-2,27.87,1
244.55,-155.64,-2,-2,28.88,1
244.03,-156.15,-2,-2,29.95,1
243.18,-157.01,-2,-2,31.74,1
242.64,-157.55,-2,-2,32.86,1
242.03,-158.15,-2,-2,34.12,1
241.5,-158.69,-2,-2,35.23,1
240.78,-159.41,-2,-2,36.73,1
240.16,-160.02,-2,-2,38.02,1
239.8,-160.39,-2,-2,38.77,1
239.25,-160.94,-2,-2,39.91,1
238.41,-161.77,-2,-2,41.66,1
237.68,-162.51,-2,-2,43.19,1
237.13,-163.06,-2,-2,44.35,1
236.37,-163.82,-2,-2,45.93,1
235.85,-164.34,-2,-2,47.01,1
235.12,-165.07,-2,-2,48.53,1
234.63,-165.55,-2,-2,49.54,1
233.87,-166.32,-2,-2,51.14,1
233.06,-167.13,-2,-2,52.81,1
232.34,-167.85,-2,-2,54.32,1
231.96,-168.23,-2,-2,55.11,1
231.16,-169.03,-2,-2,56.77,1
230.73,-169.46,-2,-2,57.67,1
229.86,-170.33,-2,-2,59.49,1
229.07,-171.11,-2,-2,61.12,1
228.61,-171.58,-2,-2,62.09,1
227.64,-172.55,-2,-2,64.12,1
226.91,-173.28,-2,-2,65.63,1
226.07,-174.12,-2,-2,67.37,1
225.37,-174.82,-2,-2,68.83,1
224.63,-175.56,-2,-2,70.38,1
223.9,-176.28,-2,-2,71.89,1
223.05,-177.14,-2,-2,73.67,1
222.08,-178.11,-2,-2,75.69,1
221.27,-178.91,-2,-2,77.37,1
220.64,-179.54,-2,-2,78.68,1
219.8,-180.39,-2,-2,80.44,1
219.21,-180.98,-2,-2,81.67,1
218.53,-181.66,-2,-2,83.09,1
217.72,-182.47,-2,-2,84.78,1
217.38,-182.8,-2,-2,85.48,1
216.31,-183.88,-2,-2,87.71,1
215.66,-184.53,-2,-2,89.06,1
214.87,-185.32,-2,-2,90.72,1
213.91,-186.28,-2,-2,92.72,1
213.18,-187.01,-2,-2,94.23,1
212.47,-187.72,-2,-2,95.71,1
211.41,-188.78,-2,-2,97.93,1
210.96,-189.23,-2,-2,98.87,1
210.05,-190.14,-2,-2,100.76,1
209.3,-190.89,-2,-2,102.32,1
208.62,-191.56,-2,-2,103.73,1
207.85,-192.34,-2,-2,105.34,1
207.14,-193.04,-2,-2,106.81,1
206.51,-193.68,-2,-2,108.14,1
205.6,-194.59,-2,-2,110.02,1
204.59,-195.6,-2,-2,112.13,1
203.89,-196.3,-2,-2,113.59,1
202.68,-197.51,-2,-2,113.59,0
202.08,-198.11,-2,-2,113.59,0
201.1,-199.09,-2,-2,113.59,0
200.47,-199.71,-2,-2,113.59,0
199.75,-200.44,-2,-2,113.59,0
199.26,-200.92,-2,-2,113.59,0
198.53,-201.66,-2,-2,113.59,0
197.77,-202.42,-2,-2,113.59,0
197.28,-202.9,-2,-2,113.59,0
196.53,-203.66,-2,-2,113.59,0
196.04,-204.15,-2,-2,113.59,0
195.31,-204.88,-2,-2,113.59,0
194.58,-205.61,-2,-2,113.59,0
193.85,-206.34,-2,-2,113.59,0
193.08,-207.1,-2,-2,113.59,0
192.32,-207.87,-2,-2,113.59,0
191.71,-208.48,-2,-2,113.59,0
191.09,-209.1,-2,-2,113.59,0
190.36,-209.83,-2,-2,113.59,0
189.27,-210.92,-2,-2,113.59,0
188.66,-211.53,-2,-2,113.59,0
187.68,-212.51,-2,-2,113.59,0
186.98,-213.21,-2,-2,113.59,0
186.37,-213.82,-2,-2,113.59,0
185.38,-214.81,-2,-2,113.59,0
184.65,-215.54,-2,-2,113.59,0
183.88,-216.31,-2,-2,113.59,0
183.15,-217.04,-2,-2,113.59,0
182.48,-217.71,-2,-2,113.59,0
181.83,-218.36,-2,-2,113.59,0
181.47,-218.72,-2,-2,113.59,0
180.47,-219.72,-2,-2,113.59,0
179.87,-220.32,-2,-2,113.59,0
179.48,-220.71,-2,-2,113.59,0
178.75,-221.44,-2,-2,113.59,0
177.94,-222.24,-2,-2,113.59,0
177.18,-223.01,-2,-2,113.59,0
176.26,-223.92,-2,-2,113.59,0
175.43,-224.76,-2,-2,113.59,0
174.76,-225.43,-2,-2,113.59,0
173.9,-226.28,-2,-2,113.59,0
173.25,-226.94,-2,-2,113.59,0
172.6,-227.59,-2,-2,113.59,0
171.84,-228.34,-2,-2,113.59,0
171.15,-229.03,-2,-2,113.59,0
170.31,-229.87,-2,-2,113.59,0
169.68,-230.51,-2,-2,113.59,0
168.86,-231.33,-2,-2,113.59,0
167.93,-232.26,-2,-2,113.59,0
167.47,-232.72,-2,-2,113.59,0
166.31,-233.88,-2,-2,113.59,0
165.64,-234.55,-2,-2,113.59,0
165.3,-234.89,-2,-2,113.59,0
164.65,-235.54,-2,-2,113.59,0
163.8,-236.39,-2,-2,113.59,0
163.22,-236.97,-2,-2,113.59,0
162.29,-237.89,-2,-2,113.59,0
161.69,-238.5,-2,-2,113.59,0
161.33,-238.86,-2,-2,113.59,0
160.8,-239.39,-2,-2,113.59,0
159.94,-240.25,-2,-2,113.59,0
159.55,-240.64,-2,-2,113.59,0
158.94,-241.25,-2,-2,113.59,0
158.07,-242.12,-2,-2,113.59,0
157.65,-242.53,-2,-2,113.59,0
157.11,-243.08,-2,-2,113.59,0
156.22,-243.97,-2,-2,113.59,0
155.83,-244.35,-2,-2,113.59,0
155.03,-245.16,-2,-2,113.59,0
153.98,-246.21,-2,-2,113.59,0
153.28,-246.91,-2,-2,113.59,0
152.6,-247.59,-2,-2,113.59,0
151.59,-248.6,-2,-2,113.59,0
150.72,-249.47,-2,-2,113.59,0
150.05,-250.13,-2,-2,113.59,0
149.36,-250.83,-2,-2,113.59,0
148.64,-251.55,-2,-2,113.59,0
147.66,-252.53,-2,-2,111.56,2
146.81,-253.37,-2,-2,109.79,2
146.09,-254.09,-2,-2,108.29,2
145.49,-254.7,-2,-2,107.03,2
145.0,-255.18,-2,-2,106.03,2
144.46,-255.73,-2,-2,104.88,2
143.59,-256.6,-2,-2,103.07,2
143.02,-257.17,-2,-2,101.9,2
142.18,-258.01,-2,-2,100.13,2
141.25,-258.94,-2,-2,98.2,2
140.55,-259.64,-2,-2,96.75,2
139.85,-260.34,-2,-2,95.28,2
139.11,-261.08,-2,-2,93.75,2
138.38,-261.81,-2,-2,92.22,2
137.65,-262.54,-2,-2,90.7,2
137.03,-263.16,-2,-2,89.41,2
136.71,-263.47,-2,-2,88.75,2
135.74,-264.45,-2,-2,86.72,2
134.88,-265.31,-2,-2,84.94,2
134.21,-265.98,-2,-2,83.53,2
133.56,-266.63,-2,-2,82.19,2
132.8,-267.39,-2,-2,80.6,2
132.15,-268.04,-2,-2,79.24,2
131.4,-268.79,-2,-2,77.68,2
130.64,-269.55,-2,-2,76.1,2
129.95,-270.23,-2,-2,74.67,2
129.16,-271.03,-2,-2,73.01,2
128.22,-271.97,-2,-2,71.06,2
127.59,-272.6,-2,-2,69.74,2
127.16,-273.03,-2,-2,68.85,2
126.19,-273.99,-2,-2,66.84,2
125.51,-274.68,-2,-2,65.42,2
124.87,-275.31,-2,-2,64.09,2
124.2,-275.99,-2,-2,62.68,2
123.83,-276.35,-2,-2,61.92,2
122.85,-277.34,-2,-2,59.87,2
122.16,-278.03,-2,-2,58.43,2
121.39,-278.8,-2,-2,56.83,2
120.67,-279.52,-2,-2,55.32,2
120.02,-280.17,-2,-2,53.97,2
119.23,-280.96,-2,-2,52.33,2
118.57,-281.62,-2,-2,50.95,2
117.71,-282.48,-2,-2,49.17,2
117.08,-283.11,-2,-2,47.85,2
116.39,-283.8,-2,-2,46.4,2
115.59,-284.6,-2,-2,44.74,2
114.93,-285.26,-2,-2,43.37,2
114.03,-286.16,-2,-2,41.49,2
113.34,-286.85,-2,-2,40.05,2
112.72,-287.47,-2,-2,38.76,2
111.93,-288.26,-2,-2,37.12,2
111.21,-288.98,-2,-2,35.61,2
110.25,-289.94,-2,-2,33.63,2
109.59,-290.59,-2,-2,32.25,2
108.84,-289.25,-2,2,30.69,2
108.1,-288.51,-2,2,29.15,2
107.44,-287.85,-2,2,27.77,2
107.02,-287.43,-2,2,26.9,2
106.05,-286.45,-2,2,24.87,2
105.24,-285.65,-2,2,23.19,2
104.89,-285.29,-2,2,22.44,2
104.21,-284.62,-2,2,21.04,2
103.3,-283.7,-2,2,19.14,2
102.7,-283.1,-2,2,17.89,2
101.84,-282.25,-2,2,16.11,2
101.46,-281.86,-2,2,15.3,2
100.74,-281.14,-2,2,13.8,2
100.13,-280.54,-2,2,12.54,2
99.41,-279.81,-2,2,11.03,2
98.63,-279.04,-2,2,9.42,2
97.96,-278.36,-2,2,8.01,2
97.3,-277.71,-2,2,6.64,2
96.64,-277.04,-2,2,5.26,2
95.81,-276.22,-2,2,3.54,2
95.12,-275.53,-2,2,2.1,2
93.88,-274.28,-2,2,2.1,0
93.14,-273.55,-2,2,2.1,0
92.47,-272.87,-2,2,2.1,0
91.79,-272.19,-2,2,2.1,0
90.86,-271.27,-2,2,2.1,0
90.28,-270.69,-2,2,2.1,0
89.57,-269.97,-2,2,2.1,0
89.01,-269.41,-2,2,2.1,0
88.25,-268.65,-2,2,2.1,0
87.47,-267.87,-2,2,2.1,0
86.72,-267.13,-2,2,2.1,0
85.81,-266.22,-2,2,2.1,0
84.85,-265.26,-2,2,2.1,0
84.22,-264.63,-2,2,2.1,0
83.48,-263.89,-2,2,2.1,0
82.65,-263.06,-2,2,2.1,0
82.03,-262.44,-2,2,2.1,0
81.18,-261.59,-2,2,2.1,0
80.61,-261.02,-2,2,2.1,0
79.78,-260.19,-2,2,2.1,0
79.4,-259.8,-2,2,2.1,0
78.4,-258.8,-2,2,2.1,0
77.36,-257.76,-2,2,2.1,0
76.34,-256.74,-2,2,2.1,0
75.61,-256.01,-2,2,2.1,0
74.88,-255.29,-2,2,2.1,0
74.15,-254.56,-2,2,2.1,0
73.18,-253.59,-2,2,2.1,0
72.34,-252.74,-2,2,2.1,0
71.61,-252.02,-2,2,2.1,0
70.88,-251.29,-2,2,2.1,0
69.89,-250.3,-2,2,2.1,0
69.05,-249.46,-2,2,2.1,0
68.45,-248.85,-2,2,2.1,0
67.71,-248.11,-2,2,2.1,0
66.98,-247.39,-2,2,2.1,0
66.15,-246.56,-2,2,2.1,0
65.18,-245.59,-2,2,2.1,0
64.46,-244.86,-2,2,2.1,0
63.96,-244.37,-2,2,2.1,0
63.19,-243.6,-2,2,2.1,0
62.44,-242.85,-2,2,2.1,0
61.45,-241.86,-2,2,2.1,0
60.97,-241.38,-2,2,2.1,0
60.1,-240.5,-2,2,2.1,0
59.46,-239.87,-2,2,2.1,0
58.85,-239.26,-2,2,2.1,0
57.89,-238.3,-2,2,2.1,0
57.53,-237.93,-2,2,2.1,0
56.56,-236.96,-2,2,2.1,0
55.9,-236.3,-2,2,2.1,0
55.29,-235.7,-2,2,2.1,0
54.89,-235.3,-2,2,2.1,0
53.93,-234.34,-2,2,2.1,0
53.31,-233.72,-2,2,2.1,0
52.68,-233.08,-2,2,2.1,0
52.09,-232.49,-2,2,2.1,0
51.4,-231.8,-2,2,2.1,0
50.73,-231.13,-2,2,2.1,0
50.14,-230.55,-2,2,2.1,0
49.5,-229.91,-2,2,2.1,0
49.08,-229.48,-2,2,2.1,0
48.08,-228.48,-2,2,2.1,0
47.42,-227.83,-2,2,2.1,0
46.61,-227.01,-2,2,2.1,0
45.93,-226.34,-2,2,2.1,0
45.17,-225.57,-2,2,2.1,0
44.54,-224.94,-2,2,2.1,0
43.75,-224.16,-2,2,2.1,0
43.07,-223.48,-2,2,2.1,0
42.47,-222.87,-2,2,2.1,0
41.63,-222.03,-2,2,2.1,0
41.02,-221.43,-2,2,2.1,0
40.66,-221.06,-2,2,2.1,0
39.65,-220.06,-2,2,2.1,0
39.01,-219.42,-2,2,2.1,0
38.15,-218.55,-2,2,2.1,0
37.26,-217.66,-2,2,2.1,0
36.68,-217.09,-2,2,2.1,0
35.82,-216.23,-2,2,2.1,0
35.13,-215.53,-2,2,2.1,0
34.36,-214.77,-2,2,2.1,0
33.63,-214.04,-2,2,2.1,0
32.88,-213.29,-2,2,2.1,0
32.49,-212.9,-2,2,2.1,0
31.57,-211.98,-2,2,2.1,0
30.85,-211.25,-2,2,2.1,0
30.2,-210.61,-2,2,2.1,0
29.36,-209.76,-2,2,2.1,0
28.62,-209.03,-2,2,2.1,0
27.84,-208.25,-2,2,2.1,0
27.1,-207.51,-2,2,2.1,0
26.38,-206.79,-2,2,2.1,0
25.8,-206.2,-2,2,2.1,0
25.05,-205.46,-2,2,2.1,0
24.29,-204.7,-2,2,2.1,0
23.84,-204.25,-2,2,2.1,0
22.81,-203.22,-2,2,2.1,0
22.11,-202.52,-2,2,2.1,0
21.25,-201.66,-2,2,2.1,0
20.66,-201.07,-2,2,2.1,0
19.8,-200.21,-2,2,2.1,0
19.09,-199.5,-2,2,2.1,0
18.37,-198.78,-2,2,2.1,0
17.4,-197.81,-2,2,2.1,0
16.83,-197.24,-2,2,2.1,0
15.99,-196.4,-2,2,2.1,0
15.05,-195.45,-2,2,2.1,0
14.34,-194.75,-2,2,2.1,0
13.86,-194.26,-2,2,2.1,0
13.06,-193.47,-2,2,2.1,0
12.27,-192.67,-2,2,2.1,0
11.78,-192.19,-2,2,2.1,0
11.06,-191.47,-2,2,2.1,0
10.38,-190.79,-2,2,2.1,0
9.52,-189.92,-2,2,2.1,0
9.02,-189.43,-2,2,2.1,0
8.27,-188.68,-2,2,2.1,0
7.86,-188.26,-2,2,2.1,0
7.32,-187.72,-2,2,2.1,0
6.5,-186.91,-2,2,2.1,0
5.89,-186.29,-2,2,2.1,0
5.1,-185.51,-2,2,2.1,0
4.61,-185.02,-2,2,2.1,0
3.73,-184.14,-2,2,2.1,0
3.37,-183.78,-2,2,2.1,0
2.8,-183.21,-2,2,2.1,0
1.77,-182.17,-2,2,2.1,0
1.04,-181.44,-2,2,2.1,0
0.31,-180.72,-2,2,2.1,0
-0.21,-180.2,-2,2,2.1,0
-0.93,-179.48,-2,2,2.1,0
-1.68,-178.73,-2,2,2.1,0
-2.25,-178.15,-2,2,2.1,0
-2.98,-177.43,-2,2,2.1,0
-3.48,-176.93,-2,2,2.1,0
-4.23,-176.18,-2,2,2.1,0
-4.65,-175.75,-2,2,2.1,0
-5.55,-174.86,-2,2,2.1,0
-6.05,-174.36,-2,2,2.1,0
-7.08,-173.33,-2,2,2.1,0
-7.44,-172.96,-2,2,2.1,0
-8.2,-172.21,-2,2,2.1,0
-8.94,-171.46,-2,2,2.1,0
-9.52,-170.88,-2,2,2.1,0
-10.29,-170.12,-2,2,2.1,0
-10.98,-169.42,-2,2,2.1,0
-11.66,-168.74,-2,2,2.1,0
-12.44,-167.97,-2,2,2.1,0
-13.08,-167.32,-2,2,2.1,0
-13.69,-166.71,-2,2,2.1,0
-14.41,-165.99,-2,2,2.1,0
-15.29,-165.12,-2,2,2.1,0
-15.83,-164.58,-2,2,2.1,0
-16.49,-163.91,-2,2,2.1,0
-17.08,-163.33,-2,2,2.1,0
-17.76,-162.64,-2,2,2.1,0
-18.37,-162.04,-2,2,2.1,0
-19.04,-161.37,-2,2,2.1,0
-19.8,-160.6,-2,2,2.1,0
-20.57,-159.84,-2,2,2.1,0
-21.15,-159.26,-2,2,2.1,0
-21.82,-158.59,-2,2,2.1,0
-22.47,-157.93,-2,2,2.1,0
-23.22,-157.19,-2,2,2.1,0
-23.88,-156.53,-2,2,2.1,0
-24.37,-156.04,-2,2,2.1,0
-25.02,-155.38,-2,2,2.1,0
-25.64,-154.77,-2,2,2.1,0
-26.34,-154.07,-2,2,2.1,0
-26.82,-153.59,-2,2,2.1,0
-27.76,-152.64,-2,2,2.1,0
-28.44,-151.96,-2,2,2.1,0
-28.99,-151.42,-2,2,2.1,0
-29.83,-150.57,-2,2,2.1,0
-30.61,-149.79,-2,2,2.1,0
-31.12,-149.28,-2,2,2.1,0
-31.85,-148.55,-2,2,2.1,0
-32.53,-147.88,-2,2,2.1,0
-33.37,-147.04,-2,2,2.1,0
-34.03,-146.38,-2,2,2.1,0
-34.64,-145.77,-2,2,2.1,0
-35.27,-145.14,-2,2,2.1,0
-35.7,-144.7,-2,2,2.1,0
-36.81,-143.6,-2,2,2.1,0
-37.53,-142.87,-2,2,2.1,0
-38.01,-142.4,-2,2,2.1,0
-39.15,-141.25,-2,2,2.1,0
-39.88,-140.52,-2,2,2.1,0
-40.83,-139.58,-2,2,2.1,0
-41.47,-138.94,-2,2,2.1,0
-42.07,-138.34,-2,2,2.1,0
-42.87,-137.54,-2,2,2.1,0
-43.53,-136.88,-2,2,2.1,0
-44.18,-136.23,-2,2,2.1,0
-44.92,-135.49,-2,2,2.1,0
-46.03,-134.38,-2,2,2.1,0
-46.68,-133.72,-2,2,2.1,0
-47.32,-133.09,-2,2,2.1,0
-47.94,-132.46,-2,2,2.1,0
-48.52,-131.88,-2,2,2.1,0
-48.86,-131.54,-2,2,2.1,0
-49.84,-130.56,-2,2,2.1,0
-50.33,-130.08,-2,2,2.1,0
-51.04,-129.37,-2,2,2.1,0
-51.8,-128.61,-2,2,2.1,0
-52.34,-128.06,-2,2,2.1,0
-53.39,-127.02,-2,2,2.1,0
-54.17,-126.24,-2,2,2.1,0
-54.67,-125.73,-2,2,2.1,0
-55.23,-125.18,-2,2,2.1,0
-56.2,-124.21,-2,2,2.1,0
-56.8,-123.61,-2,2,2.1,0
-57.42,-122.99,-2,2,2.1,0
-58.11,-122.3,-2,2,2.1,0
-58.69,-121.71,-2,2,2.1,0
-59.41,-120.99,-2,2,2.1,0
-60.06,-120.35,-2,2,2.1,0
-60.8,-119.61,-2,2,2.1,0
-61.52,-118.88,-2,2,2.1,0
-62.12,-118.28,-2,2,2.1,0
-62.74,-117.66,-2,2,2.1,0
-63.72,-116.69,-2,2,2.1,0
-64.48,-115.93,-2,2,2.1,0
-64.96,-115.44,-2,2,2.1,0
-66.09,-114.32,-2,2,2.1,0
-66.86,-113.54,-2,2,2.1,0
-67.49,-112.91,-2,2,2.1,0
-68.07,-112.34,-2,2,2.1,0
-68.81,-111.6,-2,2,2.1,0
-69.22,-111.18,-2,2,2.1,0
-69.83,-110.58,-2,2,2.1,0
-70.56,-109.85,-2,2,2.1,0
-71.4,-109.01,-2,2,2.1,0
-72.06,-108.35,-2,2,2.1,0
-72.82,-107.59,-2,2,2.1,0
-74.11,-106.3,-2,2,2.1,0
-74.84,-105.57,-2,2,2.1,0
-75.73,-104.67,-2,2,2.1,0
-76.59,-103.81,-2,2,2.1,0
-77.32,-103.09,-2,2,2.1,0
-78.04,-102.37,-2,2,2.1,0
-78.75,-101.66,-2,2,2.1,0
-79.4,-101.01,-2,2,2.1,0
-79.88,-100.53,-2,2,2.1,0
-80.72,-99.68,-2,2,2.1,0
-81.37,-99.03,-2,2,2.1,0
-81.95,-98.46,-2,2,2.1,0
-83.04,-97.37,-2,2,2.1,0
-83.7,-96.71,-2,2,2.1,0
-84.55,-95.86,-2,2,2.1,0
-85.32,-95.08,-2,2,2.1,0
-85.64,-94.77,-2,2,2.1,0
-86.7,-93.71,-2,2,2.1,0
-87.6,-92.81,-2,2,2.1,0
-88.54,-91.87,-2,2,2.1,0
-89.25,-91.15,-2,2,2.1,0
-89.93,-90.47,-2,2,2.1,0
-90.85,-89.55,-2,2,2.1,0
-91.61,-88.79,-2,2,2.1,0
-92.29,-88.11,-2,2,2.1,0
-93.04,-87.37,-2,2,2.1,0
-93.7,-86.71,-2,2,2.1,0
-94.64,-85.77,-2,2,2.1,0
-95.34,-85.06,-2,2,2.1,0
-95.97,-84.44,-2,2,2.1,0
-96.86,-83.54,-2,2,2.1,0
-97.47,-82.94,-2,2,2.1,0
-98.28,-82.12,-2,2,2.1,0
-99.31,-81.1,-2,2,2.1,0
-100.15,-80.25,-2,2,2.1,0
-100.88,-79.53,-2,2,2.1,0
-101.51,-78.9,-2,2,2.1,0
-102.3,-78.11,-2,2,2.1,0
-102.96,-77.44,-2,2,2.1,0
-103.58,-76.83,-2,2,2.1,0
-103.91,-76.5,-2,2,2.1,0
-104.77,-75.64,-2,2,2.1,0
-105.42,-74.98,-2,2,2.1,0
-106.06,-74.35,-2,2,2.1,0
-106.72,-73.69,-2,2,2.1,0
-107.22,-73.19,-2,2,2.1,0
-107.66,-72.75,-2,2,2.1,0
-108.38,-72.03,-2,2,2.1,0
-109.08,-71.33,-2,2,2.1,0
-109.73,-70.67,-2,2,2.1,0
-110.77,-69.64,-2,2,2.1,0
-111.35,-69.06,-2,2,2.1,0
-111.83,-68.57,-2,2,2.1,0
-112.76,-67.65,-2,2,2.1,0
-113.62,-66.79,-2,2,2.1,0
-114.35,-66.06,-2,2,2.1,0
-115.08,-65.32,-2,2,2.1,0
-115.57,-64.84,-2,2,2.1,0
-115.98,-64.42,-2,2,2.1,0
-116.83,-63.57,-2,2,2.1,0
-117.56,-62.85,-2,2,2.1,0
-118.3,-62.11,-2,2,2.1,0
-118.92,-61.49,-2,2,2.1,0
-119.93,-60.48,-2,2,2.1,0
-120.56,-59.85,-2,2,2.1,0
-121.38,-59.03,-2,2,2.1,0
-122.06,-58.35,-2,2,2.1,0
-122.79,-57.62,-2,2,2.1,0
-123.5,-56.9,-2,2,2.1,0
-124.26,-56.14,-2,2,2.1,0
-125.13,-55.28,-2,2,2.1,0
-125.73,-54.68,-2,2,2.1,0
-126.56,-53.85,-2,2,2.1,0
-127.4,-53.0,-2,2,2.1,0
-127.89,-52.52,-2,2,2.1,0
-128.58,-51.82,-2,2,2.1,0
-129.07,-51.34,-2,2,2.1,0
-129.95,-50.46,-2,2,2.1,0
-130.76,-49.65,-2,2,2.1,0
-131.37,-49.03,-2,2,2.1,0
-131.7,-48.71,-2,2,2.1,0
-132.3,-48.1,-2,2,2.1,0
-133.37,-47.04,-2,2,2.1,0
-134.03,-46.38,-2,2,2.1,0
-134.75,-45.65,-2,2,2.1,0
-135.38,-45.03,-2,2,2.1,0
-135.87,-44.54,-2,2,2.1,0
-136.47,-43.94,-2,2,2.1,0
-137.19,-43.22,-2,2,2.1,0
-137.92,-42.49,-2,2,2.1,0
-138.66,-41.75,-2,2,2.1,0
-139.39,-41.02,-2,2,2.1,0
-139.89,-40.52,-2,2,2.1,0
-140.62,-39.79,-2,2,2.1,0
-141.38,-39.03,-2,2,2.1,0
-141.89,-38.52,-2,2,2.1,0
-142.63,-37.78,-2,2,2.1,0
-143.36,-37.05,-2,2,2.1,0
-143.86,-36.55,-2,2,2.1,0
-144.59,-35.82,-2,2,2.1,0
-145.26,-35.15,-2,2,2.1,0
-146.11,-34.29,-2,2,2.1,0
-147.08,-33.32,-2,2,2.1,0
-147.93,-32.48,-2,2,2.1,0
-148.41,-32.0,-2,2,2.1,0
-149.11,-31.29,-2,2,2.1,0
-149.8,-30.61,-2,2,2.1,0
-150.52,-29.89,-2,2,2.1,0
-151.38,-29.03,-2,2,2.1,0
-151.8,-28.6,-2,2,2.1,0
-152.48,-27.93,-2,2,2.1,0
-153.35,-27.06,-2,2,2.1,0
-153.94,-26.46,-2,2,2.1,0
-154.67,-25.74,-2,2,2.1,0
-155.15,-25.26,-2,2,2.1,0
-155.88,-24.52,-2,2,2.1,0
-156.38,-24.03,-2,2,2.1,0
-156.87,-23.54,-2,2,2.1,0
-157.75,-22.66,-2,2,2.1,0
-158.35,-22.06,-2,2,2.1,0
-158.83,-21.57,-2,2,2.1,0
-159.8,-20.61,-2,2,2.1,0
-160.4,-20.0,-2,2,2.1,0
-160.82,-19.59,-2,2,2.1,0
-161.66,-18.74,-2,2,2.1,0
-162.25,-18.15,-2,2,2.1,0
-162.89,-17.52,-2,2,2.1,0
-163.54,-16.87,-2,2,2.1,0
-164.09,-16.32,-2,2,2.1,0
-164.58,-15.83,-2,2,2.1,0
-165.06,-15.34,-2,2,2.1,0
-165.9,-14.5,-2,2,2.1,0
-166.65,-13.76,-2,2,2.1,0
-167.39,-13.02,-2,2,2.1,0
-167.88,-12.52,-2,2,2.1,0
-168.24,-12.16,-2,2,2.1,0
-168.74,-11.67,-2,2,2.1,0
-169.28,-11.12,-2,2,2.1,0
-169.92,-10.49,-2,2,2.1,0
-170.78,-9.63,-2,2,2.1,0
-171.27,-9.13,-2,2,2.1,0
-171.76,-8.65,-2,2,2.1,0
-172.74,-7.66,-2,2,2.1,0
-173.23,-7.17,-2,2,2.1,0
-174.08,-6.32,-2,2,2.1,0
-174.69,-5.72,-2,2,2.1,0
-175.3,-5.11,-2,2,2.1,0
-175.9,-4.5,-2,2,2.1,0
-176.51,-3.9,-2,2,2.1,0
-177.05,-3.36,-2,2,2.1,0
-177.89,-2.51,-2,2,2.1,0
-178.66,-1.75,-2,2,2.1,0
-179.51,-0.9,-2,2,2.1,0
-180.11,-0.29,-2,2,2.1,0
-180.45,0.05,-2,2,2.1,0
-180.98,0.57,-2,2,2.1,0
-181.88,1.47,-2,2,2.1,0
-182.32,1.92,-2,2,2.1,0
-183.0,2.59,-2,2,2.1,0
-183.37,2.97,-2,2,2.1,0
-184.22,3.82,-2,2,2.1,0
-184.83,4.42,-2,2,2.1,0
-185.59,5.19,-2,2,2.1,0
-185.88,5.47,-2,2,2.1,0
-186.81,6.4,-2,2,2.1,0
-187.69,7.28,-2,2,2.1,0
-188.4,8.0,-2,2,2.1,0
-188.96,8.55,-2,2,2.1,0
-189.42,9.01,-2,2,2.1,0
-190.25,9.84,-2,2,2.1,0
-190.97,10.57,-2,2,2.1,0
-191.7,11.29,-2,2,2.1,0
-192.42,12.01,-2,2,2.1,0
-192.91,12.5,-2,2,2.1,0
-193.87,13.47,-2,2,2.1,0
-194.36,13.95,-2,2,2.1,0
-195.1,14.69,-2,2,2.1,0
-196.07,15.66,-2,2,2.1,0
-196.66,16.25,-2,2,2.1,0
-197.32,16.91,-2,2,2.1,0
-198.16,17.76,-2,2,2.1,0
-199.04,18.64,-2,2,2.1,0
-199.77,19.36,-2,2,2.1,0
-200.49,20.09,-2,2,2.1,0
-201.22,20.81,-2,2,2.1,0
-202.16,21.76,-2,2,2.1,0
-202.72,22.31,-2,2,2.1,0
-203.44,23.04,-2,2,2.1,0
-204.12,23.71,-2,2,2.1,0
-204.94,24.53,-2,2,2.1,0
-205.54,25.14,-2,2,2.1,0
-206.55,26.15,-2,2,2.1,0
-207.15,26.75,-2,2,2.1,0
-207.88,27.47,-2,2,2.1,0
-208.55,28.15,-2,2,2.1,0
-209.23,28.82,-2,2,2.1,0
-210.07,29.66,-2,2,2.1,0
-210.79,30.38,-2,2,2.1,0
-211.46,31.05,-2,2,2.1,0
-211.98,31.57,-2,2,2.1,0
-212.51,32.1,-2,2,2.1,0
-213.16,32.75,-2,2,2.1,0
-214.08,33.68,-2,2,2.1,0
-214.74,34.33,-2,2,2.1,0
-215.47,35.06,-2,2,2.1,0
-216.09,35.69,-2,2,2.1,0
-216.73,36.32,-2,2,2.1,0
-217.34,36.93,-2,2,2.1,0
-217.91,37.51,-2,2,2.1,0
-218.64,38.23,-2,2,2.1,0
-219.24,38.83,-2,2,2.1,0
-220.28,39.87,-2,2,2.1,0
-220.89,40.48,-2,2,2.1,0
-221.62,41.21,-2,2,2.1,0
-222.46,42.05,-2,2,2.1,0
-223.06,42.65,-2,2,2.1,0
-223.77,43.37,-2,2,2.1,0
-224.13,43.72,-2,2,2.1,0
-225.01,44.6,-2,2,2.1,0
-225.57,45.16,-2,2,2.1,0
-226.44,46.03,-2,2,2.1,0
-226.95,46.55,-2,2,2.1,0
-227.48,47.08,-2,2,2.1,0
-228.22,47.81,-2,2,2.1,0
-228.78,48.38,-2,2,2.1,0
-229.64,49.23,-2,2,2.1,0
-230.38,49.97,-2,2,2.1,0
-230.87,50.46,-2,2,2.1,0
-231.36,50.95,-2,2,2.1,0
-232.28,51.87,-2,2,2.1,0
-233.05,52.65,-2,2,2.1,0
-233.72,53.31,-2,2,2.1,0
-234.45,54.04,-2,2,2.1,0
-235.11,54.7,-2,2,2.1,0
-235.66,55.25,-2,2,2.1,0
-236.17,55.76,-2,2,2.1,0
-236.93,56.52,-2,2,2.1,0
-237.65,57.24,-2,2,2.1,0
-238.36,57.95,-2,2,2.1,0
-238.78,58.37,-2,2,2.1,0
-239.65,59.25,-2,2,2.1,0
-239.97,59.56,-2,2,2.1,0
-240.9,60.5,-2,2,2.1,0
-241.51,61.11,-2,2,2.1,0
-242.31,61.9,-2,2,2.1,0
-242.98,62.57,-2,2,2.1,0
-243.4,62.99,-2,2,2.1,0
-244.22,63.82,-2,2,2.1,0
-244.87,64.46,-2,2,2.1,0
-245.28,64.88,-2,2,2.1,0
-246.22,65.82,-2,2,2.1,0
-246.59,66.18,-2,2,2.1,0
-247.5,67.09,-2,2,2.1,0
-248.03,67.63,-2,2,2.1,0
-248.95,68.55,-2,2,2.1,0
-249.65,69.25,-2,2,2.1,0
-250.3,69.89,-2,2,2.1,0
-250.78,70.37,-2,2,2.1,0
-251.34,70.94,-2,2,2.1,0
-252.13,71.72,-2,2,2.1,0
-252.67,72.27,-2,2,2.1,0
-253.69,73.28,-2,2,2.1,0
-254.35,73.94,-2,2,2.1,0
-254.71,74.31,-2,2,2.1,0
-255.7,75.29,-2,2,2.1,0
-256.34,75.93,-2,2,2.1,0
-256.98,76.58,-2,2,2.1,0
-257.63,77.22,-2,2,2.1,0
-258.37,77.96,-2,2,2.1,0
-259.03,78.62,-2,2,2.1,0
-259.68,79.28,-2,2,2.1,0
-260.3,79.89,-2,2,2.1,0
-260.93,80.52,-2,2,2.1,0
-261.68,81.28,-2,2,2.1,0
-262.35,81.95,-2,2,2.1,0
-262.76,82.36,-2,2,2.1,0
-263.5,83.09,-2,2,2.1,0
-263.95,83.54,-2,2,2.1,0
-264.76,84.35,-2,2,2.1,0
-265.17,84.76,-2,2,2.1,0
-266.02,85.61,-2,2,2.1,0
-266.63,86.22,-2,2,2.1,0
-266.96,86.55,-2,2,2.1,0
-267.75,87.35,-2,2,2.1,0
-268.12,87.71,-2,2,2.1,0
-268.75,88.34,-2,2,2.1,0
-269.67,89.26,-2,2,2.1,0
-269.95,89.54,-2,2,2.1,0
-270.56,90.16,-2,2,2.1,0
-271.13,90.72,-2,2,2.1,0
-271.64,91.23,-2,2,2.1,0
-272.57,92.16,-2,2,2.1,0
-273.09,92.68,-2,2,2.1,0
-273.72,93.32,-2,2,2.1,0
-274.1,93.69,-2,2,2.1,0
-274.89,94.49,-2,2,2.1,0
-275.53,95.12,-2,2,2.1,0
-276.44,96.03,-2,2,2.1,0
-276.84,96.43,-2,2,2.1,0
-277.68,97.27,-2,2,2.1,0
-278.29,97.88,-2,2,2.1,0
-278.69,98.29,-2,2,2.1,0
-279.24,98.83,-2,2,2.1,0
-279.95,99.54,-2,2,2.1,0
-280.32,99.91,-2,2,2.1,0
-281.06,100.66,-2,2,2.1,0
-281.79,101.38,-2,2,2.1,0
-282.15,101.75,-2,2,2.1,0
-282.69,102.28,-2,2,2.1,0
-283.42,103.02,-2,2,2.1,0
-283.94,103.54,-2,2,2.1,0
-284.34,103.93,-2,2,2.1,0
-285.08,104.67,-2,2,2.1,0
-285.62,105.21,-2,2,2.1,0
-286.13,105.73,-2,2,2.1,0
-286.63,106.23,-2,2,2.1,0
-287.33,106.92,-2,2,2.1,0
-287.96,107.56,-2,2,2.1,0
-288.32,107.92,-2,2,2.1,0
-288.83,108.42,-2,2,2.1,0
-289.61,109.21,-2,2,2.1,0
-290.1,109.69,-2,2,2.1,0
-290.91,110.5,-2,2,2.1,0
-291.59,111.18,-2,2,2.1,0
-291.91,111.5,-2,2,2.1,0
-292.78,112.38,-2,2,2.1,0
-293.14,112.74,-2,2,2.1,0
-293.65,113.24,-2,2,2.1,0
-294.31,113.91,-2,2,2.1,0
-294.95,114.54,-2,2,2.1,0
-295.68,115.27,-2,2,2.1,0
-296.11,115.7,-2,2,2.1,0
-296.68,116.28,-2,2,2.1,0
-297.58,117.18,-2,2,2.1,0
-297.97,117.56,-2,2,2.1,0
-298.63,118.23,-2,2,2.1,0
-299.18,118.78,-2,2,2.1,0
-299.82,119.41,-2,2,2.1,0
-300.42,120.01,-2,2,2.1,0
-301.03,120.62,-2,2,2.1,0
-301.69,121.28,-2,2,2.1,0
-302.35,121.94,-2,2,2.1,0
-302.71,122.31,-2,2,2.1,0
-303.32,122.92,-2,2,2.1,0
-303.93,123.53,-2,2,2.1,0
-304.44,124.03,-2,2,2.1,0
-305.0,124.59,-2,2,2.1,0
-305.74,125.34,-2,2,2.1,0
-306.1,125.7,-2,2,2.1,0
-306.97,126.56,-2,2,2.1,0
-307.33,126.92,-2,2,2.1,0
-307.82,127.41,-2,2,2.1,0
-308.7,128.29,-2,2,2.1,0
-309.01,128.61,-2,2,2.1,0
-309.87,129.47,-2,2,2.1,0
-310.27,129.87,-2,2,2.1,0
-310.87,130.46,-2,2,2.1,0
-311.48,131.08,-2,2,2.1,0
-312.39,131.99,-2,2,2.1,0
-312.78,132.38,-2,2,2.1,0
-313.62,133.22,-2,2,2.1,0
-314.26,133.85,-2,2,2.1,0
-314.7,134.29,-2,2,2.1,0
-315.19,134.78,-2,2,2.1,0
-316.01,135.6,-2,2,2.1,0
-316.42,136.02,-2,2,2.1,0
-317.04,136.64,-2,2,2.1,0
-317.52,137.12,-2,2,2.1,0
-318.35,137.95,-2,2,2.1,0
-318.78,138.38,-2,2,2.1,0
-319.46,139.06,-2,2,2.1,0
-319.86,139.46,-2,2,2.1,0
-320.48,140.07,-2,2,2.1,0
-321.21,140.8,-2,2,2.1,0
-321.66,141.25,-2,2,2.1,0
-322.22,141.82,-2,2,2.1,0
-322.96,142.56,-2,2,2.1,0
-323.32,142.92,-2,2,2.1,0
-324.23,143.82,-2,2,2.1,0
-324.7,144.29,-2,2,2.1,0
-325.59,145.18,-2,2,2.1,0
-326.32,145.91,-2,2,2.1,0
-326.68,146.27,-2,2,2.1,0
-327.18,146.77,-2,2,2.1,0
-327.7,147.29,-2,2,2.1,0
-328.31,147.9,-2,2,2.1,0
-328.92,148.51,-2,2,2.1,0
-329.32,148.91,-2,2,2.1,0
-330.29,149.89,-2,2,2.1,0
-329.5,150.39,2,2,2.1,0
-328.91,150.98,2,2,2.1,0
-328.52,151.37,2,2,2.1,0
-327.88,152.0,2,2,2.1,0
-327.39,152.5,2,2,2.1,0
-326.89,153.0,2,2,2.1,0
-326.33,153.56,2,2,2.1,0
-325.84,154.05,2,2,2.1,0
-325.15,154.74,2,2,2.1,0
-324.77,155.12,2,2,2.1,0
-323.9,155.99,2,2,2.1,0
-323.5,156.39,2,2,2.1,0
-322.7,157.19,2,2,2.1,0
-321.71,158.18,2,2,2.1,0
-321.3,158.59,2,2,2.1,0
-320.44,159.45,2,2,2.1,0
-320.11,159.78,2,2,2.1,0
-319.49,160.4,2,2,2.1,0
-318.64,161.25,2,2,2.1,0
-317.89,162.0,2,2,2.1,0
-317.25,162.64,2,2,2.1,0
-316.57,163.32,2,2,2.1,0
-316.2,163.69,2,2,2.1,0
-315.56,164.32,2,2,2.1,0
-314.7,165.19,2,2,2.1,0
-313.93,165.96,2,2,2.1,0
-313.45,166.44,2,2,2.1,0
-312.75,167.14,2,2,2.1,0
-312.01,167.88,2,2,2.1,0
-311.6,168.29,2,2,2.1,0
-310.68,169.21,2,2,2.1,0
-310.0,169.89,2,2,2.1,0
-309.2,170.69,2,2,2.1,0
-308.91,170.98,2,2,2.1,0
-308.03,171.85,2,2,2.1,0
-307.46,172.43,2,2,2.1,0
-307.1,172.79,2,2,2.1,0
-305.95,173.93,2,2,2.1,0
-305.17,174.72,2,2,2.1,0
-304.62,175.27,2,2,2.1,0
-303.83,176.06,2,2,2.1,0
-303.32,176.57,2,2,2.1,0
-302.33,177.56,2,2,2.1,0
-301.84,178.04,2,2,2.1,0
-301.1,178.79,2,2,2.1,0
-299.88,180.01,2,2,2.1,0
-299.3,180.59,2,2,2.1,0
-298.33,181.56,2,2,2.1,0
-297.73,182.16,2,2,2.1,0
-297.25,182.64,2,2,2.1,0
-296.75,183.14,2,2,2.1,0
-296.23,183.66,2,2,2.1,0
-295.49,184.4,2,2,2.1,0
-294.75,185.14,2,2,2.1,0
-294.25,185.64,2,2,2.1,0
-293.46,186.43,2,2,2.1,0
-292.74,187.15,2,2,2.1,0
-292.34,187.55,2,2,2.1,0
-291.74,188.15,2,2,2.1,0
-291.23,188.66,2,2,2.1,0
-290.24,189.65,2,2,2.1,0
-289.75,190.14,2,2,2.1,0
-289.26,190.63,2,2,2.1,0
-288.68,191.21,2,2,2.1,0
-287.95,191.94,2,2,2.1,0
-287.2,192.69,2,2,2.1,0
-286.7,193.19,2,2,2.1,0
-285.97,193.92,2,2,2.1,0
-285.47,194.41,2,2,2.1,0
-284.59,195.3,2,2,2.1,0
-283.99,195.9,2,2,2.1,0
-283.51,196.38,2,2,2.1,0
-282.79,197.1,2,2,2.1,0
-282.3,197.59,2,2,2.1,0
-281.58,198.31,2,2,2.1,0
-281.08,198.81,2,2,2.1,0
-280.36,199.53,2,2,2.1,0
-279.62,200.26,2,2,2.1,0
-279.14,200.75,2,2,2.1,0
-278.26,201.63,2,2,2.1,0
-277.66,202.23,2,2,2.1,0
-277.17,202.71,2,2,2.1,0
-276.57,203.32,2,2,2.1,0
-275.84,204.05,2,2,2.1,0
-275.36,204.53,2,2,2.1,0
-274.51,205.38,2,2,2.1,0
-273.9,205.99,2,2,2.1,0
-273.4,206.49,2,2,2.1,0
-272.68,207.21,2,2,2.1,0
-272.31,207.58,2,2,2.1,0
-271.35,208.54,2,2,2.1,0
-270.73,209.16,2,2,2.1,0
-270.02,209.86,2,2,2.1,0
-269.54,210.35,2,2,2.1,0
-268.73,211.16,2,2,2.1,0
-268.15,211.74,2,2,2.1,0
-267.36,212.53,2,2,2.1,0
-266.64,213.25,2,2,2.1,0
-265.66,214.23,2,2,2.1,0
-264.85,215.04,2,2,2.1,0
-264.36,215.53,2,2,2.1,0
-263.61,216.28,2,2,2.1,0
-262.86,217.03,2,2,2.1,0
-262.34,217.55,2,2,2.1,0
-261.61,218.28,2,2,2.1,0
-261.11,218.78,2,2,2.1,0
-260.35,219.54,2,2,2.1,0
-259.92,219.97,2,2,2.1,0
-259.19,220.7,2,2,2.1,0
-258.41,221.48,2,2,2.1,0
-257.57,222.32,2,2,2.1,0
-256.96,222.93,2,2,2.1,0
-256.19,223.7,2,2,2.1,0
-255.7,224.19,2,2,2.1,0
-255.21,224.68,2,2,2.1,0
-254.24,225.65,2,2,2.1,0
-253.51,226.38,2,2,2.1,0
-252.97,226.91,2,2,2.1,0
-252.24,227.65,2,2,2.1,0
-251.59,228.3,2,2,2.1,0
-250.73,229.16,2,2,2.1,0
-250.28,229.6,2,2,2.1,0
-249.56,230.33,2,2,2.1,0
-249.07,230.82,2,2,2.1,0
-248.47,231.42,2,2,2.1,0
-247.54,232.35,2,2,2.1,0
-246.74,233.15,2,2,2.1,0
-245.8,234.09,2,2,2.1,0
-245.05,234.84,2,2,2.1,0
-244.6,235.29,2,2,2.1,0
-243.63,236.26,2,2,2.1,0
-243.04,236.85,2,2,2.1,0
-242.39,237.5,2,2,2.1,0
-241.34,238.54,2,2,2.1,0
-240.74,239.15,2,2,2.1,0
-239.77,240.12,2,2,2.1,0
-239.04,240.85,2,2,2.1,0
-238.17,241.72,2,2,2.1,0
-237.79,242.1,2,2,2.1,0
-237.07,242.82,2,2,2.1,0
-236.58,243.31,2,2,2.1,0
-235.97,243.92,2,2,2.1,0
-235.49,244.4,2,2,2.1,0
-234.63,245.26,2,2,2.1,0
-234.26,245.62,2,2,2.1,0
-233.63,246.25,2,2,2.1,0
-232.91,246.98,2,2,2.1,0
-232.49,247.4,2,2,2.1,0
-231.65,248.24,2,2,2.1,0
-231.0,248.89,2,2,2.1,0
-230.44,249.45,2,2,2.1,0
-230.01,249.88,2,2,2.1,0
-229.24,250.65,2,2,2.1,0
-228.63,251.26,2,2,2.1,0
-227.95,251.94,2,2,2.1,0
-227.25,252.63,2,2,2.1,0
-226.42,253.46,2,2,2.1,0
-225.92,253.97,2,2,2.1,0
-225.31,254.58,2,2,2.1,0
-224.56,255.32,2,2,2.1,0
-224.18,255.7,2,2,2.1,0
-223.49,256.4,2,2,2.1,0
-222.87,257.02,2,2,2.1,0
-221.99,257.9,2,2,2.1,0
-221.48,258.41,2,2,2.1,0
-220.92,258.97,2,2,2.1,0
-220.02,259.87,2,2,2.1,0
-219.41,260.47,2,2,2.1,0
-218.81,261.08,2,2,2.1,0
-218.17,261.72,2,2,2.1,0
-217.77,262.12,2,2,2.1,0
-217.03,262.86,2,2,2.1,0
-216.25,263.64,2,2,2.1,0
-215.84,264.05,2,2,2.1,0
-215.31,264.58,2,2,2.1,0
-214.35,265.54,2,2,2.1,0
-213.99,265.9,2,2,2.1,0
-213.21,266.68,2,2,2.1,0
-212.73,267.16,2,2,2.1,0
-212.15,267.74,2,2,2.1,0
-211.08,268.8,2,2,2.1,0
-210.48,269.41,2,2,2.1,0
-209.71,270.18,2,2,2.1,0
-209.22,270.67,2,2,2.1,0
-208.22,271.67,2,2,2.1,0
-207.61,272.27,2,2,2.1,0
-207.2,272.69,2,2,2.1,0
-206.59,273.29,2,2,2.1,0
-206.02,273.87,2,2,2.1,0
-205.18,274.71,2,2,2.1,0
-204.53,275.36,2,2,2.1,0
-204.03,275.85,2,2,2.1,0
-203.49,276.39,2,2,2.1,0
-202.65,277.24,2,2,2.1,0
-202.01,277.88,2,2,2.1,0
-201.34,278.55,2,2,2.1,0
-200.9,278.99,2,2,2.1,0
-200.04,279.85,2,2,2.1,0
-199.46,280.43,2,2,2.1,0
-199.1,280.79,2,2,2.1,0
-198.49,281.4,2,2,2.1,0
-197.76,282.12,2,2,2.1,0
-197.33,282.56,2,2,2.1,0
-196.8,283.09,2,2,2.1,0
-196.28,283.61,2,2,2.1,0
-195.67,284.21,2,2,2.1,0
-195.07,284.81,2,2,2.1,0
-194.28,285.61,2,2,2.1,0
-193.89,286.0,2,2,2.1,0
-193.26,286.63,2,2,2.1,0
-192.78,287.11,2,2,2.1,0
-192.24,287.65,2,2,2.1,0
-191.63,288.26,2,2,2.1,0
-190.65,289.23,2,2,2.1,0
-190.3,289.58,2,2,2.1,0
-189.45,290.44,2,2,2.1,0
-188.83,289.38,2,-2,2.1,0
-188.5,289.06,2,-2,2.1,0
-188.0,288.55,2,-2,2.1,0
-187.29,287.84,2,-2,2.1,0
-186.84,287.39,2,-2,2.1,0
-186.22,286.77,2,-2,2.1,0
-185.7,286.25,2,-2,2.1,0
-185.18,285.73,2,-2,2.1,0
-184.32,284.88,2,-2,2.1,0
-183.66,284.21,2,-2,2.1,0
-183.29,283.85,2,-2,2.1,0
-182.59,283.14,2,-2,2.1,0
-182.04,282.59,2,-2,2.1,0
-181.27,281.83,2,-2,2.1,0
-180.92,281.47,2,-2,2.1,0
-180.28,280.83,2,-2,2.1,0
-179.52,280.07,2,-2,2.1,0
-178.9,279.45,2,-2,2.1,0
-178.38,278.93,2,-2,2.1,0
-177.42,277.97,2,-2,2.1,0
-177.02,277.57,2,-2,2.1,0
-176.35,276.91,2,-2,2.1,0
-175.79,276.34,2,-2,2.1,0
-174.87,275.42,2,-2,2.1,0
-174.24,274.8,2,-2,2.1,0
-173.88,274.43,2,-2,2.1,0
-173.01,273.56,2,-2,2.1,0
-172.27,272.82,2,-2,2.1,0
-171.72,272.28,2,-2,2.1,0
-171.07,271.63,2,-2,2.1,0
-170.38,270.93,2,-2,2.1,0
-170.03,270.58,2,-2,2.1,0
-169.15,269.7,2,-2,2.1,0
-168.4,268.95,2,-2,2.1,0
-167.91,268.47,2,-2,2.1,0
-167.01,267.57,2,-2,2.1,0
-166.41,266.96,2,-2,2.1,0
-165.64,266.2,2,-2,2.1,0
-164.95,265.5,2,-2,2.1,0
-164.34,264.9,2,-2,2.1,0
-163.74,264.3,2,-2,2.1,0
-163.07,263.62,2,-2,2.1,0
-162.43,262.99,2,-2,2.1,0
-161.78,262.33,2,-2,2.1,0
-161.42,261.97,2,-2,2.1,0
-160.75,261.3,2,-2,2.1,0
-160.32,260.88,2,-2,2.1,0
-159.47,260.03,2,-2,2.1,0
-159.11,259.67,2,-2,2.1,0
-158.62,259.17,2,-2,2.1,0
-157.65,258.21,2,-2,2.1,0
-157.22,257.77,2,-2,2.1,0
-156.62,257.17,2,-2,2.1,0
-155.97,256.52,2,-2,2.1,0
-155.02,255.57,2,-2,2.1,0
-154.43,254.98,2,-2,2.1,0
-153.95,254.5,2,-2,2.1,0
-153.26,253.81,2,-2,2.1,0
-152.59,253.14,2,-2,2.1,0
-151.89,252.45,2,-2,2.1,0
-151.28,251.84,2,-2,2.1,0
-150.67,251.23,2,-2,2.1,0
-150.07,250.63,2,-2,2.1,0
-149.35,249.91,2,-2,2.1,0
-148.75,249.3,2,-2,2.1,0
-148.05,248.6,2,-2,2.1,0
-147.27,247.82,2,-2,2.1,0
-146.62,247.17,2,-2,2.1,0
-146.25,246.81,2,-2,2.1,0
-145.33,245.89,2,-2,2.1,0
-144.93,245.48,2,-2,2.1,0
-144.07,244.62,2,-2,2.1,0
-143.59,244.14,2,-2,2.1,0
-143.22,243.78,2,-2,2.1,0
-142.59,243.14,2,-2,2.1,0
-141.8,242.36,2,-2,2.1,0
-141.44,241.99,2,-2,2.1,0
-140.47,241.02,2,-2,2.1,0
-140.06,240.61,2,-2,2.1,0
-139.42,239.97,2,-2,2.1,0
-138.49,239.04,2,-2,2.1,0
-137.77,238.32,2,-2,2.1,0
-137.19,237.75,2,-2,2.1,0
-136.53,237.09,2,-2,2.1,0
-136.11,236.66,2,-2,2.1,0
-135.07,235.62,2,-2,2.1,0
-134.72,235.27,2,-2,2.1,0
-133.8,234.35,2,-2,2.1,0
-133.08,233.63,2,-2,2.1,0
-132.67,233.22,2,-2,2.1,0
-132.04,232.59,2,-2,2.1,0
-131.44,231.99,2,-2,2.1,0
-130.64,231.2,2,-2,2.1,0
-129.85,230.4,2,-2,2.1,0
-129.13,229.68,2,-2,2.1,0
-128.36,228.91,2,-2,2.1,0
-127.76,228.31,2,-2,2.1,0
-127.44,228.0,2,-2,2.1,0
-126.43,226.98,2,-2,2.1,0
-125.65,226.21,2,-2,2.1,0
-124.99,225.55,2,-2,2.1,0
-124.58,225.13,2,-2,2.1,0
-123.73,224.28,2,-2,2.1,0
-123.05,223.6,2,-2,2.1,0
-122.41,222.96,2,-2,2.1,0
-121.98,222.53,2,-2,2.1,0
-121.25,221.81,2,-2,2.1,0
-120.65,221.2,2,-2,2.1,0
-120.27,220.82,2,-2,2.1,0
-119.66,220.22,2,-2,2.1,0
-118.77,219.32,2,-2,2.1,0
-118.32,218.87,2,-2,2.1,0
-117.31,217.86,2,-2,2.1,0
-116.65,217.2,2,-2,2.1,0
-115.97,216.53,2,-2,2.1,0
-115.32,215.87,2,-2,2.1,0
-114.64,215.2,2,-2,2.1,0
-114.06,214.61,2,-2,2.1,0
-113.58,214.13,2,-2,2.1,0
-112.85,213.4,2,-2,2.1,0
-112.12,212.68,2,-2,2.1,0
-111.62,212.17,2,-2,2.1,0
-110.9,211.45,2,-2,2.1,0
-110.15,210.71,2,-2,2.1,0
-109.66,210.21,2,-2,2.1,0
-109.17,209.72,2,-2,2.1,0
-108.45,209.0,2,-2,2.1,0
-107.96,208.51,2,-2,2.1,0
-107.23,207.79,2,-2,2.1,0
-106.74,207.29,2,-2,2.1,0
-106.01,206.57,2,-2,2.1,0
-105.52,206.07,2,-2,2.1,0
-105.03,205.59,2,-2,2.1,0
-104.29,204.85,2,-2,2.1,0
-103.94,204.49,2,-2,2.1,0
-103.19,203.74,2,-2,2.1,0
-102.46,203.01,2,-2,2.1,0
-101.81,202.37,2,-2,2.1,0
-101.45,202.0,2,-2,2.1,0
-100.63,201.18,2,-2,2.1,0
-99.83,200.38,2,-2,2.1,0
-99.32,199.87,2,-2,2.1,0
-98.59,199.15,2,-2,2.1,0
-97.87,198.42,2,-2,2.1,0
-97.38,197.93,2,-2,2.1,0
-96.64,197.19,2,-2,2.1,0
-96.21,196.76,2,-2,2.1,0
-95.48,196.03,2,-2,2.1,0
-94.79,195.34,2,-2,2.1,0
-94.3,194.86,2,-2,2.1,0
-93.44,193.99,2,-2,2.1,0
-92.84,193.4,2,-2,2.1,0
-92.44,192.99,2,-2,2.1,0
-91.89,192.44,2,-2,2.1,0
-91.19,191.74,2,-2,2.1,0
-90.56,191.12,2,-2,2.1,0
-89.84,190.39,2,-2,2.1,0
-89.23,189.78,2,-2,2.1,0
-88.74,189.3,2,-2,2.1,0
-88.02,188.58,2,-2,2.1,0
-87.54,188.09,2,-2,2.1,0
-87.05,187.61,2,-2,2.1,0
-86.09,186.64,2,-2,2.1,0
-85.35,185.9,2,-2,2.1,0
-84.72,185.27,2,-2,2.1,0
-83.93,184.49,2,-2,2.1,0
-83.45,184.01,2,-2,2.1,0
-82.96,183.52,2,-2,2.1,0
-82.36,182.92,2,-2,2.1,0
-81.62,182.18,2,-2,2.1,0
-80.89,181.45,2,-2,2.1,0
-80.31,180.86,2,-2,2.1,0
-79.79,180.34,2,-2,2.1,0
-79.3,179.86,2,-2,2.1,0
-78.58,179.13,2,-2,2.1,0
-78.02,178.57,2,-2,2.1,0
-77.53,178.08,2,-2,2.1,0
-76.8,177.36,2,-2,2.1,0
-76.2,176.75,2,-2,2.1,0
-75.6,176.15,2,-2,2.1,0
-74.56,175.11,2,-2,-0.05,2
-74.01,174.56,2,-2,-1.21,2
-73.4,173.96,2,-2,-2.46,2
-72.99,173.55,2,-2,-3.32,2
-72.26,172.81,2,-2,-4.85,2
-71.82,172.38,2,-2,-5.76,2
-71.1,171.65,2,-2,-7.27,2
-70.39,170.94,2,-2,-8.75,2
-69.57,170.12,2,-2,-10.46,2
-69.01,169.56,2,-2,-11.62,2
-68.41,168.96,2,-2,-12.88,2
-67.99,168.55,2,-2,-13.73,2
-67.23,167.78,2,-2,-15.33,2
-66.52,167.08,2,-2,-16.8,2
-65.8,166.35,2,-2,-18.31,2
-65.46,166.01,2,-2,-19.02,2
-64.96,165.52,2,-2,-20.05,2
-64.31,164.87,2,-2,-21.4,2
-63.59,164.14,2,-2,-22.91,2
-62.76,163.32,2,-2,-24.63,2
-62.12,162.67,2,-2,-25.98,2
-61.35,161.91,2,-2,-27.57,2
-60.64,161.19,2,-2,-29.06,2
-60.24,160.8,2,-2,-29.88,2
-59.63,160.18,2,-2,-31.16,2
-58.9,159.45,2,-2,-32.69,2
-58.24,158.79,2,-2,-34.06,2
-57.75,158.3,2,-2,-35.08,2
-57.13,157.68,2,-2,-36.37,2
-56.4,156.95,2,-2,-37.9,2
-56.0,156.55,2,-2,-38.73,2
-55.44,155.99,2,-2,-39.89,2
-54.67,155.22,2,-2,-41.5,2
-53.96,154.51,2,-2,-42.97,2
-53.41,153.96,2,-2,-44.12,2
-52.7,153.25,2,-2,-45.6,2
-52.2,152.75,2,-2,-46.64,2
-51.44,151.99,2,-2,-48.23,2
-50.7,151.26,2,-2,-49.76,2
-50.13,150.69,2,-2,-50.95,2
-49.79,150.34,2,-2,-51.66,2
-48.95,149.51,2,-2,-53.4,2
-48.26,148.81,2,-2,-54.84,2
-47.86,148.42,2,-2,-55.67,2
-47.24,147.79,2,-2,-56.98,2
-46.52,147.07,2,-2,-58.48,2
-45.96,146.52,2,-2,-59.63,2
-45.35,145.91,2,-2,-60.9,2
-44.96,145.51,2,-2,-61.73,2
-43.98,144.53,2,-2,-63.77,2
-43.55,144.1,2,-2,-64.66,2
-42.58,143.13,2,-2,-66.68,2
-42.1,142.65,2,-2,-67.68,2
-41.52,142.07,2,-2,-68.9,2
-41.03,141.59,2,-2,-69.9,2
-40.28,140.83,2,-2,-71.48,2
-39.87,140.43,2,-2,-72.32,2
-39.23,139.79,2,-2,-73.65,2
-38.61,139.17,2,-2,-74.95,2
-37.73,138.28,2,-2,-76.79,2
-37.37,137.92,2,-2,-77.54,2
-36.52,137.07,2,-2,-79.31,2
-36.11,136.67,2,-2,-80.15,2
-35.37,135.93,2,-2,-81.69,2
-34.72,135.27,2,-2,-83.06,2
-34.39,134.94,2,-2,-83.75,2
-33.78,134.34,2,-2,-85.01,2
-33.31,133.86,2,-2,-86.0,2
-32.43,132.98,2,-2,-87.83,2
-31.75,132.3,2,-2,-89.25,2
-31.38,131.94,2,-2,-90.0,2
-30.63,131.19,2,-2,-91.57,2
-29.91,130.47,2,-2,-93.07,2
-29.33,129.89,2,-2,-94.28,2
-28.6,129.15,2,-2,-95.8,2
-27.93,128.49,2,-2,-97.19,2
-27.61,128.17,2,-2,-97.86,2
-26.89,127.44,2,-2,-99.37,2
-26.28,126.84,2,-2,-100.63,2
-25.35,125.9,2,-2,-102.57,2
-24.73,125.29,2,-2,-103.86,2
-24.38,124.93,2,-2,-104.6,2
-23.76,124.31,2,-2,-105.89,2
-23.27,123.82,2,-2,-106.92,2
-22.46,123.02,2,-2,-108.59,2
-22.0,122.55,2,-2,-109.56,2
-21.58,122.13,2,-2,-110.43,2
-20.59,121.14,2,-2,-112.5,2
-20.18,120.74,2,-2,-113.34,2
-19.56,120.12,2,-2,-114.63,2
-19.06,119.61,2,-2,-115.68,2
-18.19,118.74,2,-2,-117.49,2
-17.78,118.34,2,-2,-118.34,2
-17.14,117.7,2,-2,-119.67,2
-16.56,117.11,2,-2,-120.89,2
-15.66,116.21,2,-2,-122.76,2
-15.27,115.82,2,-2,-123.59,2
-14.74,115.29,2,-2,-124.69,2
-14.1,114.66,2,-2,-126.01,2
-13.73,114.28,2,-2,-126.78,2
-12.66,113.21,2,-2,-126.78,0
-12.01,112.56,2,-2,-126.78,0
-11.39,111.95,2,-2,-126.78,0
-10.76,111.32,2,-2,-126.78,0
-10.02,110.57,2,-2,-126.78,0
-9.22,109.77,2,-2,-126.78,0
-8.77,109.32,2,-2,-126.78,0
-8.03,108.59,2,-2,-126.78,0
-7.16,107.71,2,-2,-126.78,0
-6.52,107.07,2,-2,-126.78,0
-5.79,106.35,2,-2,-126.78,0
-5.4,105.96,2,-2,-126.78,0
-4.79,105.34,2,-2,-126.78,0
-4.17,104.73,2,-2,-126.78,0
-3.37,103.93,2,-2,-126.78,0
-2.72,103.27,2,-2,-126.78,0
-2.11,102.67,2,-2,-126.78,0
-1.62,102.18,2,-2,-126.78,0
-1.11,101.67,2,-2,-126.78,0
-0.63,101.19,2,-2,-126.78,0
0.09,100.46,2,-2,-126.78,0
0.52,100.03,2,-2,-126.78,0
1.48,99.07,2,-2,-126.78,0
1.8,98.76,2,-2,-126.78,0
2.41,98.15,2,-2,-126.78,0
2.89,97.67,2,-2,-126.78,0
3.61,96.94,2,-2,-126.78,0
4.12,96.43,2,-2,-126.78,0
4.65,95.9,2,-2,-126.78,0
5.57,94.98,2,-2,-126.78,0
5.94,94.61,2,-2,-126.78,0
6.43,94.12,2,-2,-126.78,0
7.21,93.34,2,-2,-126.78,0
7.53,93.02,2,-2,-126.78,0
8.27,92.29,2,-2,-126.78,0
8.63,91.92,2,-2,-126.78,0
9.37,91.18,2,-2,-126.78,0
9.96,90.59,2,-2,-126.78,0
10.24,90.31,2,-2,-126.78,0
11.17,89.38,2,-2,-126.78,0
11.48,89.07,2,-2,-126.78,0
12.31,88.25,2,-2,-126.78,0
12.71,87.84,2,-2,-126.78,0
13.56,87.0,2,-2,-126.78,0
13.96,86.59,2,-2,-126.78,0
14.58,85.98,2,-2,-126.78,0
15.17,85.39,2,-2,-126.78,0
15.66,84.9,2,-2,-126.78,0
16.17,84.38,2,-2,-126.78,0
16.63,83.92,2,-2,-126.78,0
17.23,83.32,2,-2,-126.78,0
18.15,82.4,2,-2,-126.78,0
18.7,81.85,2,-2,-126.78,0
19.21,81.34,2,-2,-126.78,0
19.68,80.87,2,-2,-126.78,0
20.19,80.36,2,-2,-126.78,0
20.81,79.74,2,-2,-126.78,0
21.16,79.39,2,-2,-126.78,0
22.06,78.49,2,-2,-126.78,0
22.35,78.21,2,-2,-126.78,0
22.86,77.69,2,-2,-126.78,0
23.36,77.19,2,-2,-126.78,0
23.84,76.72,2,-2,-126.78,0
24.58,75.98,2,-2,-126.78,0
25.31,75.24,2,-2,-126.78,0
25.67,74.88,2,-2,-126.78,0
26.41,74.14,2,-2,-126.78,0
26.84,73.72,2,-2,-126.78,0
27.51,73.04,2,-2,-126.78,0
28.24,72.31,2,-2,-126.78,0
28.68,71.88,2,-2,-126.78,0
29.15,71.41,2,-2,-126.78,0
29.85,70.7,2,-2,-126.78,0
30.71,69.84,2,-2,-126.78,0
31.21,69.35,2,-2,-126.78,0
31.72,68.83,2,-2,-126.78,0
32.24,68.31,2,-2,-126.78,0
32.86,67.7,2,-2,-126.78,0
33.35,67.21,2,-2,-126.78,0
33.85,66.7,2,-2,-126.78,0
34.43,66.12,2,-2,-126.78,0
35.27,65.28,2,-2,-126.78,0
35.73,64.83,2,-2,-126.78,0
36.34,64.21,2,-2,-126.78,0
36.69,63.86,2,-2,-126.78,0
37.5,63.05,2,-2,-126.78,0
38.22,62.33,2,-2,-126.78,0
38.58,61.97,2,-2,-126.78,0
39.18,61.38,2,-2,-126.78,0
39.65,60.9,2,-2,-126.78,0
40.14,60.42,2,-2,-126.78,0
41.09,59.46,2,-2,-126.78,0
41.88,58.67,2,-2,-126.78,0
42.45,58.1,2,-2,-126.78,0
42.88,57.68,2,-2,-126.78,0
43.73,56.82,2,-2,-126.78,0
44.37,56.18,2,-2,-126.78,0
44.84,55.71,2,-2,-126.78,0
45.47,55.08,2,-2,-126.78,0
46.2,54.35,2,-2,-126.78,0
46.92,53.63,2,-2,-126.78,0
47.25,53.3,2,-2,-126.78,0
48.1,52.45,2,-2,-126.78,0
48.76,51.79,2,-2,-126.78,0
49.32,51.23,2,-2,-126.78,0
49.68,50.87,2,-2,-126.78,0
50.4,50.15,2,-2,-126.78,0
50.87,49.68,2,-2,-126.78,0
51.45,49.1,2,-2,-126.78,0
52.27,48.29,2,-2,-126.78,0
52.86,47.69,2,-2,-126.78,0
53.58,46.97,2,-2,-126.78,0
54.19,46.37,2,-2,-126.78,0
54.92,45.64,2,-2,-126.78,0
55.47,45.08,2,-2,-126.78,0
55.83,44.72,2,-2,-126.78,0
56.69,43.86,2,-2,-126.78,0
57.33,43.22,2,-2,-126.78,0
57.96,42.6,2,-2,-126.78,0
58.32,42.23,2,-2,-126.78,0
59.18,41.38,2,-2,-126.78,0
59.75,40.8,2,-2,-126.78,0
60.1,40.45,2,-2,-126.78,0
60.85,39.7,2,-2,-126.78,0
61.68,38.87,2,-2,-126.78,0
62.3,38.26,2,-2,-126.78,0
63.02,37.53,2,-2,-126.78,0
63.73,36.82,2,-2,-126.78,0
64.11,36.44,2,-2,-126.78,0
65.12,35.44,2,-2,-126.78,0
65.88,34.67,2,-2,-126.78,0
66.73,33.83,2,-2,-126.78,0
67.22,33.33,2,-2,-126.78,0
67.95,32.61,2,-2,-126.78,0
68.56,32.0,2,-2,-126.78,0
69.04,31.51,2,-2,-126.78,0
69.64,30.91,2,-2,-126.78,0
70.37,30.18,2,-2,-126.78,0
71.4,29.15,2,-2,-126.78,0
71.9,28.66,2,-2,-126.78,0
72.62,27.93,2,-2,-126.78,0
73.48,27.07,2,-2,-126.78,0
74.09,26.47,2,-2,-126.78,0
74.89,25.67,2,-2,-126.78,0
75.61,24.95,2,-2,-126.78,0
76.45,24.1,2,-2,-126.78,0
77.36,23.19,2,-2,-126.78,0
77.72,22.83,2,-2,-126.78,0
78.67,21.89,2,-2,-126.78,0
79.64,20.92,2,-2,-126.78,0
80.31,20.24,2,-2,-126.78,0
80.96,19.59,2,-2,-126.78,0
81.69,18.87,2,-2,-126.78,0
82.38,18.18,2,-2,-126.78,0
83.1,17.45,2,-2,-126.78,0
83.71,16.85,2,-2,-126.78,0
84.37,16.18,2,-2,-126.78,0
85.0,15.55,2,-2,-126.78,0
86.0,14.55,2,-2,-126.78,0
86.6,13.95,2,-2,-126.78,0
87.39,13.16,2,-2,-126.78,0
87.97,12.58,2,-2,-126.78,0
88.81,11.74,2,-2,-126.78,0
89.84,10.71,2,-2,-126.78,0
90.74,9.81,2,-2,-126.78,0
91.41,9.15,2,-2,-126.78,0
92.29,8.26,2,-2,-126.78,0
92.86,7.69,2,-2,-126.78,0
93.95,6.6,2,-2,-126.78,0
94.67,5.88,2,-2,-126.78,0
95.4,5.16,2,-2,-126.78,0
95.78,4.77,2,-2,-126.78,0
96.77,3.78,2,-2,-126.78,0
97.51,3.04,2,-2,-126.78,0
98.36,2.2,2,-2,-126.78,0
98.94,1.62,2,-2,-126.78,0
99.78,0.77,2,-2,-126.78,0
100.43,0.13,2,-2,-126.78,0
101.08,-0.53,2,-2,-126.78,0
101.79,-1.24,2,-2,-126.78,0
102.76,-2.2,2,-2,-126.78,0
103.48,-2.93,2,-2,-126.78,0
104.32,-3.77,2,-2,-126.78,0
104.93,-4.37,2,-2,-126.78,0
105.89,-5.34,2,-2,-126.78,0
106.62,-6.07,2,-2,-126.78,0
107.11,-6.56,2,-2,-126.78,0
107.85,-7.29,2,-2,-126.78,0
108.33,-7.78,2,-2,-126.78,0
109.05,-8.5,2,-2,-126.78,0
109.78,-9.23,2,-2,-126.78,0
110.5,-9.95,2,-2,-126.78,0
111.35,-10.79,2,-2,-126.78,0
111.95,-11.39,2,-2,-126.78,0
112.79,-12.24,2,-2,-126.78,0
113.76,-13.21,2,-2,-126.78,0
114.55,-14.0,2,-2,-126.78,0
115.04,-14.49,2,-2,-126.78,0
116.01,-15.46,2,-2,-126.78,0
116.51,-15.96,2,-2,-126.78,0
117.63,-17.08,2,-2,-126.78,0
118.24,-17.69,2,-2,-126.78,0
118.97,-18.41,2,-2,-126.78,0
119.46,-18.9,2,-2,-126.78,0
120.18,-19.63,2,-2,-126.78,0
120.67,-20.11,2,-2,-126.78,0
121.47,-20.92,2,-2,-126.78,0
121.96,-21.41,2,-2,-126.78,0
122.71,-22.16,2,-2,-126.78,0
123.55,-23.0,2,-2,-126.78,0
124.04,-23.48,2,-2,-126.78,0
124.78,-24.22,2,-2,-126.78,0
125.58,-25.03,2,-2,-126.78,0
126.06,-25.51,2,-2,-126.78,0
126.88,-26.33,2,-2,-126.78,0
127.37,-26.82,2,-2,-126.78,0
127.87,-27.31,2,-2,-126.78,0
128.43,-27.88,2,-2,-126.78,0
129.2,-28.65,2,-2,-126.78,0
129.83,-29.28,2,-2,-126.78,0
130.43,-29.88,2,-2,-126.78,0
131.04,-30.48,2,-2,-126.78,0
131.73,-31.18,2,-2,-126.78,0
132.6,-32.04,2,-2,-126.78,0
133.44,-32.89,2,-2,-126.78,0
134.28,-33.72,2,-2,-126.78,0
134.93,-34.38,2,-2,-126.78,0
135.82,-35.26,2,-2,-126.78,0
136.18,-35.62,2,-2,-126.78,0
136.74,-36.19,2,-2,-126.78,0
137.47,-36.91,2,-2,-126.78,0
138.5,-37.94,2,-2,-126.78,0
139.25,-38.7,2,-2,-126.78,0
139.84,-39.29,2,-2,-126.78,0
140.69,-40.13,2,-2,-126.78,0
141.36,-40.8,2,-2,-126.78,0
142.08,-41.53,2,-2,-126.78,0
142.87,-42.32,2,-2,-126.78,0
143.49,-42.94,2,-2,-126.78,0
144.24,-43.69,2,-2,-126.78,0
144.93,-44.38,2,-2,-126.78,0
145.6,-45.05,2,-2,-126.78,0
146.36,-45.81,2,-2,-126.78,0
146.99,-46.43,2,-2,-126.78,0
147.47,-46.91,2,-2,-126.78,0
148.19,-47.64,2,-2,-126.78,0
148.77,-48.22,2,-2,-126.78,0
149.85,-49.29,2,-2,-126.78,0
150.47,-49.92,2,-2,-126.78,0
151.07,-50.52,2,-2,-126.78,0
151.4,-50.84,2,-2,-126.78,0
152.36,-51.81,2,-2,-126.78,0
152.95,-52.4,2,-2,-126.78,0
153.65,-53.1,2,-2,-126.78,0
154.26,-53.71,2,-2,-126.78,0
154.99,-54.44,2,-2,-126.78,0
155.89,-55.33,2,-2,-126.78,0
156.9,-56.34,2,-2,-126.78,0
157.81,-57.26,2,-2,-126.78,0
158.66,-58.1,2,-2,-126.78,0
159.41,-58.86,2,-2,-126.78,0
160.1,-59.54,2,-2,-126.78,0
160.71,-60.15,2,-2,-126.78,0
161.04,-60.49,2,-2,-126.78,0
161.99,-61.44,2,-2,-126.78,0
162.58,-62.03,2,-2,-126.78,0
163.2,-62.65,2,-2,-126.78,0
163.87,-63.32,2,-2,-126.78,0
164.5,-63.94,2,-2,-126.78,0
165.1,-64.55,2,-2,-126.78,0
166.0,-65.44,2,-2,-126.78,0
166.7,-66.15,2,-2,-126.78,0
167.2,-66.64,2,-2,-126.78,0
168.18,-67.62,2,-2,-126.78,0
168.91,-68.36,2,-2,-126.78,0
169.6,-69.05,2,-2,-126.78,0
170.46,-69.9,2,-2,-126.78,0
171.22,-70.66,2,-2,-126.78,0
171.96,-71.41,2,-2,-126.78,0
173.08,-72.53,2,-2,-126.78,0
173.87,-73.32,2,-2,-126.78,0
174.6,-74.04,2,-2,-126.78,0
175.32,-74.77,2,-2,-126.78,0
176.04,-75.49,2,-2,-126.78,0
176.42,-75.87,2,-2,-126.78,0
177.24,-76.69,2,-2,-126.78,0
178.25,-77.7,2,-2,-126.78,0
179.25,-78.69,2,-2,-126.78,0
179.86,-79.31,2,-2,-126.78,0
180.7,-80.15,2,-2,-126.78,0
181.62,-81.07,2,-2,-126.78,0
182.62,-82.07,2,-2,-126.78,0
183.46,-82.9,2,-2,-126.78,0
184.17,-83.62,2,-2,-126.78,0
184.79,-84.24,2,-2,-126.78,0
185.15,-84.6,2,-2,-126.78,0
186.13,-85.58,2,-2,-126.78,0
186.48,-85.93,2,-2,-126.78,0
187.3,-86.75,2,-2,-126.78,0
188.14,-87.59,2,-2,-126.78,0
188.88,-88.32,2,-2,-126.78,0
189.54,-88.99,2,-2,-126.78,0
190.16,-89.61,2,-2,-126.78,0
190.88,-90.33,2,-2,-126.78,0
191.2,-90.64,2,-2,-126.78,0
192.1,-91.55,2,-2,-126.78,0
192.86,-92.31,2,-2,-126.78,0
193.59,-93.04,2,-2,-126.78,0
194.4,-93.85,2,-2,-126.78,0
194.8,-94.24,2,-2,-126.78,0
195.4,-94.85,2,-2,-126.78,0
196.21,-95.66,2,-2,-126.78,0
196.58,-96.03,2,-2,-126.78,0
197.31,-96.76,2,-2,-126.78,0
198.04,-97.49,2,-2,-126.78,0
198.68,-98.13,2,-2,-126.78,0
199.08,-98.53,2,-2,-126.78,0
199.61,-99.05,2,-2,-126.78,0
200.46,-99.9,2,-2,-126.78,0
200.84,-100.29,2,-2,-126.78,0
201.68,-101.13,2,-2,-126.78,0
202.65,-102.1,2,-2,-126.78,0
203.24,-102.69,2,-2,-126.78,0
203.83,-103.27,2,-2,-126.78,0
204.52,-103.97,2,-2,-126.78,0
205.31,-104.76,2,-2,-126.78,0
205.65,-105.1,2,-2,-126.78,0
206.54,-105.98,2,-2,-126.78,0
207.19,-106.64,2,-2,-126.78,0
207.91,-107.35,2,-2,-126.78,0
208.48,-107.92,2,-2,-126.78,0
208.86,-108.31,2,-2,-126.78,0
209.51,-108.96,2,-2,-126.78,0
210.12,-109.57,2,-2,-126.78,0
211.11,-110.56,2,-2,-126.78,0
211.75,-111.2,2,-2,-126.78,0
212.42,-111.86,2,-2,-126.78,0
213.04,-112.49,2,-2,-126.78,0
213.89,-113.33,2,-2,-128.54,2
214.26,-113.7,2,-2,-129.32,2
214.82,-114.27,2,-2,-130.49,2
215.67,-115.12,2,-2,-132.26,2
216.33,-115.77,2,-2,-133.63,2
217.06,-116.5,2,-2,-135.15,2
217.61,-117.06,2,-2,-136.31,2
218.22,-117.66,2,-2,-137.57,2
218.75,-118.19,2,-2,-138.67,2
219.62,-119.07,2,-2,-140.49,2
220.06,-119.5,2,-2,-141.4,2
220.52,-119.96,2,-2,-142.36,2
221.38,-120.83,2,-2,-144.16,2
221.93,-121.38,2,-2,-145.31,2
222.7,-122.15,2,-2,-146.91,2
223.11,-122.56,2,-2,-147.77,2
223.63,-123.07,2,-2,-148.83,2
224.5,-123.95,2,-2,-150.66,2
225.03,-124.48,2,-2,-151.76,2
225.71,-125.16,2,-2,-153.18,2
226.39,-125.84,2,-2,-154.6,2
227.05,-126.49,2,-2,-155.96,2
227.56,-127.01,2,-2,-157.03,2
228.17,-127.62,2,-2,-158.31,2
228.72,-128.16,2,-2,-159.44,2
229.5,-128.94,2,-2,-161.07,2
230.11,-129.56,2,-2,-162.34,2
230.76,-130.21,2,-2,-163.7,2
231.51,-130.95,2,-2,-165.25,2
232.11,-131.56,2,-2,-166.51,2
232.6,-132.05,2,-2,-167.53,2
233.47,-132.92,2,-2,-169.35,2
233.95,-133.4,2,-2,-170.35,2
234.57,-134.02,2,-2,-171.63,2
235.3,-134.75,2,-2,-173.16,2
235.67,-135.12,2,-2,-173.93,2
236.53,-135.98,2,-2,-175.72,2
237.4,-136.85,2,-2,-177.53,2
237.8,-137.24,2,-2,-178.36,2
238.72,-138.16,2,-2,-180.28,2
239.06,-138.51,2,-2,-181.0,2
239.57,-139.02,2,-2,-182.06,2
240.3,-139.75,2,-2,-183.57,2
241.18,-140.63,2,-2,-185.41,2
241.61,-141.05,2,-2,-186.29,2
242.46,-141.91,2,-2,-188.07,2
242.85,-142.3,2,-2,-188.89,2
243.72,-143.16,2,-2,-190.69,2
244.12,-143.57,2,-2,-191.54,2
244.99,-144.44,2,-2,-193.35,2
245.42,-144.86,2,-2,-194.23,2
246.02,-145.47,2,-2,-195.49,2
246.7,-146.15,2,-2,-196.91,2
247.3,-146.75,2,-2,-198.16,2
247.78,-147.23,2,-2,-199.16,2
248.55,-148.0,2,-2,-200.76,2
249.23,-148.67,2,-2,-202.17,2
249.64,-149.09,2,-2,-203.04,2
250.24,-149.69,2,-2,-204.29,2
250.79,-150.24,2,-2,-205.43,2
251.75,-151.2,2,-2,-207.43,2
252.42,-151.86,2,-2,-208.82,2
252.74,-152.18,2,-2,-209.48,2
253.24,-152.69,2,-2,-210.53,2
253.99,-153.44,2,-2,-212.1,2
254.87,-154.32,2,-2,-213.93,2
255.44,-154.89,2,-2,-215.12,2
255.98,-155.43,2,-2,-216.24,2
256.69,-156.14,2,-2,-217.73,2
257.3,-156.75,2,-2,-219.0,2
258.03,-157.47,2,-2,-220.5,2
258.51,-157.96,2,-2,-221.52,2
259.03,-158.47,2,-2,-222.59,2
259.53,-158.98,2,-2,-223.64,2
260.03,-159.47,2,-2,-224.67,2
260.69,-160.13,2,-2,-226.04,2
261.82,-161.27,2,-2,-226.04,0
262.67,-162.12,2,-2,-226.04,0
263.24,-162.69,2,-2,-226.04,0
263.65,-163.1,2,-2,-226.04,0
264.26,-163.71,2,-2,-226.04,0
264.72,-164.17,2,-2,-226.04,0
265.41,-164.86,2,-2,-226.04,0
265.98,-165.42,2,-2,-226.04,0
266.79,-166.23,2,-2,-226.04,0
267.28,-166.72,2,-2,-226.04,0
267.76,-167.21,2,-2,-226.04,0
268.33,-167.78,2,-2,-226.04,0
268.89,-168.34,2,-2,-226.04,0
269.62,-169.06,2,-2,-226.04,0
270.37,-169.82,2,-2,-226.04,0
270.88,-170.33,2,-2,-226.04,0
271.37,-170.81,2,-2,-226.04,0
271.86,-171.31,2,-2,-226.04,0
272.35,-171.8,2,-2,-226.04,0
272.84,-172.29,2,-2,-226.04,0
273.62,-173.07,2,-2,-226.04,0
274.11,-173.56,2,-2,-226.04,0
274.84,-174.29,2,-2,-226.04,0
275.33,-174.78,2,-2,-226.04,0
275.86,-175.31,2,-2,-226.04,0
276.45,-175.9,2,-2,-226.04,0
277.08,-176.53,2,-2,-226.04,0
277.5,-176.95,2,-2,-226.04,0
278.02,-177.46,2,-2,-226.04,0
278.51,-177.96,2,-2,-226.04,0
278.99,-178.43,2,-2,-226.04,0
279.55,-179.0,2,-2,-226.04,0
280.06,-179.51,2,-2,-226.04,0
280.54,-179.99,2,-2,-226.04,0
281.28,-180.73,2,-2,-226.04,0
282.0,-181.45,2,-2,-226.04,0
282.57,-182.02,2,-2,-226.04,0
283.09,-182.53,2,-2,-226.04,0
283.57,-183.02,2,-2,-226.04,0
284.17,-183.61,2,-2,-226.04,0
284.77,-184.22,2,-2,-226.04,0
285.51,-184.96,2,-2,-226.04,0
286.13,-185.58,2,-2,-226.04,0
286.76,-186.21,2,-2,-226.04,0
287.12,-186.57,2,-2,-226.04,0
287.86,-187.31,2,-2,-226.04,0
288.48,-187.93,2,-2,-226.04,0
288.8,-188.25,2,-2,-226.04,0
289.66,-189.1,2,-2,-226.04,0
290.15,-189.59,2,-2,-226.04,0
291.07,-190.51,2,-2,-226.04,0
291.67,-191.12,2,-2,-226.04,0
292.2,-191.65,2,-2,-226.04,0
292.84,-192.28,2,-2,-226.04,0
293.51,-192.96,2,-2,-226.04,0
294.12,-193.56,2,-2,-226.04,0
294.62,-194.07,2,-2,-226.04,0
295.11,-194.56,2,-2,-226.04,0
295.59,-195.04,2,-2,-226.04,0
296.24,-195.69,2,-2,-226.04,0
296.64,-196.09,2,-2,-226.04,0
297.59,-197.04,2,-2,-226.04,0
298.08,-197.53,2,-2,-226.04,0
298.57,-198.01,2,-2,-226.04,0
299.3,-198.74,2,-2,-226.04,0
299.78,-199.23,2,-2,-226.04,0
300.28,-199.73,2,-2,-226.04,0
300.81,-200.25,2,-2,-226.04,0
301.55,-201.0,2,-2,-226.04,0
302.22,-201.66,2,-2,-226.04,0
302.71,-202.15,2,-2,-226.04,0
303.32,-202.77,2,-2,-226.04,0
303.85,-203.3,2,-2,-226.04,0
304.59,-204.03,2,-2,-226.04,0
305.32,-204.76,2,-2,-226.04,0
305.97,-205.41,2,-2,-226.04,0
306.33,-205.78,2,-2,-226.04,0
306.85,-206.3,2,-2,-226.04,0
307.84,-207.29,2,-2,-226.04,0
308.33,-207.77,2,-2,-226.04,0
309.06,-208.5,2,-2,-226.04,0
309.57,-209.01,2,-2,-226.04,0
310.34,-209.78,2,-2,-226.04,0
310.93,-210.37,2,-2,-226.04,0
311.56,-211.01,2,-2,-226.04,0
312.38,-211.82,2,-2,-226.04,0
313.11,-212.55,2,-2,-226.04,0
313.62,-213.07,2,-2,-226.04,0
314.18,-213.62,2,-2,-226.04,0
314.92,-214.36,2,-2,-226.04,0
315.4,-214.85,2,-2,-226.04,0
315.83,-215.27,2,-2,-226.04,0
316.31,-215.76,2,-2,-226.04,0
316.83,-216.28,2,-2,-226.04,0
317.44,-216.88,2,-2,-226.04,0
318.17,-217.61,2,-2,-226.04,0
318.91,-218.36,2,-2,-226.04,0
319.4,-218.84,2,-2,-226.04,0
320.16,-219.6,2,-2,-226.04,0
320.89,-220.34,2,-2,-226.04,0
321.63,-221.08,2,-2,-226.04,0
322.32,-221.76,2,-2,-226.04,0
322.92,-222.37,2,-2,-226.04,0
323.7,-223.14,2,-2,-226.04,0
324.21,-223.66,2,-2,-226.04,0
324.95,-224.39,2,-2,-226.04,0
325.43,-224.88,2,-2,-226.04,0
326.04,-225.49,2,-2,-226.04,0
326.4,-225.85,2,-2,-226.04,0
327.21,-226.66,2,-2,-226.04,0
327.82,-227.27,2,-2,-226.04,0
328.22,-227.67,2,-2,-226.04,0
328.72,-228.16,2,-2,-226.04,0
329.18,-228.63,2,-2,-226.04,0
330.23,-229.68,2,-2,-226.04,0
329.4,-230.27,-2,-2,-226.04,0
328.99,-230.68,-2,-2,-226.04,0
328.27,-231.41,-2,-2,-226.04,0
327.79,-231.89,-2,-2,-226.04,0
327.0,-232.68,-2,-2,-226.04,0
326.42,-233.26,-2,-2,-226.04,0
325.69,-233.98,-2,-2,-226.04,0
325.19,-234.49,-2,-2,-226.04,0
324.66,-235.01,-2,-2,-226.04,0
324.17,-235.5,-2,-2,-226.04,0
323.65,-236.03,-2,-2,-226.04,0
322.19,-237.49,-2,-2,-226.04,0
321.56,-238.11,-2,-2,-226.04,0
321.07,-238.6,-2,-2,-226.04,0
320.58,-239.09,-2,-2,-226.04,0
320.06,-239.61,-2,-2,-226.04,0
319.37,-240.31,-2,-2,-226.04,0
318.61,-241.06,-2,-2,-226.04,0
318.18,-241.49,-2,-2,-226.04,0
317.37,-242.3,-2,-2,-226.04,0
316.98,-242.69,-2,-2,-226.04,0
316.36,-243.32,-2,-2,-226.04,0
315.84,-243.83,-2,-2,-226.04,0
315.22,-244.46,-2,-2,-226.04,0
314.48,-245.2,-2,-2,-226.04,0
313.81,-245.86,-2,-2,-226.04,0
313.41,-246.26,-2,-2,-226.04,0
312.72,-246.95,-2,-2,-226.04,0
312.23,-247.44,-2,-2,-226.04,0
311.57,-248.1,-2,-2,-226.04,0
310.72,-248.95,-2,-2,-226.04,0
310.08,-249.59,-2,-2,-226.04,0
309.68,-250.0,-2,-2,-226.04,0
309.19,-250.48,-2,-2,-226.04,0
308.66,-251.02,-2,-2,-226.04,0
308.13,-251.55,-2,-2,-226.04,0
307.52,-252.15,-2,-2,-226.04,0
306.73,-252.94,-2,-2,-226.04,0
306.13,-253.55,-2,-2,-226.04,0
305.71,-253.96,-2,-2,-226.04,0
305.1,-254.58,-2,-2,-226.04,0
304.54,-255.13,-2,-2,-226.04,0
303.86,-255.81,-2,-2,-226.04,0
302.9,-256.78,-2,-2,-226.04,0
302.53,-257.14,-2,-2,-226.04,0
301.86,-257.81,-2,-2,-226.04,0
301.36,-258.31,-2,-2,-226.04,0
300.81,-258.86,-2,-2,-226.04,0
300.2,-259.47,-2,-2,-226.04,0
299.68,-259.99,-2,-2,-226.04,0
298.85,-260.82,-2,-2,-226.04,0
298.52,-261.16,-2,-2,-226.04,0
297.91,-261.76,-2,-2,-226.04,0
297.03,-262.64,-2,-2,-226.04,0
296.43,-263.24,-2,-2,-226.04,0
295.84,-263.84,-2,-2,-226.04,0
295.42,-264.26,-2,-2,-226.04,0
294.46,-265.22,-2,-2,-226.04,0
294.04,-265.63,-2,-2,-226.04,0
293.41,-266.27,-2,-2,-226.04,0
292.76,-266.91,-2,-2,-226.04,0
292.16,-267.52,-2,-2,-226.04,0
291.24,-268.43,-2,-2,-226.04,0
290.85,-268.82,-2,-2,-226.04,0
290.31,-269.37,-2,-2,-226.04,0
289.43,-270.25,-2,-2,-226.04,0
288.78,-270.89,-2,-2,-226.04,0
288.38,-271.3,-2,-2,-226.04,0
287.74,-271.94,-2,-2,-226.04,0
287.01,-272.66,-2,-2,-226.04,0
286.58,-273.09,-2,-2,-226.04,0
285.8,-273.87,-2,-2,-226.04,0
284.94,-274.73,-2,-2,-226.04,0
284.33,-275.34,-2,-2,-226.04,0
283.99,-275.68,-2,-2,-226.04,0
283.39,-276.29,-2,-2,-226.04,0
282.87,-276.81,-2,-2,-226.04,0
282.16,-277.51,-2,-2,-226.04,0
281.49,-278.19,-2,-2,-226.04,0
280.97,-278.7,-2,-2,-226.04,0
280.22,-279.45,-2,-2,-226.04,0
279.86,-279.82,-2,-2,-226.04,0
278.61,-281.07,-2,-2,-223.43,1
278.0,-281.67,-2,-2,-222.18,1
277.52,-282.15,-2,-2,-221.17,1
276.81,-282.87,-2,-2,-219.69,1
276.4,-283.27,-2,-2,-218.84,1
275.76,-283.91,-2,-2,-217.5,1
274.76,-284.92,-2,-2,-215.41,1
274.1,-285.57,-2,-2,-214.05,1
273.47,-286.2,-2,-2,-212.73,1
273.05,-286.63,-2,-2,-211.85,1
272.48,-287.2,-2,-2,-210.66,1
271.82,-287.85,-2,-2,-209.3,1
271.4,-288.27,-2,-2,-208.42,1
270.68,-288.99,-2,-2,-206.93,1
269.95,-289.72,-2,-2,-205.4,1
269.33,-290.35,-2,-2,-204.1,1
268.96,-289.64,-2,2,-203.34,1
267.98,-288.65,-2,2,-201.28,1
267.48,-288.16,-2,2,-200.26,1
267.0,-287.67,-2,2,-199.25,1
266.44,-287.11,-2,2,-198.08,1
265.52,-286.19,-2,2,-196.16,1
264.79,-285.47,-2,2,-194.65,1
264.11,-284.79,-2,2,-193.23,1
263.16,-283.84,-2,2,-191.26,1
262.6,-283.27,-2,2,-190.08,1
262.2,-282.87,-2,2,-189.24,1
261.51,-282.18,-2,2,-187.81,1
260.68,-281.35,-2,2,-186.08,1
259.76,-280.44,-2,2,-184.17,1
258.82,-279.49,-2,2,-182.2,1
258.18,-278.86,-2,2,-180.88,1
257.86,-278.53,-2,2,-180.21,1
257.01,-277.68,-2,2,-178.43,1
256.58,-277.26,-2,2,-177.55,1
256.0,-276.67,-2,2,-176.33,1
255.12,-275.8,-2,2,-174.51,1
254.47,-275.14,-2,2,-173.14,1
253.79,-274.47,-2,2,-171.74,1
253.38,-274.05,-2,2,-170.87,1
252.56,-273.23,-2,2,-169.16,1
251.91,-272.58,-2,2,-167.81,1
251.51,-272.19,-2,2,-166.99,1
250.65,-271.32,-2,2,-165.19,1
250.2,-270.87,-2,2,-164.25,1
249.49,-270.16,-2,2,-162.77,1
249.0,-269.68,-2,2,-161.76,1
248.33,-269.0,-2,2,-160.35,1
247.85,-268.52,-2,2,-159.35,1
246.92,-267.6,-2,2,-157.42,1
246.6,-267.27,-2,2,-156.74,1
245.71,-266.39,-2,2,-154.91,1
245.31,-265.98,-2,2,-154.06,1
244.71,-265.38,-2,2,-152.8,1
243.95,-264.62,-2,2,-151.22,1
243.38,-264.05,-2,2,-150.03,1
242.81,-263.48,-2,2,-148.85,1
242.17,-262.84,-2,2,-147.52,1
241.76,-262.43,-2,2,-146.66,1
240.99,-261.66,-2,2,-145.06,1
240.34,-261.01,-2,2,-143.7,1
239.65,-260.32,-2,2,-142.27,1
238.93,-259.6,-2,2,-140.76,1
238.2,-258.88,-2,2,-139.25,1
237.82,-258.5,-2,2,-138.46,1
237.22,-257.89,-2,2,-137.21,1
236.39,-257.06,-2,2,-135.47,1
235.86,-256.53,-2,2,-134.38,1
235.17,-255.85,-2,2,-132.95,1
234.57,-255.24,-2,2,-131.69,1
234.09,-254.76,-2,2,-130.68,1
233.41,-254.09,-2,2,-129.28,1
232.97,-253.65,-2,2,-128.36,1
232.23,-252.9,-2,2,-126.81,1
231.75,-252.42,-2,2,-125.81,1
230.99,-251.67,-2,2,-124.23,1
230.64,-251.32,-2,2,-123.51,1
230.08,-250.76,-2,2,-122.34,1
229.48,-250.15,-2,2,-121.08,1
228.98,-249.66,-2,2,-120.05,1
228.46,-249.14,-2,2,-118.96,1
227.8,-248.48,-2,2,-117.59,1
227.19,-247.87,-2,2,-116.32,1
226.45,-247.12,-2,2,-114.77,1
226.08,-246.76,-2,2,-114.01,1
225.57,-246.24,-2,2,-112.94,1
225.07,-245.75,-2,2,-111.9,1
224.51,-245.18,-2,2,-110.73,1
224.0,-244.67,-2,2,-109.67,1
223.5,-244.17,-2,2,-108.63,1
222.89,-243.57,-2,2,-107.36,1
221.8,-242.48,-2,2,-105.09,1
221.48,-242.15,-2,2,-104.41,1
220.68,-241.36,-2,2,-102.76,1
220.36,-241.04,-2,2,-102.09,1
219.77,-240.45,-2,2,-100.87,1
218.82,-239.49,-2,2,-98.87,1
218.4,-239.07,-2,2,-98.0,1
217.48,-238.15,-2,2,-96.08,1
217.04,-237.72,-2,2,-95.18,1
216.42,-237.1,-2,2,-93.89,1
215.67,-236.34,-2,2,-92.31,1
214.91,-235.58,-2,2,-90.73,1
214.17,-234.85,-2,2,-89.2,1
213.53,-234.21,-2,2,-87.86,1
213.03,-233.71,-2,2,-86.82,1
212.52,-233.2,-2,2,-85.75,1
211.89,-232.57,-2,2,-84.44,1
211.47,-232.14,-2,2,-83.56,1
210.73,-231.41,-2,2,-82.03,1
209.96,-230.63,-2,2,-80.42,1
209.31,-229.99,-2,2,-79.07,1
208.91,-229.59,-2,2,-78.23,1
208.19,-228.86,-2,2,-76.73,1
207.73,-228.4,-2,2,-75.76,1
206.86,-227.53,-2,2,-73.96,1
206.27,-226.95,-2,2,-72.73,1
205.85,-226.52,-2,2,-71.85,1
205.31,-225.99,-2,2,-70.74,1
204.45,-225.13,-2,2,-68.94,1
203.82,-224.49,-2,2,-67.62,1
203.2,-223.87,-2,2,-66.33,1
202.48,-223.16,-2,2,-64.84,1
202.0,-222.67,-2,2,-63.83,1
201.47,-222.15,-2,2,-62.74,1
200.91,-221.58,-2,2,-61.56,1
199.92,-220.59,-2,2,-59.5,1
199.08,-219.76,-2,2,-57.76,1
198.25,-218.93,-2,2,-56.03,1
197.56,-218.23,-2,2,-54.58,1
196.95,-217.62,-2,2,-53.31,1
196.53,-217.2,-2,2,-52.44,1
195.93,-216.6,-2,2,-51.18,1
195.43,-216.1,-2,2,-50.15,1
194.81,-215.48,-2,2,-48.85,1
194.2,-214.88,-2,2,-47.6,1
193.16,-213.84,-2,2,-45.42,1
192.77,-213.44,-2,2,-44.6,1
191.88,-212.55,-2,2,-42.74,1
191.16,-211.84,-2,2,-41.25,1
190.29,-210.96,-2,2,-39.43,1
189.79,-210.47,-2,2,-38.4,1
189.06,-209.74,-2,2,-36.88,1
188.5,-209.17,-2,2,-35.71,1
187.85,-208.52,-2,2,-34.35,1
187.36,-208.03,-2,2,-33.33,1
186.64,-207.31,-2,2,-31.83,1
185.87,-206.55,-2,2,-30.24,1
185.13,-205.81,-2,2,-28.69,1
184.39,-205.07,-2,2,-27.15,1
184.03,-204.71,-2,2,-26.4,1
183.22,-203.9,-2,2,-24.72,1
182.5,-203.18,-2,2,-23.22,1
181.73,-202.4,-2,2,-21.6,1
180.88,-201.55,-2,2,-19.83,1
180.27,-200.95,-2,2,-18.57,1
179.31,-199.99,-2,2,-16.57,1
178.59,-199.26,-2,2,-15.06,1
178.23,-198.9,-2,2,-14.3,1
177.68,-198.36,-2,2,-13.17,1
177.01,-197.69,-2,2,-11.78,1
176.06,-196.73,-2,2,-11.78,0
175.65,-196.32,-2,2,-11.78,0
174.65,-195.33,-2,2,-11.78,0
173.89,-194.57,-2,2,-11.78,0
173.17,-193.85,-2,2,-11.78,0
172.69,-193.36,-2,2,-11.78,0
171.96,-192.64,-2,2,-11.78,0
171.67,-192.34,-2,2,-11.78,0
170.94,-191.62,-2,2,-11.78,0
170.15,-190.82,-2,2,-11.78,0
169.42,-190.1,-2,2,-11.78,0
168.93,-189.61,-2,2,-11.78,0
168.44,-189.12,-2,2,-11.78,0
167.55,-188.23,-2,2,-11.78,0
166.71,-187.38,-2,2,-11.78,0
165.94,-186.61,-2,2,-11.78,0
165.34,-186.02,-2,2,-11.78,0
164.64,-185.32,-2,2,-11.78,0
163.96,-184.64,-2,2,-11.78,0
163.45,-184.12,-2,2,-11.78,0
162.6,-183.27,-2,2,-11.78,0
161.84,-182.52,-2,2,-11.78,0
161.36,-182.04,-2,2,-11.78,0
160.95,-181.63,-2,2,-11.78,0
160.34,-181.02,-2,2,-11.78,0
159.74,-180.41,-2,2,-11.78,0
158.86,-179.53,-2,2,-11.78,0
158.37,-179.04,-2,2,-11.78,0
157.55,-178.22,-2,2,-11.78,0
157.13,-177.81,-2,2,-11.78,0
156.53,-177.2,-2,2,-11.78,0
155.77,-176.45,-2,2,-11.78,0
154.97,-175.64,-2,2,-11.78,0
154.21,-174.88,-2,2,-11.78,0
153.49,-174.16,-2,2,-11.78,0
152.7,-173.37,-2,2,-11.78,0
152.14,-172.82,-2,2,-11.78,0
151.66,-172.33,-2,2,-11.78,0
150.69,-171.36,-2,2,-11.78,0
149.91,-170.59,-2,2,-11.78,0
149.42,-170.1,-2,2,-11.78,0
148.69,-169.37,-2,2,-11.78,0
148.02,-168.7,-2,2,-11.78,0
147.5,-168.17,-2,2,-11.78,0
146.65,-167.33,-2,2,-11.78,0
146.04,-166.71,-2,2,-11.78,0
145.2,-165.87,-2,2,-11.78,0
144.8,-165.47,-2,2,-11.78,0
144.2,-164.87,-2,2,-11.78,0
143.33,-164.01,-2,2,-11.78,0
142.77,-163.44,-2,2,-11.78,0
142.21,-162.89,-2,2,-11.78,0
141.48,-162.16,-2,2,-11.78,0
140.57,-161.25,-2,2,-11.78,0
139.83,-160.51,-2,2,-11.78,0
139.11,-159.78,-2,2,-11.78,0
138.12,-158.8,-2,2,-11.78,0
137.46,-158.14,-2,2,-11.78,0
136.86,-157.54,-2,2,-11.78,0
136.45,-157.13,-2,2,-11.78,0
135.93,-156.61,-2,2,-11.78,0
135.44,-156.11,-2,2,-11.78,0
134.7,-155.38,-2,2,-11.78,0
134.1,-154.78,-2,2,-11.78,0
133.61,-154.28,-2,2,-11.78,0
132.8,-153.47,-2,2,-11.78,0
132.27,-152.94,-2,2,-11.78,0
131.54,-152.22,-2,2,-11.78,0
130.95,-151.62,-2,2,-11.78,0
130.38,-151.05,-2,2,-11.78,0
129.89,-150.57,-2,2,-11.78,0
129.07,-149.75,-2,2,-11.78,0
128.24,-148.91,-2,2,-11.78,0
127.55,-148.22,-2,2,-11.78,0
126.8,-147.48,-2,2,-11.78,0
126.07,-146.75,-2,2,-11.78,0
125.67,-146.35,-2,2,-11.78,0
124.8,-145.48,-2,2,-11.78,0
124.44,-145.11,-2,2,-11.78,0
123.75,-144.43,-2,2,-11.78,0
123.36,-144.04,-2,2,-11.78,0
122.63,-143.3,-2,2,-11.78,0
122.24,-142.91,-2,2,-11.78,0
121.38,-142.06,-2,2,-11.78,0
120.81,-141.48,-2,2,-11.78,0
120.13,-140.81,-2,2,-11.78,0
119.5,-140.18,-2,2,-11.78,0
118.84,-139.52,-2,2,-11.78,0
118.19,-138.87,-2,2,-11.78,0
117.59,-138.26,-2,2,-11.78,0
116.96,-137.64,-2,2,-11.78,0
116.3,-136.97,-2,2,-11.78,0
115.64,-136.32,-2,2,-11.78,0
115.01,-135.69,-2,2,-11.78,0
114.49,-135.17,-2,2,-11.78,0
113.73,-134.4,-2,2,-11.78,0
113.31,-133.98,-2,2,-11.78,0
112.7,-133.37,-2,2,-11.78,0
112.19,-132.86,-2,2,-11.78,0
111.56,-132.23,-2,2,-11.78,0
111.03,-131.7,-2,2,-11.78,0
110.24,-130.92,-2,2,-11.78,0
109.83,-130.51,-2,2,-11.78,0
108.82,-129.5,-2,2,-11.78,0
108.4,-129.08,-2,2,-11.78,0
107.73,-128.4,-2,2,-11.78,0
107.22,-127.9,-2,2,-11.78,0
106.54,-127.21,-2,2,-11.78,0
105.75,-126.42,-2,2,-11.78,0
105.09,-125.77,-2,2,-11.78,0
104.66,-125.33,-2,2,-11.78,0
104.05,-124.73,-2,2,-11.78,0
103.4,-124.07,-2,2,-11.78,0
102.6,-123.27,-2,2,-11.78,0
101.76,-122.44,-2,2,-11.78,0
101.12,-121.79,-2,2,-11.78,0
100.58,-121.25,-2,2,-11.78,0
100.09,-120.77,-2,2,-11.78,0
99.29,-119.96,-2,2,-11.78,0
98.83,-119.5,-2,2,-11.78,0
98.27,-118.94,-2,2,-11.78,0
97.56,-118.23,-2,2,-11.78,0
97.17,-117.84,-2,2,-11.78,0
96.45,-117.12,-2,2,-11.78,0
96.03,-116.71,-2,2,-11.78,0
95.16,-115.83,-2,2,-11.78,0
94.51,-115.18,-2,2,-11.78,0
93.89,-114.57,-2,2,-11.78,0
93.5,-114.17,-2,2,-11.78,0
93.0,-113.68,-2,2,-11.78,0
92.46,-113.14,-2,2,-11.78,0
91.83,-112.51,-2,2,-11.78,0
91.23,-111.9,-2,2,-11.78,0
90.62,-111.29,-2,2,-11.78,0
90.27,-110.95,-2,2,-11.78,0
89.42,-110.09,-2,2,-11.78,0
88.94,-109.61,-2,2,-11.78,0
88.33,-109.01,-2,2,-11.78,0
87.72,-108.4,-2,2,-11.78,0
87.07,-107.74,-2,2,-11.78,0
86.57,-107.25,-2,2,-11.78,0
85.94,-106.62,-2,2,-11.78,0
85.34,-106.01,-2,2,-11.78,0
84.87,-105.54,-2,2,-11.78,0
84.15,-104.82,-2,2,-11.78,0
83.74,-104.41,-2,2,-11.78,0
83.12,-103.8,-2,2,-11.78,0
82.25,-102.93,-2,2,-11.78,0
81.87,-102.54,-2,2,-11.78,0
81.39,-102.06,-2,2,-11.78,0
80.78,-101.46,-2,2,-11.78,0
80.12,-100.8,-2,2,-11.78,0
79.4,-100.07,-2,2,-11.78,0
78.72,-99.39,-2,2,-11.78,0
78.22,-98.9,-2,2,-11.78,0
77.85,-98.52,-2,2,-11.78,0
77.33,-98.01,-2,2,-11.78,0
76.8,-97.48,-2,2,-11.78,0
76.2,-96.87,-2,2,-11.78,0
75.69,-96.37,-2,2,-11.78,0
74.8,-95.48,-2,2,-11.78,0
74.15,-94.83,-2,2,-11.78,0
73.82,-94.5,-2,2,-11.78,0
72.93,-93.61,-2,2,-11.78,0
72.6,-93.28,-2,2,-11.78,0
71.95,-92.63,-2,2,-11.78,0
71.53,-92.21,-2,2,-11.78,0
70.93,-91.61,-2,2,-11.78,0
70.42,-91.1,-2,2,-11.78,0
69.93,-90.6,-2,2,-11.78,0
69.07,-89.75,-2,2,-11.78,0
68.36,-89.03,-2,2,-11.78,0
67.95,-88.63,-2,2,-11.78,0
67.28,-87.96,-2,2,-11.78,0
66.42,-87.09,-2,2,-11.78,0
66.0,-86.67,-2,2,-11.78,0
65.13,-85.8,-2,2,-11.78,0
64.81,-85.49,-2,2,-11.78,0
64.21,-84.88,-2,2,-11.78,0
63.7,-84.37,-2,2,-11.78,0
62.7,-83.37,-2,2,-11.78,0
62.31,-82.98,-2,2,-11.78,0
61.7,-82.38,-2,2,-11.78,0
61.11,-81.78,-2,2,-11.78,0
60.26,-80.94,-2,2,-11.78,0
59.75,-80.43,-2,2,-11.78,0
58.96,-79.64,-2,2,-11.78,0
58.63,-79.31,-2,2,-11.78,0
57.85,-78.52,-2,2,-11.78,0
57.44,-78.11,-2,2,-11.78,0
56.58,-77.26,-2,2,-11.78,0
56.19,-76.87,-2,2,-11.78,0
55.65,-76.32,-2,2,-11.78,0
54.8,-75.48,-2,2,-11.78,0
53.92,-74.6,-2,2,-11.78,0
53.52,-74.19,-2,2,-11.78,0
52.87,-73.55,-2,2,-11.78,0
52.39,-73.06,-2,2,-11.78,0
51.78,-72.46,-2,2,-11.78,0
51.03,-71.7,-2,2,-11.78,0
50.35,-71.03,-2,2,-11.78,0
49.93,-70.61,-2,2,-11.78,0
49.04,-69.72,-2,2,-11.78,0
48.38,-69.05,-2,2,-11.78,0
47.98,-68.65,-2,2,-11.78,0
47.52,-68.19,-2,2,-11.78,0
46.91,-67.59,-2,2,-11.78,0
46.24,-66.91,-2,2,-11.78,0
45.63,-66.3,-2,2,-11.78,0
45.13,-65.8,-2,2,-11.78,0
44.28,-64.96,-2,2,-11.78,0
43.71,-64.39,-2,2,-11.78,0
43.08,-63.76,-2,2,-11.78,0
42.64,-63.31,-2,2,-11.78,0
41.78,-62.46,-2,2,-11.78,0
41.38,-62.06,-2,2,-11.78,0
40.77,-61.45,-2,2,-11.78,0
40.16,-60.84,-2,2,-11.78,0
39.67,-60.34,-2,2,-11.78,0
39.06,-59.74,-2,2,-11.78,0
38.48,-59.16,-2,2,-11.78,0
37.98,-58.65,-2,2,-11.78,0
37.25,-57.92,-2,2,-11.78,0
36.7,-57.38,-2,2,-11.78,0
36.22,-56.89,-2,2,-11.78,0
35.73,-56.41,-2,2,-11.78,0
34.87,-55.55,-2,2,-11.78,0
34.22,-54.89,-2,2,-11.78,0
33.57,-54.25,-2,2,-11.78,0
33.18,-53.86,-2,2,-11.78,0
32.6,-53.28,-2,2,-11.78,0
32.12,-52.79,-2,2,-11.78,0
31.31,-51.98,-2,2,-11.78,0
30.66,-51.34,-2,2,-11.78,0
30.29,-50.97,-2,2,-11.78,0
29.74,-50.41,-2,2,-11.78,0
29.17,-49.84,-2,2,-11.78,0
28.56,-49.23,-2,2,-11.78,0
28.03,-48.7,-2,2,-11.78,0
27.26,-47.93,-2,2,-11.78,0
26.83,-47.5,-2,2,-11.78,0
26.38,-47.06,-2,2,-11.78,0
25.91,-46.59,-2,2,-11.78,0
25.43,-46.1,-2,2,-11.78,0
24.78,-45.46,-2,2,-11.78,0
24.11,-44.78,-2,2,-11.78,0
23.51,-44.18,-2,2,-11.78,0
22.82,-43.5,-2,2,-11.78,0
22.26,-42.94,-2,2,-11.78,0
21.77,-42.45,-2,2,-11.78,0
21.16,-41.84,-2,2,-11.78,0
20.56,-41.23,-2,2,-11.78,0
19.82,-40.5,-2,2,-11.78,0
18.98,-39.65,-2,2,-11.78,0
18.26,-38.93,-2,2,-11.78,0
17.41,-38.09,-2,2,-11.78,0
16.8,-37.48,-2,2,-11.78,0
16.2,-36.87,-2,2,-11.78,0
15.56,-36.23,-2,2,-11.78,0
14.94,-35.62,-2,2,-11.78,0
14.0,-34.68,-2,2,-11.78,0
13.4,-34.07,-2,2,-11.78,0
12.8,-33.48,-2,2,-11.78,0
11.9,-32.58,-2,2,-11.78,0
11.18,-31.86,-2,2,-11.78,0
10.19,-30.87,-2,2,-11.78,0
9.73,-30.41,-2,2,-11.78,0
9.1,-29.78,-2,2,-11.78,0
8.2,-28.88,-2,2,-11.78,0
7.34,-28.01,-2,2,-11.78,0
6.77,-27.44,-2,2,-11.78,0
5.77,-26.44,-2,2,-11.78,0
5.11,-25.78,-2,2,-11.78,0
4.51,-25.18,-2,2,-11.78,0
3.9,-24.57,-2,2,-11.78,0
2.88,-23.56,-2,2,-11.78,0
2.28,-22.96,-2,2,-11.78,0
1.15,-21.83,-2,2,-11.78,0
0.3,-20.97,-2,2,-11.78,0
-0.37,-20.3,-2,2,-11.78,0
-0.66,-20.01,-2,2,-11.78,0
-1.55,-19.13,-2,2,-11.78,0
-2.11,-18.56,-2,2,-11.78,0
-2.6,-18.08,-2,2,-11.78,0
-8.84,-11.83,-2,2,-11.78,0
-9.5,-11.17,-2,2,-11.78,0
-10.01,-10.66,-2,2,-11.78,0
-10.61,-10.06,-2,2,-11.78,0
-11.24,-9.43,-2,2,-11.78,0
-11.75,-8.92,-2,2,-11.78,0
-12.4,-8.27,-2,2,-11.78,0
-13.15,-7.52,-2,2,-11.78,0
-13.9,-6.77,-2,2,-11.78,0
-14.52,-6.16,-2,2,-11.78,0
-14.88,-5.8,-2,2,-11.78,0
-15.61,-5.06,-2,2,-11.78,0
-16.28,-4.4,-2,2,-11.78,0
-17.29,-3.38,-2,2,-11.78,0
-17.9,-2.78,-2,2,-11.78,0
-18.28,-2.39,-2,2,-11.78,0
-18.92,-1.75,-2,2,-11.78,0
-19.74,-0.94,-2,2,-11.78,0
-20.1,-0.58,-2,2,-11.78,0
-21.02,0.34,-2,2,-11.78,0
-21.82,1.15,-2,2,-11.78,0
-22.45,1.77,-2,2,-11.78,0
-23.08,2.41,-2,2,-11.78,0
-23.75,3.07,-2,2,-11.78,0
-24.17,3.49,-2,2,-11.78,0
-25.1,4.42,-2,2,-11.78,0
-25.77,5.09,-2,2,-11.78,0
-26.13,5.46,-2,2,-11.78,0
-26.76,6.08,-2,2,-11.78,0
-27.32,6.65,-2,2,-11.78,0
-27.95,7.28,-2,2,-11.78,0
-29.07,8.4,-2,2,-11.78,0
-29.67,9.0,-2,2,-11.78,0
-30.66,9.98,-2,2,-11.78,0
-31.32,10.65,-2,2,-11.78,0
-32.17,11.5,-2,2,-11.78,0
-32.9,12.23,-2,2,-11.78,0
-33.8,13.13,-2,2,-11.78,0
-34.43,13.75,-2,2,-11.78,0
-35.03,14.36,-2,2,-11.78,0
-35.37,14.7,-2,2,-11.78,0
-36.37,15.7,-2,2,-11.78,0
-37.22,16.54,-2,2,-11.78,0
-37.89,17.21,-2,2,-11.78,0
-38.31,17.64,-2,2,-11.78,0
-39.28,18.6,-2,2,-11.78,0
-39.64,18.97,-2,2,-11.78,0
-40.32,19.64,-2,2,-11.78,0
-41.58,20.91,-2,2,-11.78,0
-42.14,21.46,-2,2,-11.78,0
-42.59,21.92,-2,2,-11.78,0
-43.45,22.77,-2,2,-11.78,0
-44.02,23.34,-2,2,-11.78,0
-44.61,23.93,-2,2,-11.78,0
-45.46,24.78,-2,2,-11.78,0
-46.06,25.38,-2,2,-11.78,0
-47.07,26.4,-2,2,-11.78,0
-47.61,26.93,-2,2,-11.78,0
-48.54,27.87,-2,2,-11.78,0
-49.24,28.57,-2,2,-11.78,0
-50.11,29.44,-2,2,-11.78,0
-50.87,30.2,-2,2,-11.78,0
-51.45,30.77,-2,2,-11.78,0
-51.81,31.14,-2,2,-11.78,0
-52.42,31.74,-2,2,-11.78,0
-53.13,32.46,-2,2,-11.78,0
-54.19,33.51,-2,2,-11.78,0
-54.73,34.05,-2,2,-11.78,0
-55.16,34.48,-2,2,-11.78,0
-56.1,35.42,-2,2,-11.78,0
-56.81,36.14,-2,2,-11.78,0
-57.77,37.1,-2,2,-11.78,0
-58.46,37.79,-2,2,-11.78,0
-58.95,38.27,-2,2,-11.78,0
-59.79,39.12,-2,2,-11.78,0
-60.41,39.73,-2,2,-11.78,0
-61.03,40.35,-2,2,-11.78,0
-61.8,41.13,-2,2,-11.78,0
-62.65,41.97,-2,2,-11.78,0
-63.38,42.7,-2,2,-11.78,0
-64.04,43.36,-2,2,-11.78,0
-64.56,43.88,-2,2,-11.78,0
-65.17,44.49,-2,2,-11.78,0
-66.02,45.35,-2,2,-11.78,0
-66.34,45.67,-2,2,-11.78,0
-67.21,46.54,-2,2,-11.78,0
-67.82,47.14,-2,2,-11.78,0
-68.46,47.79,-2,2,-11.78,0
-69.14,48.46,-2,2,-11.78,0
-70.28,49.6,-2,2,-11.78,0
-70.89,50.21,-2,2,-11.78,0
-71.49,50.81,-2,2,-11.78,0
-72.12,51.45,-2,2,-11.78,0
-72.85,52.18,-2,2,-11.78,0
-73.74,53.07,-2,2,-11.78,0
-74.12,53.45,-2,2,-11.78,0
-74.97,54.29,-2,2,-11.78,0
-75.9,55.22,-2,2,-11.78,0
-76.62,55.95,-2,2,-11.78,0
-77.53,56.85,-2,2,-11.78,0
-78.24,57.56,-2,2,-11.78,0
-78.6,57.92,-2,2,-11.78,0
-79.55,58.88,-2,2,-11.78,0
-80.33,59.66,-2,2,-11.78,0
-80.99,60.31,-2,2,-11.78,0
-81.61,60.94,-2,2,-11.78,0
-82.21,61.53,-2,2,-11.78,0
-82.57,61.89,-2,2,-11.78,0
-83.5,62.82,-2,2,-11.78,0
-83.9,63.22,-2,2,-11.78,0
-84.84,64.16,-2,2,-11.78,0
-85.51,64.83,-2,2,-11.78,0
-86.12,65.45,-2,2,-11.78,0
-86.78,66.11,-2,2,-11.78,0
-87.26,66.59,-2,2,-11.78,0
-88.14,67.47,-2,2,-11.78,0
-88.73,68.05,-2,2,-11.78,0
-89.21,68.53,-2,2,-11.78,0
-90.08,69.41,-2,2,-11.78,0
-90.61,69.94,-2,2,-11.78,0
-91.36,70.68,-2,2,-11.78,0
-92.1,71.43,-2,2,-11.78,0
-92.75,72.08,-2,2,-11.78,0
-93.33,72.65,-2,2,-11.78,0
-93.66,72.98,-2,2,-11.78,0
-94.2,73.53,-2,2,-11.78,0
-95.02,74.34,-2,2,-11.78,0
-95.68,75.01,-2,2,-11.78,0
-96.22,75.55,-2,2,-11.78,0
-97.38,76.7,-2,2,-11.78,0
-97.86,77.19,-2,2,-11.78,0
-98.53,77.85,-2,2,-11.78,0
-98.85,78.17,-2,2,-11.78,0
-99.46,78.78,-2,2,-11.78,0
-100.37,79.69,-2,2,-11.78,0
-101.09,80.41,-2,2,-11.78,0
-101.77,81.1,-2,2,-11.78,0
-102.34,81.66,-2,2,-11.78,0
-102.94,82.27,-2,2,-11.78,0
-103.53,82.86,-2,2,-11.78,0
-104.17,83.5,-2,2,-11.78,0
-104.76,84.08,-2,2,-11.78,0
-105.36,84.69,-2,2,-11.78,0
-105.94,85.26,-2,2,-11.78,0
-106.58,85.9,-2,2,-11.78,0
-107.32,86.64,-2,2,-11.78,0
-107.92,87.25,-2,2,-11.78,0
-108.41,87.73,-2,2,-11.78,0
-109.14,88.47,-2,2,-11.78,0
-109.78,89.1,-2,2,-11.78,0
-110.54,89.86,-2,2,-11.78,0
-111.25,90.58,-2,2,-11.78,0
-111.88,91.21,-2,2,-11.78,0
-112.53,91.85,-2,2,-11.78,0
-113.26,92.58,-2,2,-11.78,0
-113.92,93.25,-2,2,-11.78,0
-114.28,93.61,-2,2,-11.78,0
-114.97,94.3,-2,2,-11.78,0
-115.71,95.03,-2,2,-11.78,0
-116.42,95.74,-2,2,-11.78,0
-117.17,96.49,-2,2,-11.78,0
-117.77,97.1,-2,2,-11.78,0
-118.64,97.97,-2,2,-11.78,0
-119.07,98.39,-2,2,-11.78,0
-120.13,99.45,-2,2,-11.78,0
-120.85,100.17,-2,2,-11.78,0
-121.5,100.83,-2,2,-11.78,0
-122.12,101.45,-2,2,-11.78,0
-122.48,101.81,-2,2,-11.78,0
-123.39,102.71,-2,2,-11.78,0
-124.07,103.4,-2,2,-11.78,0
-124.63,103.96,-2,2,-11.78,0
-125.33,104.66,-2,2,-11.78,0
-125.94,105.26,-2,2,-11.78,0
-126.42,105.74,-2,2,-11.78,0
-126.94,106.27,-2,2,-11.78,0
-127.86,107.18,-2,2,-11.78,0
-128.61,107.93,-2,2,-11.78,0
-129.29,108.61,-2,2,-11.78,0
-129.87,109.19,-2,2,-11.78,0
-130.5,109.82,-2,2,-11.78,0
-131.09,110.41,-2,2,-11.78,0
-131.73,111.06,-2,2,-11.78,0
-132.39,111.72,-2,2,-11.78,0
-133.23,112.56,-2,2,-11.78,0
-134.01,113.33,-2,2,-11.78,0
-134.66,113.99,-2,2,-11.78,0
-135.35,114.67,-2,2,-11.78,0
-136.02,115.35,-2,2,-11.78,0
-136.68,116.0,-2,2,-11.78,0
-137.37,116.7,-2,2,-11.78,0
-138.17,117.5,-2,2,-11.78,0
-138.76,118.09,-2,2,-11.78,0
-139.37,118.69,-2,2,-11.78,0
-139.89,119.22,-2,2,-11.78,0
-140.49,119.82,-2,2,-11.78,0
-141.13,120.45,-2,2,-11.78,0
-141.61,120.93,-2,2,-11.78,0
-142.35,121.68,-2,2,-11.78,0
-142.94,122.27,-2,2,-11.78,0
-143.55,122.88,-2,2,-11.78,0
-144.53,123.85,-2,2,-11.78,0
-145.13,124.46,-2,2,-11.78,0
-145.81,125.14,-2,2,-11.78,0
-146.61,125.93,-2,2,-11.78,0
-147.18,126.51,-2,2,-11.78,0
-147.84,127.17,-2,2,-11.78,0
-148.49,127.81,-2,2,-11.78,0
-149.39,128.72,-2,2,-11.78,0
-150.36,129.68,-2,2,-11.78,0
-151.12,130.45,-2,2,-11.78,0
-152.0,131.33,-2,2,-11.78,0
-152.61,131.93,-2,2,-11.78,0
-153.26,132.58,-2,2,-11.78,0
-154.0,133.32,-2,2,-11.78,0
-154.6,133.93,-2,2,-11.78,0
-155.35,134.68,-2,2,-11.78,0
-156.06,135.38,-2,2,-11.78,0
-156.82,136.15,-2,2,-11.78,0
-157.55,136.88,-2,2,-11.78,0
-158.16,137.48,-2,2,-11.78,0
-158.76,138.09,-2,2,-11.78,0
-159.69,139.01,-2,2,-11.78,0
-160.1,139.43,-2,2,-11.78,0
-161.01,140.34,-2,2,-11.78,0
-161.73,141.05,-2,2,-11.78,0
-162.29,141.62,-2,2,-11.78,0
-163.04,142.37,-2,2,-11.78,0
-163.67,143.0,-2,2,-11.78,0
-164.28,143.6,-2,2,-11.78,0
-165.05,144.37,-2,2,-11.78,0
-165.73,145.06,-2,2,-11.78,0
-166.39,145.71,-2,2,-11.78,0
-166.99,146.32,-2,2,-11.78,0
-167.35,146.68,-2,2,-11.78,0
-167.92,147.24,-2,2,-11.78,0
-168.88,148.21,-2,2,-11.78,0
-169.42,148.75,-2,2,-11.78,0
-169.78,149.11,-2,2,-11.78,0
-170.63,149.96,-2,2,-11.78,0
-171.26,150.59,-2,2,-11.78,0
-171.62,150.95,-2,2,-11.78,0
-172.23,151.56,-2,2,-11.78,0
-173.32,152.64,-2,2,-11.78,0
-174.02,153.34,-2,2,-11.78,0
-174.85,154.18,-2,2,-11.78,0
-175.5,154.82,-2,2,-11.78,0
-175.89,155.22,-2,2,-11.78,0
-176.52,155.85,-2,2,-11.78,0
-177.37,156.7,-2,2,-11.78,0
-177.81,157.13,-2,2,-11.78,0
-178.34,157.67,-2,2,-11.78,0
-178.98,158.3,-2,2,-11.78,0
-179.49,158.81,-2,2,-11.78,0
-179.85,159.17,-2,2,-11.78,0
-180.49,159.81,-2,2,-11.78,0
-181.49,160.81,-2,2,-11.78,0
-181.97,161.3,-2,2,-11.78,0
-182.49,161.81,-2,2,-11.78,0
-182.97,162.29,-2,2,-11.78,0
-183.6,162.92,-2,2,-11.78,0
-184.26,163.58,-2,2,-11.78,0
-184.63,163.95,-2,2,-11.78,0
-185.47,164.79,-2,2,-11.78,0
-185.95,165.27,-2,2,-11.78,0
-186.46,165.78,-2,2,-11.78,0
-186.97,166.29,-2,2,-11.78,0
-187.58,166.91,-2,2,-11.78,0
-188.08,167.41,-2,2,-11.78,0
-188.59,167.92,-2,2,-11.78,0
-189.46,168.78,-2,2,-11.78,0
-189.88,169.2,-2,2,-11.78,0
-190.59,169.91,-2,2,-11.78,0
-191.21,170.54,-2,2,-11.78,0
-191.98,171.31,-2,2,-11.78,0
-192.32,171.65,-2,2,-11.78,0
-193.26,172.59,-2,2,-11.78,0
-193.92,173.24,-2,2,-11.78,0
-194.53,173.86,-2,2,-11.78,0
-195.06,174.38,-2,2,-11.78,0
-195.64,174.97,-2,2,-11.78,0
-196.56,175.88,-2,2,-11.78,0
-197.28,176.61,-2,2,-11.78,0
-198.01,177.33,-2,2,-11.78,0
-198.42,177.74,-2,2,-11.78,0
-199.02,178.34,-2,2,-11.78,0
-199.74,179.07,-2,2,-11.78,0
-200.34,179.67,-2,2,-11.78,0
-201.32,180.64,-2,2,-11.78,0
-201.84,181.17,-2,2,-11.78,0
-202.45,181.77,-2,2,-11.78,0
-203.14,182.47,-2,2,-11.78,0
-203.55,182.88,-2,2,-11.78,0
-204.32,183.65,-2,2,-11.78,0
-205.05,184.38,-2,2,-11.78,0
-205.78,185.1,-2,2,-11.78,0
-206.48,185.8,-2,2,-11.78,0
-206.84,186.16,-2,2,-11.78,0
-207.42,186.74,-2,2,-11.78,0
-208.19,187.52,-2,2,-11.78,0
-208.83,188.16,-2,2,-11.78,0
-209.67,189.0,-2,2,-11.78,0
-210.5,189.82,-2,2,-11.78,0
-210.91,190.23,-2,2,-11.78,0
-211.41,190.73,-2,2,-11.78,0
-212.16,191.48,-2,2,-11.78,0
-212.67,192.0,-2,2,-11.78,0
-213.62,192.94,-2,2,-11.78,0
-214.39,193.71,-2,2,-11.78,0
-214.88,194.21,-2,2,-11.78,0
-215.25,194.57,-2,2,-11.78,0
-215.76,195.08,-2,2,-11.78,0
-216.51,195.84,-2,2,-11.78,0
-217.0,196.33,-2,2,-11.78,0
-217.75,197.08,-2,2,-11.78,0
-218.54,197.87,-2,2,-11.78,0
-219.03,198.35,-2,2,-11.78,0
-219.78,199.1,-2,2,-11.78,0
-220.29,199.62,-2,2,-11.78,0
-221.11,200.44,-2,2,-11.78,0
-221.84,201.17,-2,2,-11.78,0
-222.36,201.68,-2,2,-11.78,0
-223.13,202.46,-2,2,-11.78,0
-223.49,202.82,-2,2,-11.78,0
-224.26,203.58,-2,2,-11.78,0
-224.97,204.29,-2,2,-11.78,0
-225.63,204.95,-2,2,-11.78,0
-226.14,205.47,-2,2,-11.78,0
-226.92,206.25,-2,2,-11.78,0
-227.43,206.75,-2,2,-11.78,0
-228.19,207.51,-2,2,-11.78,0
-228.68,208.01,-2,2,-11.78,0
-229.41,208.73,-2,2,-11.78,0
-229.9,209.22,-2,2,-11.78,0
-230.38,209.7,-2,2,-11.78,0
-231.21,210.54,-2,2,-11.78,0
-231.86,211.18,-2,2,-11.78,0
-232.28,211.6,-2,2,-11.78,0
-233.24,212.56,-2,2,-11.78,0
-233.72,213.05,-2,2,-11.78,0
-234.37,213.69,-2,2,-11.78,0
-234.97,214.3,-2,2,-11.78,0
-235.45,214.78,-2,2,-11.78,0
-235.94,215.26,-2,2,-11.78,0
-236.42,215.74,-2,2,-11.78,0
-237.16,216.48,-2,2,-11.78,0
-237.73,217.05,-2,2,-11.78,0
-238.45,217.78,-2,2,-11.78,0
-238.94,218.26,-2,2,-11.78,0
-239.67,219.0,-2,2,-11.78,0
-240.2,219.53,-2,2,-11.78,0
-240.68,220.01,-2,2,-11.78,0
-241.44,220.76,-2,2,-11.78,0
-242.19,221.52,-2,2,-11.78,0
-242.68,222.0,-2,2,-11.78,0
-243.4,222.73,-2,2,-11.78,0
-244.36,223.69,-2,2,-11.78,0
-244.85,224.18,-2,2,-11.78,0
-245.82,225.15,-2,2,-11.78,0
-246.31,225.64,-2,2,-11.78,0
-247.06,226.39,-2,2,-11.78,0
-247.54,226.87,-2,2,-11.78,0
-247.92,227.24,-2,2,-11.78,0
-248.55,227.87,-2,2,-11.78,0
-249.46,228.79,-2,2,-11.78,0
-249.83,229.15,-2,2,-11.78,0
-250.3,229.62,-2,2,-11.78,0
-251.06,230.39,-2,2,-11.78,0
-251.54,230.87,-2,2,-11.78,0
-252.13,231.46,-2,2,-11.78,0
-253.02,232.34,-2,2,-11.78,0
-253.79,233.12,-2,2,-11.78,0
-254.45,233.77,-2,2,-11.78,0
-254.81,234.13,-2,2,-11.78,0
-255.31,234.64,-2,2,-11.78,0
-256.03,235.35,-2,2,-11.78,0
-256.68,236.01,-2,2,-11.78,0
-257.34,236.66,-2,2,-11.78,0
-257.88,237.2,-2,2,-11.78,0
-258.4,237.72,-2,2,-11.78,0
-259.01,238.33,-2,2,-11.78,0
-259.61,238.94,-2,2,-11.78,0
-260.21,239.53,-2,2,-11.78,0
-261.09,240.42,-2,2,-11.78,0
-261.66,240.99,-2,2,-11.78,0
-262.02,241.35,-2,2,-11.78,0
-262.55,241.87,-2,2,-11.78,0
-263.07,242.4,-2,2,-11.78,0
-263.57,242.9,-2,2,-11.78,0
-264.07,243.4,-2,2,-11.78,0
-264.81,244.13,-2,2,-11.78,0
-265.56,244.89,-2,2,-11.78,0
-265.92,245.25,-2,2,-11.78,0
-266.45,245.77,-2,2,-11.78,0
-267.22,246.55,-2,2,-11.78,0
-267.55,246.87,-2,2,-11.78,0
-268.07,247.4,-2,2,-11.78,0
-268.58,247.9,-2,2,-11.78,0
-269.07,248.4,-2,2,-11.78,0
-269.77,249.09,-2,2,-11.78,0
-270.38,249.7,-2,2,-11.78,0
-270.88,250.2,-2,2,-11.78,0
-271.67,250.99,-2,2,-11.78,0
-272.03,251.35,-2,2,-11.78,0
-272.52,251.85,-2,2,-11.78,0
-272.99,252.32,-2,2,-11.78,0
-273.62,252.95,-2,2,-11.78,0
-274.09,253.42,-2,2,-11.78,0
-274.95,254.27,-2,2,-11.78,0
-275.66,254.98,-2,2,-11.78,0
-276.05,255.38,-2,2,-11.78,0
-276.9,256.22,-2,2,-11.78,0
-277.3,256.63,-2,2,-11.78,0
-277.91,257.24,-2,2,-11.78,0
-278.4,257.72,-2,2,-11.78,0
-278.88,258.21,-2,2,-11.78,0
-279.76,259.09,-2,2,-11.78,0
-280.16,259.48,-2,2,-11.78,0
-280.62,259.95,-2,2,-11.78,0
-281.37,260.69,-2,2,-11.78,0
-281.9,261.22,-2,2,-11.78,0
-282.57,261.89,-2,2,-11.78,0
-283.17,262.5,-2,2,-11.78,0
-283.93,263.26,-2,2,-11.78,0
-284.4,263.72,-2,2,-11.78,0
-285.33,264.66,-2,2,-11.78,0
-286.0,265.32,-2,2,-11.78,0
-286.85,266.18,-2,2,-11.78,0
-287.27,266.59,-2,2,-11.78,0
-288.02,267.34,-2,2,-11.78,0
-288.42,267.74,-2,2,-11.78,0
-288.92,268.25,-2,2,-11.78,0
-289.4,268.73,-2,2,-11.78,0
-289.9,269.23,-2,2,-11.78,0
-290.61,269.93,-2,2,-11.78,0
-291.02,270.34,-2,2,-11.78,0
-291.48,270.81,-2,2,-11.78,0
-291.97,271.3,-2,2,-11.78,0
-292.66,271.98,-2,2,-11.78,0
-293.4,272.72,-2,2,-11.78,0
-293.75,273.07,-2,2,-11.78,0
-294.53,273.85,-2,2,-11.78,0
-294.88,274.2,-2,2,-11.78,0
-295.85,275.17,-2,2,-11.78,0
-296.53,275.85,-2,2,-11.78,0
-297.01,276.34,-2,2,-11.78,0
-297.43,276.75,-2,2,-11.78,0
-297.91,277.23,-2,2,-11.78,0
-298.44,277.77,-2,2,-11.78,0
-299.06,278.39,-2,2,-11.78,0
-299.61,278.93,-2,2,-11.78,0
-300.39,279.72,-2,2,-11.78,0
-301.0,280.33,-2,2,-11.78,0
-301.43,280.75,-2,2,-11.78,0
-302.2,281.52,-2,2,-11.78,0
-302.54,281.87,-2,2,-11.78,0
-303.0,282.33,-2,2,-11.78,0
-303.5,282.82,-2,2,-11.78,0
-304.06,283.38,-2,2,-11.78,0
-304.65,283.98,-2,2,-11.78,0
-305.44,284.77,-2,2,-11.78,0
-306.27,285.59,-2,2,-11.78,0
-306.91,286.23,-2,2,-11.78,0
-307.23,286.55,-2,2,-11.78,0
-307.71,287.04,-2,2,-11.78,0
-308.4,287.72,-2,2,-11.78,0
-309.01,288.34,-2,2,-11.78,0
-309.62,288.95,-2,2,-11.78,0
-310.24,289.56,-2,2,-11.78,0
-310.84,290.17,-2,2,-11.78,0
-311.2,289.64,-2,-2,-11.78,0
-311.91,288.94,-2,-2,-11.78,0
-312.27,288.57,-2,-2,-11.78,0
-313.18,287.66,-2,-2,-11.78,0
-313.79,287.05,-2,-2,-11.78,0
-314.34,286.5,-2,-2,-11.78,0
-314.83,286.01,-2,-2,-11.78,0
-315.42,285.42,-2,-2,-11.78,0
-316.26,284.58,-2,-2,-11.78,0
-316.8,284.04,-2,-2,-11.78,0
-317.63,283.21,-2,-2,-11.78,0
-318.29,282.55,-2,-2,-11.78,0
-318.69,282.16,-2,-2,-11.78,0
-319.3,281.54,-2,-2,-11.78,0
-319.7,281.14,-2,-2,-11.78,0
-320.2,280.64,-2,-2,-11.78,0
-320.94,279.91,-2,-2,-11.78,0
-321.49,279.35,-2,-2,-11.78,0
-322.23,278.62,-2,-2,-11.78,0
-323.19,277.65,-2,-2,-11.78,0
-323.83,277.01,-2,-2,-11.78,0
-324.39,276.45,-2,-2,-11.78,0
-325.24,275.6,-2,-2,-11.78,0
-325.74,275.1,-2,-2,-11.78,0
-326.1,274.75,-2,-2,-11.78,0
-326.97,273.88,-2,-2,-11.78,0
-327.33,273.51,-2,-2,-11.78,0
-327.81,273.03,-2,-2,-11.78,0
-328.67,272.17,-2,-2,-11.78,0
-329.46,271.38,-2,-2,-11.78,0
-330.12,270.72,-2,-2,-11.78,0
-330.61,270.24,-2,-2,-11.78,0
-330.95,269.89,-2,-2,-11.78,0
-331.49,269.36,-2,-2,-11.78,0
-332.07,268.77,-2,-2,-11.78,0
-333.04,267.8,-2,-2,-11.78,0
-333.99,266.85,-2,-2,-11.78,0
-334.44,266.41,-2,-2,-11.78,0
-334.97,265.87,-2,-2,-11.78,0
-335.62,265.22,-2,-2,-11.78,0
-336.11,264.74,-2,-2,-11.78,0
-336.91,263.94,-2,-2,-11.78,0
-337.4,263.44,-2,-2,-11.78,0
-338.13,262.71,-2,-2,-11.78,0
-338.64,262.2,-2,-2,-11.78,0
-339.43,261.41,-2,-2,-11.78,0
-340.06,260.78,-2,-2,-11.78,0
-340.93,259.91,-2,-2,-11.78,0
-341.35,259.49,-2,-2,-11.78,0
-341.94,258.9,-2,-2,-11.78,0
-342.62,258.22,-2,-2,-11.78,0
-343.49,257.36,-2,-2,-11.78,0
-344.16,256.68,-2,-2,-11.78,0
-344.52,256.32,-2,-2,-11.78,0
-345.5,255.35,-2,-2,-11.78,0
-345.85,255.0,-2,-2,-11.78,0
-346.56,254.28,-2,-2,-11.78,0
-347.29,253.55,-2,-2,-11.78,0
-347.7,253.15,-2,-2,-11.78,0
-348.6,252.24,-2,-2,-11.78,0
-348.92,251.92,-2,-2,-11.78,0
-349.76,251.08,-2,-2,-11.78,0
-350.51,250.33,-2,-2,-11.78,0
-351.23,249.62,-2,-2,-11.78,0
-351.87,248.97,-2,-2,-11.78,0
-352.21,248.63,-2,-2,-11.78,0
-352.82,248.02,-2,-2,-11.78,0
-353.4,247.44,-2,-2,-11.78,0
-353.92,246.93,-2,-2,-11.78,0
-354.5,246.34,-2,-2,-11.78,0
-355.38,245.46,-2,-2,-11.78,0
-355.78,245.06,-2,-2,-11.78,0
-356.34,244.5,-2,-2,-11.78,0
-357.02,243.82,-2,-2,-11.78,0
-357.63,243.21,-2,-2,-11.78,0
-358.57,242.27,-2,-2,-11.78,0
-359.14,241.71,-2,-2,-11.78,0
-359.74,241.1,-2,-2,-11.78,0
-360.33,240.51,-2,-2,-11.78,0
-360.94,239.91,-2,-2,-11.78,0
-361.91,238.94,-2,-2,-11.78,0
-362.72,238.13,-2,-2,-11.78,0
-363.27,237.58,-2,-2,-11.78,0
-364.02,236.82,-2,-2,-11.78,0
-364.39,236.46,-2,-2,-11.78,0
-365.32,235.53,-2,-2,-11.78,0
-366.03,234.81,-2,-2,-11.78,0
-366.67,234.18,-2,-2,-11.78,0
-367.17,233.67,-2,-2,-11.78,0
-367.9,232.94,-2,-2,-11.78,0
-368.55,232.29,-2,-2,-11.78,0
-369.23,231.61,-2,-2,-11.78,0
-369.86,230.98,-2,-2,-11.78,0
-370.47,230.37,-2,-2,-11.78,0
-370.79,230.05,-2,-2,-11.78,0
-371.43,229.41,-2,-2,-11.78,0
-372.16,228.68,-2,-2,-11.78,0
-372.8,228.05,-2,-2,-11.78,0
-373.45,227.4,-2,-2,-11.78,0
-374.05,226.8,-2,-2,-11.78,0
-374.83,226.01,-2,-2,-11.78,0
-375.44,225.4,-2,-2,-11.78,0
-376.1,224.75,-2,-2,-11.78,0
-377.11,223.73,-2,-2,-11.78,0
-377.97,222.87,-2,-2,-11.78,0
-378.63,222.21,-2,-2,-11.78,0
-379.36,221.49,-2,-2,-11.78,0
-380.12,220.72,-2,-2,-11.78,0
-380.91,219.93,-2,-2,-11.78,0
-381.53,219.31,-2,-2,-11.78,0
-382.5,218.34,-2,-2,-11.78,0
-383.22,217.62,-2,-2,-11.78,0
-383.71,217.13,-2,-2,-11.78,0
-384.68,216.16,-2,-2,-11.78,0
-385.4,215.44,-2,-2,-11.78,0
-386.38,214.47,-2,-2,-11.78,0
-387.12,213.73,-2,-2,-11.78,0
-387.89,212.95,-2,-2,-11.78,0
-388.21,212.64,-2,-2,-11.78,0
-389.06,211.78,-2,-2,-11.78,0
-389.8,211.04,-2,-2,-11.78,0
-390.13,210.72,-2,-2,-11.78,0
12.0,12.0,2,2,-11.78,0
12.45,12.45,2,2,-11.78,0
13.45,13.45,2,2,-11.78,0
14.21,14.21,2,2,-11.78,0
14.55,14.55,2,2,-11.78,0
15.38,15.38,2,2,-11.78,0
16.25,16.25,2,2,-11.78,0
16.68,16.68,2,2,-11.78,0
17.91,17.91,2,2,-11.78,0
18.52,18.52,2,2,-11.78,0
19.17,19.17,2,2,-11.78,0
19.89,19.89,2,2,-11.78,0
20.62,20.62,2,2,-11.78,0
21.23,21.23,2,2,-11.78,0
22.15,22.15,2,2,-11.78,0
22.75,22.75,2,2,-11.78,0
23.45,23.45,2,2,-11.78,0
24.1,24.1,2,2,-11.78,0
24.82,24.82,2,2,-11.78,0
25.44,25.44,2,2,-11.78,0
26.23,26.23,2,2,-11.78,0
26.95,26.95,2,2,-11.78,0
27.44,27.44,2,2,-11.78,0
28.17,28.17,2,2,-11.78,0
28.9,28.9,2,2,-11.78,0
29.86,29.86,2,2,-11.78,0
30.86,30.86,2,2,-11.78,0
31.34,31.34,2,2,-11.78,0
32.31,32.31,2,2,-11.78,0
33.04,33.04,2,2,-11.78,0
33.76,33.76,2,2,-11.78,0
34.25,34.25,2,2,-11.78,0
34.98,34.98,2,2,-11.78,0
35.46,35.46,2,2,-11.78,0
36.08,36.08,2,2,-11.78,0
36.94,36.94,2,2,-11.78,0
37.43,37.43,2,2,-11.78,0
38.05,38.05,2,2,-11.78,0
38.92,38.92,2,2,-11.78,0
39.59,39.59,2,2,-11.78,0
40.32,40.32,2,2,-11.78,0
41.08,41.08,2,2,-11.78,0
41.67,41.67,2,2,-11.78,0
42.39,42.39,2,2,-11.78,0
43.09,43.09,2,2,-11.78,0
43.92,43.92,2,2,-11.78,0
44.58,44.58,2,2,-11.78,0
45.02,45.02,2,2,-11.78,0
46.0,46.0,2,2,-11.78,0
46.64,46.64,2,2,-11.78,0
47.01,47.01,2,2,-11.78,0
47.61,47.61,2,2,-11.78,0
48.1,48.1,2,2,-11.78,0
48.71,48.71,2,2,-11.78,0
49.65,49.65,2,2,-11.78,0
50.35,50.35,2,2,-11.78,0
50.98,50.98,2,2,-11.78,0
51.34,51.34,2,2,-11.78,0
51.96,51.96,2,2,-11.78,0
52.59,52.59,2,2,-11.78,0
53.04,53.04,2,2,-11.78,0
53.91,53.91,2,2,-11.78,0
54.64,54.64,2,2,-11.78,0
55.05,55.05,2,2,-11.78,0
55.65,55.65,2,2,-11.78,0
56.26,56.26,2,2,-11.78,0
56.79,56.79,2,2,-11.78,0
57.76,57.76,2,2,-11.78,0
58.25,58.25,2,2,-11.78,0
58.98,58.98,2,2,-11.78,0
59.35,59.35,2,2,-11.78,0
60.14,60.14,2,2,-11.78,0
60.63,60.63,2,2,-11.78,0
61.52,61.52,2,2,-11.78,0
61.95,61.95,2,2,-11.78,0
62.56,62.56,2,2,-11.78,0
62.93,62.93,2,2,-11.78,0
63.64,63.64,2,2,-11.78,0
64.38,64.38,2,2,-11.78,0
64.71,64.71,2,2,-11.78,0
65.68,65.68,2,2,-11.78,0
66.31,66.31,2,2,-11.78,0
67.18,67.18,2,2,-11.78,0
67.91,67.91,2,2,-11.78,0
68.49,68.49,2,2,-11.78,0
68.81,68.81,2,2,-11.78,0
69.54,69.54,2,2,-11.78,0
70.26,70.26,2,2,-11.78,0
70.76,70.76,2,2,-11.78,0
71.56,71.56,2,2,-11.78,0
72.05,72.05,2,2,-11.78,0
72.64,72.64,2,2,-11.78,0
73.48,73.48,2,2,-11.78,0
74.09,74.09,2,2,-11.78,0
74.57,74.57,2,2,-11.78,0
75.14,75.14,2,2,-11.78,0
75.71,75.71,2,2,-11.78,0
76.55,76.55,2,2,-11.78,0
77.62,77.62,2,2,-11.78,0
78.11,78.11,2,2,-11.78,0
78.84,78.84,2,2,-11.78,0
79.58,79.58,2,2,-11.78,0
80.07,80.07,2,2,-11.78,0
80.56,80.56,2,2,-11.78,0
81.09,81.09,2,2,-11.78,0
81.96,81.96,2,2,-11.78,0
82.44,82.44,2,2,-11.78,0
83.18,83.18,2,2,-11.78,0
83.84,83.84,2,2,-11.78,0
84.49,84.49,2,2,-11.78,0
85.17,85.17,2,2,-11.78,0
85.8,85.8,2,2,-11.78,0
86.34,86.34,2,2,-11.78,0
86.84,86.84,2,2,-11.78,0
87.37,87.37,2,2,-11.78,0
87.87,87.87,2,2,-11.78,0
88.47,88.47,2,2,-11.78,0
89.1,89.1,2,2,-11.78,0
89.65,89.65,2,2,-11.78,0
90.36,90.36,2,2,-11.78,0
91.02,91.02,2,2,-11.78,0
91.38,91.38,2,2,-11.78,0
91.98,91.98,2,2,-11.78,0
92.52,92.52,2,2,-11.78,0
93.45,93.45,2,2,-11.78,0
94.33,94.33,2,2,-11.78,0
94.66,94.66,2,2,-11.78,0
95.27,95.27,2,2,-11.78,0
95.88,95.88,2,2,-11.78,0
96.42,96.42,2,2,-11.78,0
96.85,96.85,2,2,-11.78,0
97.71,97.71,2,2,-11.78,0
98.38,98.38,2,2,-11.78,0
98.96,98.96,2,2,-11.78,0
99.7,99.7,2,2,-11.78,0
100.35,100.35,2,2,-11.78,0
101.06,101.06,2,2,-11.78,0
101.79,101.79,2,2,-11.78,0
102.26,102.26,2,2,-11.78,0
102.91,102.91,2,2,-11.78,0
103.33,103.33,2,2,-11.78,0
103.93,103.93,2,2,-11.78,0
104.43,104.43,2,2,-11.78,0
105.05,105.05,2,2,-11.78,0
105.8,105.8,2,2,-11.78,0
106.41,106.41,2,2,-11.78,0
107.02,107.02,2,2,-11.78,0
107.78,107.78,2,2,-11.78,0
108.2,108.2,2,2,-11.78,0
108.94,108.94,2,2,-11.78,0
109.69,109.69,2,2,-11.78,0
110.38,110.38,2,2,-11.78,0
110.98,110.98,2,2,-11.78,0
111.38,111.38,2,2,-11.78,0
112.04,112.04,2,2,-11.78,0
112.74,112.74,2,2,-11.78,0
113.47,113.47,2,2,-11.78,0
114.3,114.3,2,2,-11.78,0
115.02,115.02,2,2,-11.78,0
115.71,115.71,2,2,-11.78,0
116.43,116.43,2,2,-11.78,0
117.05,117.05,2,2,-11.78,0
117.58,117.58,2,2,-11.78,0
118.45,118.45,2,2,-9.99,1
118.96,118.96,2,2,-8.93,1
119.72,119.72,2,2,-7.34,1
120.55,120.55,2,2,-5.6,1
120.96,120.96,2,2,-4.75,1
121.84,121.84,2,2,-2.93,1
122.42,122.42,2,2,-1.7,1
123.12,123.12,2,2,-0.25,1
123.44,123.44,2,2,0.42,1
124.26,124.26,2,2,2.12,1
124.94,124.94,2,2,3.54,1
125.54,125.54,2,2,4.8,1
125.89,125.89,2,2,5.52,1
126.75,126.75,2,2,7.31,1
127.33,127.33,2,2,8.53,1
127.94,127.94,2,2,9.79,1
128.55,128.55,2,2,11.06,1
129.03,129.03,2,2,12.07,1
129.72,129.72,2,2,13.5,1
130.2,130.2,2,2,14.5,1
131.18,131.18,2,2,16.54,1
131.98,131.98,2,2,18.21,1
132.71,132.71,2,2,19.72,1
133.28,133.28,2,2,20.92,1
133.9,133.9,2,2,22.21,1
134.66,134.66,2,2,23.79,1
135.32,135.32,2,2,25.16,1
135.98,135.98,2,2,26.53,1
136.4,136.4,2,2,27.42,1
137.19,137.19,2,2,29.06,1
137.84,137.84,2,2,30.42,1
138.55,138.55,2,2,31.9,1
139.32,139.32,2,2,33.49,1
139.8,139.8,2,2,34.5,1
140.76,140.76,2,2,36.5,1
141.09,141.09,2,2,37.18,1
142.07,142.07,2,2,39.23,1
142.66,142.66,2,2,40.46,1
143.27,143.27,2,2,41.73,1
144.04,144.04,2,2,43.34,1
144.74,144.74,2,2,44.79,1
145.31,145.31,2,2,45.98,1
145.95,145.95,2,2,47.31,1
146.51,146.51,2,2,48.49,1
147.17,147.17,2,2,49.86,1
147.88,147.88,2,2,51.34,1
148.45,148.45,2,2,52.53,1
149.14,149.14,2,2,53.96,1
149.72,149.72,2,2,55.17,1
150.56,150.56,2,2,56.91,1
151.12,151.12,2,2,58.09,1
151.66,151.66,2,2,59.21,1
152.41,152.41,2,2,60.76,1
153.05,153.05,2,2,62.11,1
153.61,153.61,2,2,63.28,1
154.35,154.35,2,2,64.81,1
154.9,154.9,2,2,65.97,1
155.67,155.67,2,2,67.56,1
156.28,156.28,2,2,68.84,1
156.99,156.99,2,2,70.31,1
157.99,157.99,2,2,72.39,1
158.66,158.66,2,2,73.8,1
159.2,159.2,2,2,74.91,1
159.89,159.89,2,2,76.35,1
160.53,160.53,2,2,77.7,1
161.22,161.22,2,2,79.13,1
161.94,161.94,2,2,80.62,1
162.3,162.3,2,2,81.38,1
163.19,163.19,2,2,83.22,1
163.85,163.85,2,2,84.61,1
164.55,164.55,2,2,86.07,1
165.13,165.13,2,2,87.28,1
165.89,165.89,2,2,88.86,1
166.73,166.73,2,2,90.6,1
167.33,167.33,2,2,91.86,1
168.0,168.0,2,2,93.25,1
168.79,168.79,2,2,94.9,1
169.46,169.46,2,2,96.3,1
169.91,169.91,2,2,97.22,1
170.58,170.58,2,2,98.63,1
171.19,171.19,2,2,99.91,1
172.15,172.15,2,2,101.9,1
172.76,172.76,2,2,103.16,1
173.84,173.84,2,2,105.42,1
174.57,174.57,2,2,106.94,1
175.18,175.18,2,2,108.2,1
176.14,176.14,2,2,110.21,1
176.72,176.72,2,2,111.42,1
177.44,177.44,2,2,112.92,1
178.2,178.2,2,2,114.5,1
178.94,178.94,2,2,116.05,1
179.42,179.42,2,2,117.05,1
180.24,180.24,2,2,118.74,1
180.81,180.81,2,2,119.93,1
181.24,181.24,2,2,120.82,1
181.97,181.97,2,2,122.35,1
182.89,182.89,2,2,124.26,1
183.48,183.48,2,2,125.5,1
184.11,184.11,2,2,126.81,1
184.74,184.74,2,2,128.13,1
185.59,185.59,2,2,129.9,1
186.26,186.26,2,2,131.29,1
187.02,187.02,2,2,132.86,1
187.5,187.5,2,2,133.88,1
187.99,187.99,2,2,134.89,1
188.73,188.73,2,2,136.45,1
189.46,189.46,2,2,137.95,1
190.19,190.19,2,2,139.49,1
190.92,190.92,2,2,140.99,1
191.65,191.65,2,2,142.51,1
192.19,192.19,2,2,143.65,1
192.58,192.58,2,2,144.47,1
193.46,193.46,2,2,146.3,1
194.17,194.17,2,2,147.77,1
194.95,194.95,2,2,149.4,1
195.28,195.28,2,2,150.08,1
195.8,195.8,2,2,151.16,1
196.5,196.5,2,2,152.62,1
197.47,197.47,2,2,154.64,1
197.9,197.9,2,2,155.53,1
198.84,198.84,2,2,157.51,1
199.37,199.37,2,2,158.59,1
200.19,200.19,2,2,160.31,1
200.59,200.59,2,2,161.14,1
201.46,201.46,2,2,162.96,1
202.25,202.25,2,2,164.61,1
202.95,202.95,2,2,166.07,1
203.33,203.33,2,2,166.86,1
203.94,203.94,2,2,168.12,1
204.55,204.55,2,2,169.39,1
205.26,205.26,2,2,170.87,1
205.72,205.72,2,2,171.82,1
206.57,206.57,2,2,173.61,1
206.94,206.94,2,2,174.37,1
207.57,207.57,2,2,175.68,1
208.19,208.19,2,2,176.98,1
209.13,209.13,2,2,178.95,1
209.74,209.74,2,2,180.21,1
210.4,210.4,2,2,181.58,1
210.88,210.88,2,2,182.59,1
211.38,211.38,2,2,183.62,1
211.86,211.86,2,2,184.63,1
212.35,212.35,2,2,185.64,1
213.08,213.08,2,2,187.17,1
213.83,213.83,2,2,188.74,1
214.39,214.39,2,2,189.91,1
215.18,215.18,2,2,191.54,1
215.67,215.67,2,2,192.56,1
216.16,216.16,2,2,193.58,1
216.65,216.65,2,2,194.6,1
217.39,217.39,2,2,196.14,1
217.9,217.9,2,2,197.21,1
218.38,218.38,2,2,198.21,1
219.14,219.14,2,2,199.78,1
219.62,219.62,2,2,200.79,1
220.45,220.45,2,2,202.51,1
220.94,220.94,2,2,203.55,1
221.81,221.81,2,2,205.36,1
222.42,222.42,2,2,206.63,1
223.21,223.21,2,2,208.27,1
223.95,223.95,2,2,209.81,1
224.46,224.46,2,2,210.88,1
225.01,225.01,2,2,212.02,1
225.96,225.96,2,2,213.99,1
226.56,226.56,2,2,215.25,1
227.05,227.05,2,2,216.26,1
227.82,227.82,2,2,217.88,1
228.53,228.53,2,2,219.35,1
228.87,228.87,2,2,220.07,1
229.85,229.85,2,2,222.09,1
230.16,230.16,2,2,222.76,1
230.8,230.8,2,2,224.08,1
231.67,231.67,2,2,225.9,1
232.23,232.23,2,2,227.06,1
232.57,232.57,2,2,227.76,1
233.32,233.32,2,2,229.32,1
234.16,234.16,2,2,231.08,1
234.64,234.64,2,2,232.08,1
235.1,235.1,2,2,233.04,1
236.02,236.02,2,2,234.97,1
236.43,236.43,2,2,235.81,1
237.34,237.34,2,2,237.7,1
238.08,238.08,2,2,239.24,1
238.69,238.69,2,2,240.51,1
239.35,239.35,2,2,241.91,1
240.05,240.05,2,2,243.36,1
240.77,240.77,2,2,244.85,1
241.47,241.47,2,2,246.31,1
242.24,242.24,2,2,247.91,1
242.58,242.58,2,2,248.62,1
243.69,243.69,2,2,250,1
244.15,244.15,2,2,250,1
244.77,244.77,2,2,250,1
245.36,245.36,2,2,250,1
246.07,246.07,2,2,250,1
246.81,246.81,2,2,250,1
247.3,247.3,2,2,250,1
248.1,248.1,2,2,250,1
248.61,248.61,2,2,250,1
249.21,249.21,2,2,250,1
249.82,249.82,2,2,250,1
250.59,250.59,2,2,250,1
251.14,251.14,2,2,250,1
251.65,251.65,2,2,250,1
252.37,252.37,2,2,250,1
252.86,252.86,2,2,250,1
253.79,253.79,2,2,250,1
254.68,254.68,2,2,250,1
255.28,255.28,2,2,250,1
255.83,255.83,2,2,250,1
256.35,256.35,2,2,250,1
256.95,256.95,2,2,250,1
257.77,257.77,2,2,250,1
258.79,258.79,2,2,250,1
259.73,259.73,2,2,250,1
260.67,260.67,2,2,250,0
261.27,261.27,2,2,250,0
262.24,262.24,2,2,250,0
262.72,262.72,2,2,250,0
263.45,263.45,2,2,250,0
263.72,263.72,2,2,250,0
264.45,264.45,2,2,250,0
264.99,264.99,2,2,250,0
265.84,265.84,2,2,250,0
266.2,266.2,2,2,250,0
266.98,266.98,2,2,250,0
267.48,267.48,2,2,250,0
268.01,268.01,2,2,250,0
268.5,268.5,2,2,250,0
269.16,269.16,2,2,250,0
269.88,269.88,2,2,250,0
270.37,270.37,2,2,250,0
271.22,271.22,2,2,250,0
271.92,271.92,2,2,250,0
272.61,272.61,2,2,250,0
272.93,272.93,2,2,250,0
273.68,273.68,2,2,250,0
273.96,273.96,2,2,250,0
274.57,274.57,2,2,250,0
275.09,275.09,2,2,250,0
276.06,276.06,2,2,250,0
276.45,276.45,2,2,250,0
277.37,277.37,2,2,250,0
278.09,278.09,2,2,250,0
278.53,278.53,2,2,250,0
279.5,279.5,2,2,250,0
279.86,279.86,2,2,250,0
280.52,280.52,2,2,250,0
281.51,281.51,2,2,250,0
282.16,282.16,2,2,250,0
282.52,282.52,2,2,250,0
283.02,283.02,2,2,250,0
283.48,283.48,2,2,250,0
283.99,283.99,2,2,250,0
284.61,284.61,2,2,250,0
285.53,285.53,2,2,250,0
286.14,286.14,2,2,250,0
286.78,286.78,2,2,250,0
287.14,287.14,2,2,250,0
287.77,287.77,2,2,250,0
288.31,288.31,2,2,250,0
289.14,289.14,2,2,250,0
289.5,289.5,2,2,250,0
290.32,290.32,2,2,250,0
290.88,289.43,2,-2,250,0
291.75,288.56,2,-2,250,0
292.42,287.9,2,-2,250,0
292.99,287.33,2,-2,250,0
293.62,286.7,2,-2,250,0
293.94,286.38,2,-2,250,0
294.55,285.77,2,-2,250,0
295.04,285.27,2,-2,250,0
295.61,284.71,2,-2,250,0
296.09,284.22,2,-2,250,0
296.85,283.47,2,-2,250,0
297.43,282.89,2,-2,250,0
297.83,282.49,2,-2,250,0
298.54,281.78,2,-2,250,0
299.47,280.84,2,-2,250,0
299.9,280.42,2,-2,250,0
300.51,279.81,2,-2,250,0
300.99,279.32,2,-2,250,0
301.46,278.85,2,-2,250,0
302.44,277.87,2,-2,250,0
303.2,277.12,2,-2,250,0
303.86,276.45,2,-2,250,0
304.47,275.85,2,-2,250,0
304.9,275.42,2,-2,250,0
305.76,274.56,2,-2,250,0
306.36,273.96,2,-2,250,0
306.73,273.58,2,-2,250,0
307.36,272.95,2,-2,250,0
307.89,272.42,2,-2,250,0
308.52,271.8,2,-2,250,0
309.26,271.05,2,-2,250,0
309.97,270.35,2,-2,250,0
310.37,269.95,2,-2,250,0
310.86,269.46,2,-2,250,0
311.34,268.97,2,-2,250,0
311.83,268.49,2,-2,250,0
312.55,267.76,2,-2,250,0
312.95,267.36,2,-2,250,0
313.44,266.88,2,-2,250,0
314.25,266.07,2,-2,250,0
314.87,265.44,2,-2,250,0
315.3,265.02,2,-2,250,0
315.92,264.39,2,-2,250,0
316.44,263.88,2,-2,250,0
317.43,262.89,2,-2,250,0
318.06,262.25,2,-2,250,0
318.43,261.89,2,-2,250,0
319.04,261.28,2,-2,250,0
319.52,260.8,2,-2,250,0
319.86,260.45,2,-2,250,0
320.32,260.0,2,-2,250,0
321.03,259.29,2,-2,250,0
321.63,258.68,2,-2,250,0
322.05,258.26,2,-2,250,0
322.98,257.34,2,-2,250,0
323.34,256.98,2,-2,250,0
323.83,256.48,2,-2,250,0
324.56,255.75,2,-2,250,0
324.95,255.36,2,-2,250,0
325.45,254.86,2,-2,250,0
325.97,254.34,2,-2,250,0
326.7,253.61,2,-2,250,0
327.07,253.25,2,-2,250,0
327.53,252.79,2,-2,250,0
328.48,251.83,2,-2,250,0
328.84,251.48,2,-2,250,0
329.57,250.75,2,-2,250,0
330.31,250.0,2,-2,250,0
329.64,249.64,-2,-2,250,0
328.92,248.92,-2,-2,250,0
328.56,248.56,-2,-2,250,0
328.07,248.07,-2,-2,250,0
327.29,247.29,-2,-2,250,0
326.64,246.64,-2,-2,250,0
326.32,246.32,-2,-2,250,0
325.65,245.65,-2,-2,250,0
325.3,245.3,-2,-2,250,0
324.59,244.59,-2,-2,250,0
324.27,244.27,-2,-2,250,0
323.53,243.53,-2,-2,250,0
323.15,243.15,-2,-2,250,0
322.38,242.38,-2,-2,250,0
321.72,241.72,-2,-2,250,0
321.35,241.36,-2,-2,250,0
320.62,240.62,-2,-2,250,0
320.02,240.02,-2,-2,250,0
319.57,239.57,-2,-2,250,0
318.82,238.82,-2,-2,250,0
318.45,238.45,-2,-2,250,0
317.83,237.83,-2,-2,250,0
317.33,237.33,-2,-2,250,0
316.84,236.85,-2,-2,250,0
316.16,236.16,-2,-2,250,0
315.25,235.25,-2,-2,250,0
314.87,234.87,-2,-2,250,0
313.99,234.0,-2,-2,250,0
313.47,233.47,-2,-2,250,0
312.78,232.78,-2,-2,250,0
312.4,232.4,-2,-2,250,0
311.7,231.7,-2,-2,250,0
311.34,231.34,-2,-2,250,0
310.6,230.6,-2,-2,250,0
310.27,230.27,-2,-2,250,0
309.3,229.3,-2,-2,250,0
308.89,228.89,-2,-2,250,0
308.29,228.29,-2,-2,250,0
307.41,227.41,-2,-2,250,0
306.81,226.81,-2,-2,250,0
306.45,226.45,-2,-2,250,0
305.58,225.58,-2,-2,250,0
305.25,225.25,-2,-2,250,0
304.54,224.54,-2,-2,250,0
304.07,224.07,-2,-2,250,0
303.46,223.46,-2,-2,250,0
302.81,222.81,-2,-2,250,0
302.39,222.39,-2,-2,250,0
301.49,221.49,-2,-2,250,0
300.86,220.86,-2,-2,250,0
300.28,220.28,-2,-2,250,0
299.58,219.58,-2,-2,250,0
298.6,218.6,-2,-2,250,0
298.03,218.03,-2,-2,250,0
297.23,217.23,-2,-2,250,0
296.56,216.56,-2,-2,250,0
296.07,216.07,-2,-2,250,0
295.28,215.28,-2,-2,250,0
294.64,214.65,-2,-2,250,0
294.01,214.01,-2,-2,250,0
293.3,213.3,-2,-2,250,0
292.59,212.59,-2,-2,250,0
291.87,211.87,-2,-2,250,0
291.4,211.4,-2,-2,250,0
290.35,210.35,-2,-2,250,0
289.71,209.71,-2,-2,250,0
289.09,209.09,-2,-2,250,0
288.37,208.37,-2,-2,250,0
287.56,207.56,-2,-2,248.32,2
286.96,206.96,-2,-2,247.06,2
286.19,206.19,-2,-2,245.46,2
285.17,205.17,-2,-2,243.34,2
284.49,204.5,-2,-2,241.93,2
284.17,204.17,-2,-2,241.25,2
283.35,203.35,-2,-2,239.54,2
282.5,202.5,-2,-2,237.78,2
281.67,201.67,-2,-2,236.04,2
280.7,200.7,-2,-2,234.03,2
280.13,200.13,-2,-2,232.84,2
279.52,199.52,-2,-2,231.57,2
278.6,198.6,-2,-2,229.65,2
277.98,197.98,-2,-2,228.35,2
277.51,197.51,-2,-2,227.38,2
276.59,196.59,-2,-2,225.46,2
275.91,195.91,-2,-2,224.05,2
275.2,195.2,-2,-2,222.56,2
274.59,194.6,-2,-2,221.3,2
273.84,193.84,-2,-2,219.73,2
273.22,193.22,-2,-2,218.44,2
272.8,192.81,-2,-2,217.57,2
271.92,191.92,-2,-2,215.72,2
271.31,191.31,-2,-2,214.46,2
270.35,190.35,-2,-2,212.46,2
269.5,189.5,-2,-2,210.7,2
268.9,188.9,-2,-2,209.44,2
267.93,187.93,-2,-2,207.42,2
267.44,187.44,-2,-2,206.41,2
266.47,186.48,-2,-2,204.39,2
265.95,185.95,-2,-2,203.3,2
265.19,185.19,-2,-2,201.71,2
264.68,184.68,-2,-2,200.66,2
264.19,184.19,-2,-2,199.64,2
263.47,183.47,-2,-2,198.13,2
262.76,182.76,-2,-2,196.64,2
262.42,182.42,-2,-2,195.93,2
261.68,181.68,-2,-2,194.4,2
260.96,180.96,-2,-2,192.89,2
260.35,180.35,-2,-2,191.63,2
259.51,179.51,-2,-2,189.88,2
258.66,178.66,-2,-2,188.11,2
257.93,177.93,-2,-2,186.59,2
257.45,177.45,-2,-2,185.58,2
256.68,176.68,-2,-2,183.98,2
255.96,175.96,-2,-2,182.47,2
255.47,175.47,-2,-2,181.45,2
254.43,174.43,-2,-2,179.29,2
253.92,173.92,-2,-2,178.23,2
253.16,173.16,-2,-2,176.64,2
252.58,172.58,-2,-2,175.44,2
251.85,171.86,-2,-2,173.93,2
251.35,171.35,-2,-2,172.88,2
250.47,170.47,-2,-2,171.04,2
249.87,169.87,-2,-2,169.79,2
249.14,169.14,-2,-2,168.28,2
248.66,168.66,-2,-2,167.28,2
248.04,168.04,-2,-2,165.99,2
247.39,167.39,-2,-2,164.63,2
246.59,166.59,-2,-2,162.95,2
245.82,165.82,-2,-2,161.35,2
245.5,165.5,-2,-2,160.68,2
244.88,164.88,-2,-2,159.39,2
244.17,164.18,-2,-2,157.93,2
243.65,163.65,-2,-2,156.83,2
243.05,163.05,-2,-2,155.58,2
242.25,162.25,-2,-2,153.93,2
241.68,161.68,-2,-2,152.74,2
241.16,161.16,-2,-2,151.66,2
240.56,160.56,-2,-2,150.4,2
239.69,159.69,-2,-2,148.58,2
239.4,159.4,-2,-2,147.98,2
238.62,158.62,-2,-2,146.36,2
237.89,157.89,-2,-2,144.83,2
237.47,157.47,-2,-2,143.97,2
236.6,156.6,-2,-2,142.14,2
236.21,156.21,-2,-2,141.33,2
235.39,155.4,-2,-2,139.64,2
234.77,154.77,-2,-2,138.33,2
233.74,153.74,-2,-2,136.18,2
233.33,153.33,-2,-2,135.33,2
232.54,152.54,-2,-2,133.69,2
232.12,152.12,-2,-2,132.82,2
231.49,151.49,-2,-2,131.5,2
230.53,150.53,-2,-2,129.51,2
229.86,149.86,-2,-2,128.11,2
229.37,149.37,-2,-2,127.09,2
228.63,148.63,-2,-2,125.54,2
228.14,148.14,-2,-2,124.52,2
227.65,147.65,-2,-2,123.5,2
226.93,146.93,-2,-2,121.99,2
226.44,146.44,-2,-2,120.98,2
225.66,145.66,-2,-2,119.36,2
225.34,145.34,-2,-2,118.7,2
224.59,144.59,-2,-2,117.14,2
223.78,143.78,-2,-2,115.44,2
223.05,143.06,-2,-2,113.93,2
222.39,142.39,-2,-2,112.55,2
221.66,141.67,-2,-2,111.03,2
221.33,141.33,-2,-2,110.33,2
220.84,140.84,-2,-2,109.31,2
219.88,139.89,-2,-2,107.32,2
219.28,139.29,-2,-2,106.07,2
218.45,138.46,-2,-2,104.35,2
217.95,137.95,-2,-2,103.29,2
217.23,137.23,-2,-2,101.79,2
216.8,136.8,-2,-2,100.89,2
215.75,135.75,-2,-2,98.71,2
215.06,135.06,-2,-2,97.28,2
214.39,134.39,-2,-2,95.87,2
214.02,134.03,-2,-2,95.12,2
213.18,133.18,-2,-2,93.35,2
212.44,132.44,-2,-2,91.81,2
211.81,131.81,-2,-2,90.49,2
211.23,131.23,-2,-2,89.29,2
210.5,130.5,-2,-2,87.77,2
209.73,129.73,-2,-2,86.16,2
208.83,128.83,-2,-2,84.3,2
208.01,128.01,-2,-2,82.58,2
207.34,127.34,-2,-2,81.18,2
206.93,126.93,-2,-2,80.33,2
206.02,126.02,-2,-2,78.45,2
205.3,125.3,-2,-2,76.94,2
204.73,124.73,-2,-2,75.75,2
204.12,124.12,-2,-2,74.49,2
203.52,123.52,-2,-2,73.23,2
202.82,122.82,-2,-2,71.77,2
202.22,122.22,-2,-2,70.53,2
201.59,121.6,-2,-2,69.22,2
200.95,120.95,-2,-2,67.87,2
200.33,120.33,-2,-2,66.58,2
199.91,119.91,-2,-2,65.71,2
199.25,119.25,-2,-2,64.34,2
198.39,118.39,-2,-2,62.54,2
198.03,118.03,-2,-2,61.79,2
197.24,117.24,-2,-2,60.16,2
196.57,116.57,-2,-2,58.74,2
195.86,115.86,-2,-2,57.26,2
195.21,115.21,-2,-2,55.92,2
194.61,114.61,-2,-2,54.67,2
193.88,113.88,-2,-2,53.15,2
193.16,113.16,-2,-2,51.64,2
192.51,112.51,-2,-2,50.29,2
192.16,112.16,-2,-2,49.56,2
191.33,111.33,-2,-2,47.84,2
190.72,110.72,-2,-2,46.57,2
190.34,110.34,-2,-2,45.77,2
189.71,109.71,-2,-2,44.46,2
188.86,108.87,-2,-2,42.7,2
188.5,108.5,-2,-2,41.95,2
187.61,107.62,-2,-2,40.09,2
187.06,107.06,-2,-2,38.93,2
186.33,106.33,-2,-2,37.42,2
185.57,105.57,-2,-2,35.83,2
184.89,104.89,-2,-2,34.43,2
184.45,104.45,-2,-2,33.51,2
183.84,103.84,-2,-2,32.23,2
183.23,103.23,-2,-2,30.97,2
182.61,102.61,-2,-2,29.68,2
181.77,101.77,-2,-2,27.92,2
181.38,101.38,-2,-2,27.1,2
180.65,100.65,-2,-2,25.59,2
180.16,100.16,-2,-2,24.55,2
179.55,99.55,-2,-2,23.28,2
178.75,98.75,-2,-2,21.63,2
178.13,98.13,-2,-2,20.33,2
177.7,97.7,-2,-2,19.44,2
176.88,96.88,-2,-2,17.73,2
176.28,96.29,-2,-2,16.49,2
175.68,95.68,-2,-2,15.24,2
175.05,95.05,-2,-2,13.91,2
174.21,94.21,-2,-2,12.17,2
173.61,93.61,-2,-2,10.91,2
172.9,92.9,-2,-2,9.43,2
172.18,92.18,-2,-2,7.93,2
171.53,91.53,-2,-2,6.58,2
170.92,90.92,-2,-2,5.31,2
170.51,90.51,-2,-2,4.46,2
169.49,89.49,-2,-2,2.33,2
169.07,89.07,-2,-2,1.46,2
168.2,88.2,-2,-2,-0.35,2
167.59,87.59,-2,-2,-1.62,2
166.94,86.94,-2,-2,-2.98,2
166.28,86.28,-2,-2,-4.36,2
165.62,85.62,-2,-2,-5.72,2
165.22,85.22,-2,-2,-6.56,2
164.34,84.34,-2,-2,-8.39,2
163.74,83.74,-2,-2,-9.64,2
163.01,83.01,-2,-2,-11.16,2
162.36,82.36,-2,-2,-12.51,2
161.88,81.88,-2,-2,-13.52,2
161.3,81.3,-2,-2,-14.73,2
160.79,80.79,-2,-2,-15.8,2
160.07,80.07,-2,-2,-17.29,2
159.69,79.69,-2,-2,-18.08,2
159.19,79.19,-2,-2,-19.12,2
158.46,78.46,-2,-2,-20.64,2
157.86,77.86,-2,-2,-21.9,2
156.59,76.59,-2,-2,-24.54,2
155.62,75.62,-2,-2,-26.57,2
154.95,74.95,-2,-2,-27.95,2
154.08,74.08,-2,-2,-29.77,2
153.48,73.48,-2,-2,-31.02,2
152.56,72.56,-2,-2,-32.93,2
151.89,71.89,-2,-2,-34.33,2
151.56,71.56,-2,-2,-35.02,2
150.71,70.71,-2,-2,-36.78,2
150.31,70.31,-2,-2,-37.61,2
149.38,69.38,-2,-2,-39.57,2
148.21,68.21,-2,-2,-39.57,0
147.54,67.54,-2,-2,-39.57,0
146.88,66.89,-2,-2,-39.57,0
146.29,66.29,-2,-2,-39.57,0
145.61,65.61,-2,-2,-39.57,0
144.98,64.98,-2,-2,-39.57,0
144.34,64.34,-2,-2,-39.57,0
143.48,63.48,-2,-2,-39.57,0
143.08,63.08,-2,-2,-39.57,0
142.39,62.39,-2,-2,-39.57,0
141.88,61.88,-2,-2,-39.57,0
141.4,61.4,-2,-2,-39.57,0
140.5,60.5,-2,-2,-39.57,0
140.08,60.08,-2,-2,-39.57,0
139.58,59.58,-2,-2,-39.57,0
138.74,58.74,-2,-2,-39.57,0
138.34,58.34,-2,-2,-39.57,0
137.42,57.43,-2,-2,-39.57,0
137.1,57.1,-2,-2,-39.57,0
136.39,56.39,-2,-2,-39.57,0
135.97,55.97,-2,-2,-39.57,0
135.2,55.2,-2,-2,-39.57,0
134.79,54.79,-2,-2,-39.57,0
134.14,54.14,-2,-2,-39.57,0
133.33,53.33,-2,-2,-39.57,0
133.01,53.01,-2,-2,-39.57,0
132.49,52.49,-2,-2,-39.57,0
131.93,51.93,-2,-2,-39.57,0
131.24,51.24,-2,-2,-39.57,0
130.81,50.81,-2,-2,-39.57,0
129.9,49.9,-2,-2,-39.57,0
129.41,49.42,-2,-2,-39.57,0
128.47,48.47,-2,-2,-39.57,0
128.07,48.07,-2,-2,-39.57,0
127.46,47.46,-2,-2,-39.57,0
126.85,46.85,-2,-2,-39.57,0
125.9,45.9,-2,-2,-39.57,0
125.28,45.28,-2,-2,-39.57,0
124.88,44.88,-2,-2,-39.57,0
124.3,44.3,-2,-2,-39.57,0
123.74,43.74,-2,-2,-39.57,0
123.22,43.22,-2,-2,-39.57,0
122.57,42.57,-2,-2,-39.57,0
121.72,41.72,-2,-2,-39.57,0
120.99,40.99,-2,-2,-39.57,0
120.32,40.32,-2,-2,-39.57,0
119.68,39.68,-2,-2,-39.57,0
119.31,39.31,-2,-2,-39.57,0
118.46,38.46,-2,-2,-39.57,0
117.7,37.7,-2,-2,-39.57,0
116.91,36.91,-2,-2,-39.57,0
116.58,36.58,-2,-2,-39.57,0
115.97,35.97,-2,-2,-39.57,0
115.34,35.34,-2,-2,-39.57,0
114.49,34.49,-2,-2,-39.57,0
114.04,34.04,-2,-2,-39.57,0
113.42,33.42,-2,-2,-39.57,0
112.7,32.7,-2,-2,-39.57,0
112.12,32.12,-2,-2,-39.57,0
111.71,31.71,-2,-2,-39.57,0
110.86,30.86,-2,-2,-39.57,0
110.15,30.15,-2,-2,-39.57,0
109.58,29.58,-2,-2,-39.57,0
108.92,28.92,-2,-2,-39.57,0
108.32,28.32,-2,-2,-39.57,0
107.9,27.91,-2,-2,-39.57,0
107.04,27.04,-2,-2,-39.57,0
106.43,26.43,-2,-2,-39.57,0
106.07,26.07,-2,-2,-39.57,0
105.22,25.22,-2,-2,-39.57,0
104.62,24.63,-2,-2,-39.57,0
104.22,24.22,-2,-2,-39.57,0
103.3,23.3,-2,-2,-39.57,0
102.66,22.66,-2,-2,-39.57,0
102.02,22.02,-2,-2,-39.57,0
101.41,21.41,-2,-2,-39.57,0
100.81,20.81,-2,-2,-39.57,0
100.16,20.16,-2,-2,-39.57,0
99.52,19.52,-2,-2,-39.57,0
98.8,18.8,-2,-2,-39.57,0
98.06,18.06,-2,-2,-39.57,0
97.58,17.58,-2,-2,-39.57,0
96.96,16.96,-2,-2,-39.57,0
96.54,16.54,-2,-2,-39.57,0
95.82,15.82,-2,-2,-39.57,0
95.34,15.34,-2,-2,-39.57,0
94.73,14.73,-2,-2,-39.57,0
94.08,14.08,-2,-2,-39.57,0
93.47,13.47,-2,-2,-39.57,0
92.92,12.93,-2,-2,-39.57,0
91.98,11.98,-2,-2,-39.57,0
91.41,11.41,-2,-2,-39.57,0
90.69,10.69,-2,-2,-39.57,0
89.69,9.69,-2,-2,-39.57,0
89.04,9.04,-2,-2,-39.57,0
88.44,8.44,-2,-2,-39.57,0
87.91,7.91,-2,-2,-39.57,0
87.24,7.24,-2,-2,-39.57,0
86.5,6.5,-2,-2,-39.57,0
85.78,5.78,-2,-2,-39.57,0
85.03,5.03,-2,-2,-39.57,0
84.39,4.39,-2,-2,-39.57,0
83.95,3.95,-2,-2,-39.57,0
82.98,2.98,-2,-2,-39.57,0
82.23,2.23,-2,-2,-39.57,0
81.34,1.34,-2,-2,-39.57,0
80.77,0.77,-2,-2,-39.57,0
79.93,-0.07,-2,-2,-39.57,0
79.59,-0.41,-2,-2,-39.57,0
78.8,-1.2,-2,-2,-39.57,0
78.2,-1.8,-2,-2,-39.57,0
77.71,-2.29,-2,-2,-39.57,0
77.23,-2.77,-2,-2,-39.57,0
76.5,-3.5,-2,-2,-39.57,0
76.0,-4.0,-2,-2,-39.57,0
75.5,-4.5,-2,-2,-39.57,0
74.71,-5.29,-2,-2,-39.57,0
74.23,-5.77,-2,-2,-39.57,0
73.74,-6.26,-2,-2,-39.57,0
72.88,-7.12,-2,-2,-39.57,0
72.39,-7.61,-2,-2,-39.57,0
71.63,-8.37,-2,-2,-39.57,0
71.14,-8.86,-2,-2,-39.57,0
70.41,-9.59,-2,-2,-39.57,0
69.45,-10.55,-2,-2,-39.57,0
68.72,-11.28,-2,-2,-39.57,0
68.23,-11.77,-2,-2,-39.57,0
67.85,-12.15,-2,-2,-39.57,0
67.36,-12.64,-2,-2,-39.57,0
66.48,-13.51,-2,-2,-39.57,0
65.64,-14.36,-2,-2,-39.57,0
65.15,-14.85,-2,-2,-39.57,0
64.38,-15.62,-2,-2,-39.57,0
63.85,-16.15,-2,-2,-39.57,0
63.33,-16.67,-2,-2,-39.57,0
62.52,-17.48,-2,-2,-39.57,0
62.04,-17.96,-2,-2,-39.57,0
61.27,-18.73,-2,-2,-39.57,0
60.77,-19.23,-2,-2,-39.57,0
60.04,-19.96,-2,-2,-39.57,0
59.69,-20.31,-2,-2,-39.57,0
58.8,-21.2,-2,-2,-39.57,0
58.05,-21.95,-2,-2,-39.57,0
57.71,-22.29,-2,-2,-39.57,0
57.05,-22.95,-2,-2,-39.57,0
56.54,-23.46,-2,-2,-39.57,0
55.9,-24.1,-2,-2,-39.57,0
55.52,-24.48,-2,-2,-39.57,0
54.61,-25.39,-2,-2,-39.57,0
54.03,-25.97,-2,-2,-39.57,0
53.36,-26.64,-2,-2,-39.57,0
52.97,-27.03,-2,-2,-39.57,0
52.37,-27.63,-2,-2,-39.57,0
51.75,-28.25,-2,-2,-39.57,0
51.13,-28.87,-2,-2,-39.57,0
50.44,-29.56,-2,-2,-39.57,0
49.68,-30.32,-2,-2,-39.57,0
49.15,-30.85,-2,-2,-39.57,0
48.66,-31.34,-2,-2,-39.57,0
48.18,-31.82,-2,-2,-39.57,0
47.45,-32.54,-2,-2,-39.57,0
46.89,-33.1,-2,-2,-39.57,0
46.12,-33.88,-2,-2,-39.57,0
45.63,-34.37,-2,-2,-39.57,0
44.9,-35.1,-2,-2,-39.57,0
44.57,-35.43,-2,-2,-39.57,0
43.45,-36.55,-2,-2,-39.57,0
42.61,-37.39,-2,-2,-39.57,0
42.01,-37.99,-2,-2,-39.57,0
41.38,-38.62,-2,-2,-39.57,0
40.73,-39.27,-2,-2,-39.57,0
39.89,-40.11,-2,-2,-39.57,0
39.19,-40.81,-2,-2,-39.57,0
38.59,-41.41,-2,-2,-39.57,0
37.74,-42.26,-2,-2,-39.57,0
37.15,-42.85,-2,-2,-39.57,0
36.44,-43.56,-2,-2,-39.57,0
36.11,-43.89,-2,-2,-39.57,0
35.27,-44.73,-2,-2,-39.57,0
34.46,-45.54,-2,-2,-39.57,0
33.74,-46.26,-2,-2,-39.57,0
32.86,-47.14,-2,-2,-39.57,0
32.26,-47.73,-2,-2,-39.57,0
31.2,-48.8,-2,-2,-39.57,0
30.28,-49.72,-2,-2,-39.57,0
29.67,-50.32,-2,-2,-39.57,0
28.96,-51.04,-2,-2,-39.57,0
28.02,-51.98,-2,-2,-39.57,0
27.39,-52.61,-2,-2,-39.57,0
26.59,-53.41,-2,-2,-39.57,0
25.86,-54.13,-2,-2,-39.57,0
25.12,-54.88,-2,-2,-39.57,0
24.16,-55.84,-2,-2,-39.57,0
23.33,-56.67,-2,-2,-39.57,0
22.36,-57.64,-2,-2,-39.57,0
21.5,-58.5,-2,-2,-39.57,0
20.77,-59.23,-2,-2,-39.57,0
20.05,-59.95,-2,-2,-39.57,0
19.29,-60.71,-2,-2,-39.57,0
18.54,-61.46,-2,-2,-39.57,0
17.81,-62.19,-2,-2,-39.57,0
16.97,-63.03,-2,-2,-39.57,0
16.19,-63.81,-2,-2,-39.57,0
15.79,-64.21,-2,-2,-39.57,0
14.8,-65.2,-2,-2,-39.57,0
14.14,-65.86,-2,-2,-39.57,0
13.64,-66.36,-2,-2,-39.57,0
13.12,-66.87,-2,-2,-39.57,0
12.52,-67.48,-2,-2,-39.57,0
11.81,-68.18,-2,-2,-39.57,0
11.42,-68.58,-2,-2,-39.57,0
10.23,-69.77,-2,-2,-39.57,0
9.68,-70.32,-2,-2,-39.57,0
9.2,-70.8,-2,-2,-39.57,0
8.46,-71.54,-2,-2,-39.57,0
7.9,-72.1,-2,-2,-39.57,0
7.35,-72.65,-2,-2,-39.57,0
6.59,-73.4,-2,-2,-39.57,0
6.1,-73.9,-2,-2,-39.57,0
5.37,-74.63,-2,-2,-39.57,0
4.88,-75.11,-2,-2,-39.57,0
4.33,-75.67,-2,-2,-39.57,0
3.71,-76.29,-2,-2,-39.57,0
3.23,-76.77,-2,-2,-39.57,0
2.59,-77.41,-2,-2,-39.57,0
1.98,-78.02,-2,-2,-39.57,0
1.35,-78.65,-2,-2,-39.57,0
0.74,-79.26,-2,-2,-39.57,0
0.14,-79.86,-2,-2,-39.57,0
-0.65,-80.65,-2,-2,-39.57,0
-1.35,-81.35,-2,-2,-39.57,0
-1.84,-81.84,-2,-2,-39.57,0
-2.72,-82.71,-2,-2,-39.57,0
-3.04,-83.04,-2,-2,-39.57,0
-3.85,-83.85,-2,-2,-39.57,0
-4.53,-84.53,-2,-2,-39.57,0
-5.2,-85.2,-2,-2,-39.57,0
-5.56,-85.56,-2,-2,-39.57,0
-6.29,-86.29,-2,-2,-39.57,0
-6.97,-86.97,-2,-2,-39.57,0
-7.58,-87.58,-2,-2,-39.57,0
-8.29,-88.29,-2,-2,-39.57,0
-8.62,-88.62,-2,-2,-39.57,0
-9.36,-89.36,-2,-2,-39.57,0
-9.96,-89.96,-2,-2,-39.57,0
-10.5,-90.5,-2,-2,-39.57,0
-10.95,-90.95,-2,-2,-39.57,0
-11.57,-91.57,-2,-2,-39.57,0
-12.42,-92.42,-2,-2,-39.57,0
-13.06,-93.06,-2,-2,-39.57,0
-13.83,-93.83,-2,-2,-39.57,0
-14.25,-94.25,-2,-2,-39.57,0
-14.86,-94.86,-2,-2,-39.57,0
-15.37,-95.37,-2,-2,-39.57,0
-16.07,-96.07,-2,-2,-39.57,0
-16.99,-96.99,-2,-2,-39.57,0
-17.65,-97.65,-2,-2,-39.57,0
-18.01,-98.01,-2,-2,-39.57,0
-18.7,-98.7,-2,-2,-39.57,0
-19.68,-99.68,-2,-2,-39.57,0
-20.29,-100.29,-2,-2,-39.57,0
-20.65,-100.65,-2,-2,-39.57,0
-21.77,-101.77,-2,-2,-39.57,0
-22.17,-102.17,-2,-2,-39.57,0
-22.68,-102.68,-2,-2,-39.57,0
-23.55,-103.55,-2,-2,-39.57,0
-24.17,-104.17,-2,-2,-39.57,0
-24.91,-104.91,-2,-2,-39.57,0
-25.56,-105.56,-2,-2,-39.57,0
-25.9,-105.89,-2,-2,-39.57,0
-26.71,-106.71,-2,-2,-39.57,0
-27.07,-107.07,-2,-2,-39.57,0
-27.75,-107.75,-2,-2,-39.57,0
-28.66,-108.66,-2,-2,-39.57,0
-29.34,-109.34,-2,-2,-39.57,0
-29.94,-109.94,-2,-2,-39.57,0
-30.59,-110.59,-2,-2,-39.57,0
-31.42,-111.42,-2,-2,-39.57,0
-31.73,-111.73,-2,-2,-39.57,0
-32.76,-112.76,-2,-2,-39.57,0
-33.78,-113.78,-2,-2,-39.57,0
-34.38,-114.38,-2,-2,-39.57,0
-35.11,-115.11,-2,-2,-39.57,0
-35.76,-115.76,-2,-2,-39.57,0
-36.48,-116.48,-2,-2,-39.57,0
-37.1,-117.1,-2,-2,-39.57,0
-37.83,-117.83,-2,-2,-39.57,0
-38.63,-118.63,-2,-2,-39.57,0
-39.19,-119.19,-2,-2,-39.57,0
-39.83,-119.83,-2,-2,-39.57,0
-40.45,-120.45,-2,-2,-39.57,0
-41.05,-121.05,-2,-2,-39.57,0
-41.72,-121.72,-2,-2,-39.57,0
-42.32,-122.32,-2,-2,-39.57,0
-43.0,-123.0,-2,-2,-39.57,0
-43.61,-123.61,-2,-2,-39.57,0
-44.59,-124.59,-2,-2,-39.57,0
-45.2,-125.2,-2,-2,-39.57,0
-45.92,-125.92,-2,-2,-39.57,0
-46.65,-126.65,-2,-2,-39.57,0
-47.28,-127.28,-2,-2,-39.57,0
-48.04,-128.04,-2,-2,-39.57,0
-48.71,-128.71,-2,-2,-39.57,0
-49.23,-129.23,-2,-2,-39.57,0
-49.91,-129.91,-2,-2,-39.57,0
-50.63,-130.63,-2,-2,-39.57,0
-51.02,-131.01,-2,-2,-39.57,0
-51.89,-131.89,-2,-2,-39.57,0
-52.54,-132.54,-2,-2,-39.57,0
-53.26,-133.26,-2,-2,-39.57,0
-53.99,-133.99,-2,-2,-39.57,0
-54.71,-134.71,-2,-2,-39.57,0
-55.35,-135.35,-2,-2,-39.57,0
-55.83,-135.83,-2,-2,-39.57,0
-56.69,-136.69,-2,-2,-39.57,0
-57.41,-137.41,-2,-2,-39.57,0
-58.01,-138.01,-2,-2,-39.57,0
-58.5,-138.5,-2,-2,-39.57,0
-59.4,-139.4,-2,-2,-39.57,0
-60.04,-140.04,-2,-2,-39.57,0
-60.49,-140.49,-2,-2,-39.57,0
-61.2,-141.2,-2,-2,-39.57,0
-61.74,-141.73,-2,-2,-39.57,0
-62.36,-142.36,-2,-2,-39.57,0
-63.29,-143.29,-2,-2,-39.57,0
-63.94,-143.94,-2,-2,-39.57,0
-64.35,-144.35,-2,-2,-39.57,0
-65.26,-145.26,-2,-2,-39.57,0
-65.74,-145.74,-2,-2,-39.57,0
-66.22,-146.22,-2,-2,-39.57,0
-66.93,-146.93,-2,-2,-39.57,0
-67.69,-147.69,-2,-2,-39.57,0
-68.05,-148.05,-2,-2,-39.57,0
-68.69,-148.69,-2,-2,-39.57,0
-69.36,-149.36,-2,-2,-39.57,0
-69.81,-149.8,-2,-2,-39.57,0
-70.72,-150.71,-2,-2,-39.57,0
-71.2,-151.2,-2,-2,-39.57,0
-71.62,-151.62,-2,-2,-39.57,0
-72.21,-152.21,-2,-2,-39.57,0
-73.13,-153.13,-2,-2,-39.57,0
-73.76,-153.76,-2,-2,-39.57,0
-74.37,-154.37,-2,-2,-39.57,0
-74.98,-154.98,-2,-2,-39.57,0
-75.72,-155.72,-2,-2,-39.57,0
-76.05,-156.05,-2,-2,-39.57,0
-76.67,-156.67,-2,-2,-39.57,0
-77.04,-157.04,-2,-2,-39.57,0
-77.77,-157.77,-2,-2,-39.57,0
-78.26,-158.26,-2,-2,-39.57,0
-78.88,-158.88,-2,-2,-39.57,0
-79.49,-159.49,-2,-2,-39.57,0
-80.31,-160.31,-2,-2,-39.57,0
-80.99,-160.99,-2,-2,-39.57,0
-81.59,-161.59,-2,-2,-39.57,0
-82.19,-162.19,-2,-2,-39.57,0
-82.84,-162.84,-2,-2,-39.57,0
-83.41,-163.41,-2,-2,-39.57,0
-84.0,-164.0,-2,-2,-39.57,0
-84.69,-164.69,-2,-2,-39.57,0
-85.32,-165.32,-2,-2,-39.57,0
-85.97,-165.97,-2,-2,-39.57,0
-86.72,-166.71,-2,-2,-39.57,0
-87.45,-167.45,-2,-2,-39.57,0
-88.05,-168.05,-2,-2,-39.57,0
-88.73,-168.73,-2,-2,-39.57,0
-89.32,-169.32,-2,-2,-39.57,0
-90.01,-170.01,-2,-2,-39.57,0
-90.51,-170.51,-2,-2,-39.57,0
-91.04,-171.04,-2,-2,-39.57,0
-91.59,-171.59,-2,-2,-39.57,0
-92.48,-172.48,-2,-2,-39.57,0
-93.21,-173.2,-2,-2,-39.57,0
-93.76,-173.76,-2,-2,-39.57,0
-94.43,-174.43,-2,-2,-39.57,0
-94.86,-174.86,-2,-2,-39.57,0
-95.72,-175.72,-2,-2,-39.57,0
-96.44,-176.44,-2,-2,-39.57,0
-97.35,-177.35,-2,-2,-39.57,0
-97.97,-177.97,-2,-2,-39.57,0
-98.58,-178.58,-2,-2,-39.57,0
-99.29,-179.29,-2,-2,-39.57,0
-99.66,-179.66,-2,-2,-39.57,0
-100.59,-180.59,-2,-2,-39.57,0
-101.27,-181.27,-2,-2,-39.57,0
-102.01,-182.01,-2,-2,-39.57,0
-102.68,-182.68,-2,-2,-39.57,0
-103.4,-183.4,-2,-2,-39.57,0
-104.07,-184.07,-2,-2,-39.57,0
-104.74,-184.74,-2,-2,-39.57,0
-105.23,-185.23,-2,-2,-39.57,0
-106.14,-186.14,-2,-2,-39.57,0
-106.87,-186.87,-2,-2,-39.57,0
-107.89,-187.89,-2,-2,-39.57,0
-108.65,-188.64,-2,-2,-39.57,0
-109.59,-189.59,-2,-2,-39.57,0
-110.4,-190.4,-2,-2,-39.57,0
-111.24,-191.24,-2,-2,-39.57,0
-112.21,-192.21,-2,-2,-39.57,0
-112.82,-192.81,-2,-2,-39.57,0
-113.66,-193.66,-2,-2,-39.57,0
-114.38,-194.38,-2,-2,-39.57,0
-115.11,-195.11,-2,-2,-39.57,0
-115.6,-195.6,-2,-2,-39.57,0
-116.33,-196.33,-2,-2,-39.57,0
-117.07,-197.07,-2,-2,-39.57,0
-117.93,-197.93,-2,-2,-39.57,0
-118.53,-198.53,-2,-2,-39.57,0
-119.26,-199.26,-2,-2,-39.57,0
-119.75,-199.75,-2,-2,-39.57,0
-120.21,-200.21,-2,-2,-39.57,0
-121.02,-201.02,-2,-2,-39.57,0
-121.96,-201.96,-2,-2,-39.57,0
-122.93,-202.93,-2,-2,-39.57,0
-123.65,-203.65,-2,-2,-39.57,0
-124.72,-204.72,-2,-2,-39.57,0
-125.68,-205.68,-2,-2,-39.57,0
-126.41,-206.41,-2,-2,-39.57,0
-127.16,-207.16,-2,-2,-39.57,0
-127.92,-207.92,-2,-2,-39.57,0
-128.74,-208.74,-2,-2,-39.57,0
-129.78,-209.78,-2,-2,-39.57,0
-130.51,-210.51,-2,-2,-39.57,0
-131.35,-211.35,-2,-2,-39.57,0
-132.18,-212.18,-2,-2,-39.57,0
-133.18,-213.18,-2,-2,-39.57,0
-134.06,-214.06,-2,-2,-39.57,0
-134.8,-214.8,-2,-2,-39.57,0
-135.36,-215.36,-2,-2,-39.57,0
-136.09,-216.09,-2,-2,-39.57,0
-136.88,-216.88,-2,-2,-39.57,0
-137.7,-217.7,-2,-2,-39.57,0
-138.34,-218.34,-2,-2,-39.57,0
-139.13,-219.13,-2,-2,-39.57,0
-140.12,-220.12,-2,-2,-39.57,0
-140.81,-220.81,-2,-2,-39.57,0
-141.44,-221.44,-2,-2,-39.57,0
-142.36,-222.36,-2,-2,-39.57,0
-143.06,-223.06,-2,-2,-39.57,0
-143.65,-223.65,-2,-2,-39.57,0
-144.37,-224.37,-2,-2,-39.57,0
-145.28,-225.28,-2,-2,-39.57,0
-145.88,-225.88,-2,-2,-39.57,0
-146.62,-226.62,-2,-2,-39.57,0
-147.36,-227.36,-2,-2,-39.57,0
-148.29,-228.29,-2,-2,-39.57,0
-149.09,-229.09,-2,-2,-39.57,0
-149.57,-229.57,-2,-2,-39.57,0
-150.3,-230.3,-2,-2,-39.57,0
-151.21,-231.21,-2,-2,-39.57,0
-151.95,-231.95,-2,-2,-39.57,0
-152.28,-232.28,-2,-2,-39.57,0
-153.5,-233.49,-2,-2,-39.57,0
-154.14,-234.13,-2,-2,-39.57,0
-155.37,-235.37,-2,-2,-39.57,0
-156.22,-236.21,-2,-2,-39.57,0
-156.88,-236.88,-2,-2,-39.57,0
-158.14,-238.14,-2,-2,-39.57,0
-158.95,-238.95,-2,-2,-39.57,0
-159.68,-239.68,-2,-2,-39.57,0
-160.53,-240.53,-2,-2,-39.57,0
-161.37,-241.37,-2,-2,-39.57,0
-162.34,-242.34,-2,-2,-39.57,0
-163.07,-243.07,-2,-2,-39.57,0
-163.9,-243.9,-2,-2,-39.57,0
-164.76,-244.76,-2,-2,-39.57,0
-165.85,-245.85,-2,-2,-39.57,0
-166.59,-246.58,-2,-2,-39.57,0
-167.27,-247.27,-2,-2,-39.57,0
-167.99,-247.99,-2,-2,-39.57,0
-168.73,-248.73,-2,-2,-39.57,0
-169.65,-249.65,-2,-2,-39.57,0
-170.53,-250.53,-2,-2,-39.57,0
-171.31,-251.31,-2,-2,-39.57,0
-171.98,-251.98,-2,-2,-39.57,0
-172.63,-252.63,-2,-2,-39.57,0
-173.39,-253.39,-2,-2,-39.57,0
-174.3,-254.3,-2,-2,-39.57,0
-175.08,-255.08,-2,-2,-39.57,0
-175.93,-255.92,-2,-2,-39.57,0
-176.6,-256.6,-2,-2,-39.57,0
-177.82,-257.82,-2,-2,-39.57,0
-178.57,-258.57,-2,-2,-39.57,0
-179.18,-259.18,-2,-2,-39.57,0
-179.89,-259.88,-2,-2,-39.57,0
-180.85,-260.85,-2,-2,-39.57,0
-181.68,-261.68,-2,-2,-39.57,0
-182.9,-262.9,-2,-2,-39.57,0
-183.7,-263.7,-2,-2,-39.57,0
-184.6,-264.6,-2,-2,-39.57,0
-185.57,-265.57,-2,-2,-39.57,0
-186.04,-266.04,-2,-2,-39.57,0
-187.0,-267.0,-2,-2,-39.57,0
-187.72,-267.72,-2,-2,-39.57,0
-188.41,-268.41,-2,-2,-39.57,0
-189.37,-269.37,-2,-2,-39.57,0
-189.98,-269.97,-2,-2,-39.57,0
-190.81,-270.81,-2,-2,-39.57,0
-191.64,-271.64,-2,-2,-39.57,0
-192.46,-272.46,-2,-2,-39.57,0
-193.2,-273.2,-2,-2,-39.57,0
-193.98,-273.98,-2,-2,-39.57,0
-194.82,-274.82,-2,-2,-39.57,0
-195.63,-275.63,-2,-2,-39.57,0
-196.32,-276.32,-2,-2,-39.57,0
-197.12,-277.12,-2,-2,-39.57,0
-198.04,-278.04,-2,-2,-39.57,0
-198.77,-278.77,-2,-2,-39.57,0
-199.9,-279.9,-2,-2,-39.57,0
-200.47,-280.47,-2,-2,-39.57,0
-201.16,-281.16,-2,-2,-39.57,0
-202.15,-282.15,-2,-2,-39.57,0
-203.06,-283.06,-2,-2,-39.57,0
-203.67,-283.67,-2,-2,-39.57,0
-204.4,-284.39,-2,-2,-39.57,0
-205.02,-285.02,-2,-2,-39.57,0
-205.89,-285.89,-2,-2,-39.57,0
-206.62,-286.61,-2,-2,-39.57,0
-207.35,-287.35,-2,-2,-39.57,0
-207.9,-287.9,-2,-2,-39.57,0
-208.67,-288.67,-2,-2,-39.57,0
-209.45,-289.45,-2,-2,-39.57,0
-210.17,-290.17,-2,-2,-39.57,0
-210.9,-289.28,-2,2,-39.57,0
-211.63,-288.55,-2,2,-39.57,0
-212.63,-287.55,-2,2,-39.57,0
-213.53,-286.64,-2,2,-39.57,0
-214.5,-285.67,-2,2,-39.57,0
-215.18,-285.0,-2,2,-39.57,0
-216.03,-284.15,-2,2,-39.57,0
-216.67,-283.5,-2,2,-39.57,0
-217.52,-282.66,-2,2,-39.57,0
-218.35,-281.82,-2,2,-39.57,0
-218.95,-281.22,-2,2,-39.57,0
-220.16,-280.02,-2,2,-39.57,0
-221.04,-279.14,-2,2,-39.57,0
-222.3,-277.88,-2,2,-39.57,0
-223.31,-276.86,-2,2,-39.57,0
-223.95,-276.22,-2,2,-39.57,0
-224.83,-275.34,-2,2,-39.57,0
-225.4,-274.77,-2,2,-39.57,0
-225.88,-274.29,-2,2,-39.57,0
-226.75,-273.43,-2,2,-39.57,0
-227.36,-272.82,-2,2,-39.57,0
-227.98,-272.19,-2,2,-39.57,0
-228.84,-271.34,-2,2,-39.57,0
-229.56,-270.61,-2,2,-39.57,0
-230.32,-269.86,-2,2,-39.57,0
-231.19,-268.99,-2,2,-39.57,0
-232.06,-268.11,-2,2,-39.57,0
-232.81,-267.37,-2,2,-39.57,0
-233.59,-266.59,-2,2,-39.57,0
-234.31,-265.86,-2,2,-39.57,0
-235.2,-264.97,-2,2,-39.57,0
-236.58,-263.6,-2,2,-39.57,0
-237.56,-262.61,-2,2,-39.57,0
-238.31,-261.86,-2,2,-39.57,0
-239.3,-260.87,-2,2,-39.57,0
-240.18,-260.0,-2,2,-39.57,0
-240.76,-259.41,-2,2,-39.57,0
-241.52,-258.66,-2,2,-39.57,0
-242.07,-258.1,-2,2,-39.57,0
-242.66,-257.51,-2,2,-39.57,0
-243.63,-256.54,-2,2,-39.57,0
-244.21,-255.96,-2,2,-39.57,0
-244.82,-255.35,-2,2,-39.57,0
-245.3,-254.88,-2,2,-39.57,0
-246.02,-254.15,-2,2,-39.57,0
-247.03,-253.14,-2,2,-39.57,0
-247.88,-252.29,-2,2,-39.57,0
-248.55,-251.63,-2,2,-39.57,0
-249.51,-250.66,-2,2,-39.57,0
-250.43,-249.74,-2,2,-39.57,0
-251.11,-249.07,-2,2,-39.57,0
-251.74,-248.43,-2,2,-39.57,0
-252.49,-247.68,-2,2,-39.57,0
-253.06,-247.12,-2,2,-39.57,0
-253.82,-246.36,-2,2,-39.57,0
-254.65,-245.52,-2,2,-39.57,0
-255.22,-244.95,-2,2,-39.57,0
-255.87,-244.3,-2,2,-39.57,0
-256.46,-243.72,-2,2,-39.57,0
-257.45,-242.72,-2,2,-39.57,0
-258.02,-242.16,-2,2,-39.57,0
-258.94,-241.23,-2,2,-39.57,0
-259.75,-240.43,-2,2,-39.57,0
-260.4,-239.77,-2,2,-39.57,0
-261.06,-239.12,-2,2,-39.57,0
-261.85,-238.33,-2,2,-39.57,0
-262.63,-237.55,-2,2,-39.57,0
-263.32,-236.85,-2,2,-39.57,0
-263.65,-236.52,-2,2,-39.57,0
-264.38,-235.79,-2,2,-39.57,0
-264.87,-235.3,-2,2,-39.57,0
-265.85,-234.33,-2,2,-39.57,0
-266.27,-233.9,-2,2,-39.57,0
-266.88,-233.29,-2,2,-39.57,0
-267.61,-232.56,-2,2,-39.57,0
-268.26,-231.92,-2,2,-39.57,0
-268.65,-231.52,-2,2,-39.57,0
-269.26,-230.92,-2,2,-39.57,0
-269.98,-230.19,-2,2,-39.57,0
-270.63,-229.54,-2,2,-39.57,0
-271.17,-229.0,-2,2,-39.57,0
-271.85,-228.33,-2,2,-39.57,0
-272.58,-227.59,-2,2,-39.57,0
-273.2,-226.98,-2,2,-39.57,0
-274.04,-226.13,-2,2,-39.57,0
-274.38,-225.8,-2,2,-39.57,0
-275.37,-224.81,-2,2,-39.57,0
-275.78,-224.4,-2,2,-39.57,0
-276.57,-223.6,-2,2,-39.57,0
-276.9,-223.28,-2,2,-39.57,0
-277.63,-222.54,-2,2,-39.57,0
-278.08,-222.09,-2,2,-39.57,0
-279.11,-221.07,-2,2,-39.57,0
-279.74,-220.44,-2,2,-39.57,0
-280.44,-219.73,-2,2,-39.57,0
-281.02,-219.15,-2,2,-39.57,0
-281.64,-218.54,-2,2,-39.57,0
-282.26,-217.92,-2,2,-39.57,0
-282.65,-217.53,-2,2,-39.57,0
-283.16,-217.01,-2,2,-39.57,0
-283.91,-216.26,-2,2,-39.57,0
-284.7,-215.48,-2,2,-39.57,0
-285.44,-214.73,-2,2,-39.57,0
-286.14,-214.04,-2,2,-39.57,0
-286.69,-213.48,-2,2,-39.57,0
-287.23,-212.95,-2,2,-39.57,0
-288.03,-212.14,-2,2,-39.57,0
-288.68,-211.49,-2,2,-39.57,0
-289.37,-210.81,-2,2,-39.57,0
-289.98,-210.2,-2,2,-39.57,0
-290.64,-209.54,-2,2,-39.57,0
-290.95,-209.22,-2,2,-39.57,0
-291.79,-208.38,-2,2,-39.57,0
-292.18,-207.99,-2,2,-39.57,0
-292.81,-207.36,-2,2,-39.57,0
-293.29,-206.88,-2,2,-39.57,0
-294.03,-206.15,-2,2,-39.57,0
-294.39,-205.79,-2,2,-39.57,0
-295.01,-205.17,-2,2,-39.57,0
-295.87,-204.31,-2,2,-39.57,0
-296.27,-203.91,-2,2,-39.57,0
-297.17,-203.01,-2,2,-39.57,0
-297.49,-202.68,-2,2,-39.57,0
-298.1,-202.08,-2,2,-39.57,0
-298.74,-201.44,-2,2,-39.57,0
-299.16,-201.01,-2,2,-39.57,0
-299.82,-200.35,-2,2,-39.57,0
-300.68,-199.5,-2,2,-39.57,0
-301.08,-199.09,-2,2,-39.57,0
-301.97,-198.21,-2,2,-39.57,0
-302.33,-197.84,-2,2,-39.57,0
-303.15,-197.03,-2,2,-39.57,0
-303.57,-196.61,-2,2,-39.57,0
-304.07,-196.11,-2,2,-39.57,0
-304.67,-195.51,-2,2,-39.57,0
-305.46,-194.72,-2,2,-39.57,0
-306.0,-194.18,-2,2,-39.57,0
-306.66,-193.51,-2,2,-39.57,0
-307.22,-192.95,-2,2,-39.57,0
-307.88,-192.3,-2,2,-39.57,0
-308.28,-191.9,-2,2,-39.57,0
-308.79,-191.38,-2,2,-39.57,0
-309.39,-190.78,-2,2,-39.57,0
-310.01,-190.16,-2,2,-39.57,0
-310.6,-189.58,-2,2,-39.57,0
-311.49,-188.68,-2,2,-39.57,0
-311.89,-188.28,-2,2,-39.57,0
-312.39,-187.78,-2,2,-39.57,0
-313.22,-186.96,-2,2,-39.57,0
-313.7,-186.48,-2,2,-39.57,0
-314.41,-185.76,-2,2,-39.57,0
-315.17,-185.01,-2,2,-39.57,0
-315.79,-184.39,-2,2,-39.57,0
-316.4,-183.78,-2,2,-39.57,0
-317.25,-182.93,-2,2,-39.57,0
-317.94,-182.24,-2,2,-39.57,0
-318.45,-181.73,-2,2,-39.57,0
-318.94,-181.23,-2,2,-39.57,0
-319.79,-180.38,-2,2,-39.57,0
-320.16,-180.01,-2,2,-39.57,0
-320.96,-179.22,-2,2,-39.57,0
-321.69,-178.49,-2,2,-39.57,0
-322.17,-178.0,-2,2,-39.57,0
-322.67,-177.51,-2,2,-39.57,0
-323.15,-177.02,-2,2,-39.57,0
-323.77,-176.4,-2,2,-39.57,0
-324.25,-175.92,-2,2,-39.57,0
-324.75,-175.43,-2,2,-39.57,0
-325.48,-174.69,-2,2,-39.57,0
-326.09,-174.08,-2,2,-39.57,0
-326.49,-173.68,-2,2,-39.57,0
-327.23,-172.94,-2,2,-39.57,0
-327.87,-172.3,-2,2,-39.57,0
-328.44,-171.73,-2,2,-39.57,0
-329.14,-171.03,-2,2,-39.57,0
-329.87,-170.31,-2,2,-39.57,0
-330.23,-169.94,-2,2,-39.57,0
-329.5,-169.45,2,2,-39.57,0
-329.02,-168.97,2,2,-39.57,0
-328.53,-168.48,2,2,-39.57,0
-327.71,-167.66,2,2,-39.57,0
-327.04,-166.98,2,2,-39.57,0
-326.29,-166.23,2,2,-39.57,0
-325.86,-165.8,2,2,-39.57,0
-325.13,-165.08,2,2,-39.57,0
-324.63,-164.57,2,2,-39.57,0
-323.98,-163.93,2,2,-39.57,0
-322.99,-162.93,2,2,-39.57,0
-322.36,-162.31,2,2,-39.57,0
-321.89,-161.84,2,2,-39.57,0
-321.02,-160.96,2,2,-39.57,0
-320.49,-160.43,2,2,-39.57,0
-319.87,-159.81,2,2,-39.57,0
-319.18,-159.13,2,2,-39.57,0
-318.52,-158.46,2,2,-39.57,0
-318.03,-157.97,2,2,-39.57,0
-317.42,-157.37,2,2,-39.57,0
-316.94,-156.88,2,2,-39.57,0
-316.21,-156.16,2,2,-39.57,0
-315.71,-155.65,2,2,-39.57,0
-315.22,-155.16,2,2,-39.57,0
-314.49,-154.43,2,2,-39.57,0
-314.0,-153.94,2,2,-39.57,0
-313.51,-153.45,2,2,-39.57,0
-312.78,-152.73,2,2,-39.57,0
-312.42,-152.37,2,2,-39.57,0
-311.43,-151.38,2,2,-39.57,0
-311.04,-150.98,2,2,-39.57,0
-310.44,-150.38,2,2,-39.57,0
-309.9,-149.85,2,2,-39.57,0
-309.37,-149.31,2,2,-39.57,0
-308.62,-148.57,2,2,-39.57,0
-308.11,-148.05,2,2,-39.57,0
-307.76,-147.7,2,2,-39.57,0
-306.96,-146.9,2,2,-39.57,0
-306.4,-146.35,2,2,-39.57,0
-305.91,-145.86,2,2,-39.57,0
-305.19,-145.14,2,2,-39.57,0
-304.63,-144.57,2,2,-39.57,0
-303.88,-143.82,2,2,-39.57,0
-303.38,-143.33,2,2,-39.57,0
-302.66,-142.61,2,2,-39.57,0
-302.09,-142.03,2,2,-39.57,0
-301.58,-141.53,2,2,-39.57,0
-300.86,-140.81,2,2,-39.57,0
-300.35,-140.3,2,2,-39.57,0
-299.86,-139.81,2,2,-39.57,0
-299.09,-139.04,2,2,-39.57,0
-298.36,-138.31,2,2,-39.57,0
-297.88,-137.82,2,2,-39.57,0
-297.39,-137.33,2,2,-39.57,0
-296.89,-136.83,2,2,-39.57,0
-296.38,-136.33,2,2,-39.57,0
-295.67,-135.62,2,2,-39.57,0
-294.95,-134.9,2,2,-39.57,0
-294.11,-134.05,2,2,-39.57,0
-293.39,-133.33,2,2,-39.57,0
-292.85,-132.8,2,2,-39.57,0
-292.36,-132.31,2,2,-39.57,0
-291.58,-131.53,2,2,-39.57,0
-291.08,-131.02,2,2,-39.57,0
-290.35,-130.29,2,2,-39.57,0
-289.55,-129.5,2,2,-39.57,0
-289.06,-129.0,2,2,-39.57,0
-288.33,-128.27,2,2,-39.57,0
-287.73,-127.67,2,2,-39.57,0
-287.23,-127.17,2,2,-39.57,0
-286.39,-126.33,2,2,-39.57,0
-285.89,-125.84,2,2,-39.57,0
-285.4,-125.34,2,2,-39.57,0
-284.62,-124.56,2,2,-39.57,0
-284.12,-124.06,2,2,-39.57,0
-283.62,-123.56,2,2,-39.57,0
-282.89,-122.84,2,2,-39.57,0
-282.16,-122.11,2,2,-39.57,0
-281.68,-121.63,2,2,-39.57,0
-281.2,-121.14,2,2,-39.57,0
-280.48,-120.42,2,2,-39.57,0
-279.97,-119.91,2,2,-39.57,0
-279.25,-119.19,2,2,-39.57,0
-278.76,-118.7,2,2,-39.57,0
-277.94,-117.89,2,2,-39.57,0
-277.46,-117.4,2,2,-39.57,0
-276.89,-116.84,2,2,-39.57,0
-276.04,-115.98,2,2,-39.57,0
-275.49,-115.44,2,2,-39.57,0
-274.99,-114.94,2,2,-39.57,0
-274.24,-114.18,2,2,-39.57,0
-273.57,-113.52,2,2,-39.57,0
-272.99,-112.93,2,2,-39.57,0
-272.31,-112.26,2,2,-39.57,0
-271.99,-111.93,2,2,-39.57,0
-271.49,-111.44,2,2,-39.57,0
-270.53,-110.48,2,2,-39.57,0
-270.04,-109.98,2,2,-39.57,0
-269.55,-109.5,2,2,-39.57,0
-268.79,-108.74,2,2,-39.57,0
-268.31,-108.25,2,2,-39.57,0
-267.58,-107.52,2,2,-39.57,0
-267.09,-107.04,2,2,-39.57,0
-266.6,-106.55,2,2,-39.57,0
-265.87,-105.82,2,2,-39.57,0
-265.32,-105.26,2,2,-39.57,0
-264.62,-104.57,2,2,-39.57,0
-264.22,-104.17,2,2,-39.57,0
-263.71,-103.65,2,2,-39.57,0
-263.02,-102.97,2,2,-39.57,0
-262.38,-102.33,2,2,-39.57,0
-261.66,-101.6,2,2,-39.57,0
-260.89,-100.83,2,2,-39.57,0
-260.16,-100.1,2,2,-39.57,0
-259.66,-99.6,2,2,-39.57,0
-258.83,-98.78,2,2,-39.57,0
-258.07,-98.01,2,2,-39.57,0
-257.58,-97.53,2,2,-39.57,0
-256.75,-96.69,2,2,-39.57,0
-256.36,-96.3,2,2,-39.57,0
-255.88,-95.83,2,2,-39.57,0
-255.14,-95.08,2,2,-39.57,0
-254.41,-94.36,2,2,-39.57,0
-254.06,-94.0,2,2,-39.57,0
-253.57,-93.52,2,2,-39.57,0
-252.92,-92.87,2,2,-39.57,0
-252.29,-92.24,2,2,-39.57,0
-251.7,-91.65,2,2,-39.57,0
-251.17,-91.11,2,2,-39.57,0
-250.31,-90.26,2,2,-39.57,0
-249.63,-89.57,2,2,-39.57,0
-248.96,-88.91,2,2,-39.57,0
-248.17,-88.12,2,2,-39.57,0
-247.69,-87.63,2,2,-39.57,0
-247.09,-87.03,2,2,-39.57,0
-246.69,-86.64,2,2,-39.57,0
-246.09,-86.04,2,2,-39.57,0
-245.49,-85.44,2,2,-39.57,0
-244.75,-84.69,2,2,-39.57,0
-244.08,-84.03,2,2,-39.57,0
-243.43,-83.38,2,2,-39.57,0
-242.76,-82.7,2,2,-39.57,0
-242.13,-82.07,2,2,-39.57,0
-241.5,-81.44,2,2,-39.57,0
-240.93,-80.88,2,2,-39.57,0
-240.08,-80.03,2,2,-39.57,0
-239.45,-79.39,2,2,-39.57,0
-238.53,-78.47,2,2,-39.57,0
-238.05,-77.99,2,2,-39.57,0
-237.01,-76.95,2,2,-39.57,0
-236.16,-76.11,2,2,-39.57,0
-235.41,-75.35,2,2,-39.57,0
-234.97,-74.92,2,2,-39.57,0
-233.82,-73.77,2,2,-39.57,0
-233.02,-72.96,2,2,-39.57,0
-232.35,-72.3,2,2,-39.57,0
-231.78,-71.73,2,2,-39.57,0
-231.38,-71.33,2,2,-39.57,0
-230.24,-70.19,2,2,-39.57,0
-229.56,-69.51,2,2,-39.57,0
-228.88,-68.82,2,2,-39.57,0
-228.39,-68.33,2,2,-39.57,0
-227.66,-67.6,2,2,-39.57,0
-226.96,-66.91,2,2,-39.57,0
-226.07,-66.02,2,2,-39.57,0
-225.46,-65.41,2,2,-39.57,0
-224.86,-64.8,2,2,-39.57,0
-224.19,-64.14,2,2,-39.57,0
-223.46,-63.41,2,2,-39.57,0
-222.77,-62.71,2,2,-39.57,0
-222.04,-61.98,2,2,-39.57,0
-221.48,-61.42,2,2,-39.57,0
-221.15,-61.1,2,2,-39.57,0
-220.17,-60.12,2,2,-39.57,0
-219.82,-59.76,2,2,-39.57,0
-219.05,-59.0,2,2,-39.57,0
-218.39,-58.33,2,2,-39.57,0
-217.71,-57.66,2,2,-39.57,0
-217.13,-57.08,2,2,-39.57,0
-216.77,-56.71,2,2,-39.57,0
-215.88,-55.82,2,2,-39.57,0
-215.09,-55.04,2,2,-39.57,0
-214.71,-54.65,2,2,-39.57,0
-214.17,-54.12,2,2,-39.57,0
-213.23,-53.17,2,2,-39.57,0
-212.67,-52.62,2,2,-39.57,0
-211.99,-51.93,2,2,-39.57,0
-211.26,-51.2,2,2,-39.57,0
-210.43,-50.38,2,2,-39.57,0
-209.83,-49.78,2,2,-39.57,0
-209.05,-48.99,2,2,-39.57,0
-208.09,-48.04,2,2,-39.57,0
-207.37,-47.31,2,2,-39.57,0
-206.81,-46.76,2,2,-39.57,0
-205.97,-45.91,2,2,-39.57,0
-205.39,-45.34,2,2,-39.57,0
-204.68,-44.62,2,2,-39.57,0
-204.31,-44.25,2,2,-39.57,0
-203.42,-43.37,2,2,-39.57,0
-202.7,-42.65,2,2,-39.57,0
-202.33,-42.28,2,2,-39.57,0
-201.44,-41.39,2,2,-39.57,0
-200.79,-40.73,2,2,-39.57,0
-200.16,-40.11,2,2,-39.57,0
-199.29,-39.23,2,2,-39.57,0
-198.7,-38.65,2,2,-39.57,0
-198.22,-38.16,2,2,-39.57,0
-197.7,-37.64,2,2,-39.57,0
-196.81,-36.76,2,2,-39.57,0
-196.31,-36.25,2,2,-39.57,0
-195.34,-35.28,2,2,-39.57,0
-194.69,-34.63,2,2,-39.57,0
-193.75,-33.7,2,2,-39.57,0
-193.04,-32.98,2,2,-39.57,0
-192.25,-32.19,2,2,-39.57,0
-191.36,-31.3,2,2,-39.57,0
-190.78,-30.72,2,2,-39.57,0
-189.98,-29.92,2,2,-39.57,0
-189.36,-29.31,2,2,-39.57,0
-188.91,-28.86,2,2,-39.57,0
-188.39,-28.34,2,2,-39.57,0
-187.88,-27.82,2,2,-39.57,0
-186.83,-26.77,2,2,-39.57,0
-186.26,-26.21,2,2,-39.57,0
-185.6,-25.55,2,2,-39.57,0
-184.72,-24.67,2,2,-39.57,0
-184.03,-23.97,2,2,-39.57,0
-183.37,-23.31,2,2,-39.57,0
-182.75,-22.7,2,2,-39.57,0
-182.15,-22.09,2,2,-39.57,0
-181.49,-21.43,2,2,-39.57,0
-179.67,-19.62,2,2,-39.57,0
-179.07,-19.02,2,2,-39.57,0
-178.37,-18.32,2,2,-39.57,0
-177.96,-17.91,2,2,-39.57,0
-177.12,-17.07,2,2,-39.57,0
-176.45,-16.39,2,2,-39.57,0
-175.79,-15.73,2,2,-39.57,0
-175.21,-15.16,2,2,-39.57,0
-174.73,-14.67,2,2,-39.57,0
-173.87,-13.81,2,2,-39.57,0
-173.21,-13.15,2,2,-39.57,0
-172.49,-12.43,2,2,-39.57,0
-172.14,-12.08,2,2,-39.57,0
-171.05,-11.0,2,2,-39.57,0
-170.29,-10.24,2,2,-39.57,0
-169.62,-9.56,2,2,-39.57,0
-168.93,-8.87,2,2,-39.57,0
-168.51,-8.45,2,2,-39.57,0
-168.02,-7.96,2,2,-39.57,0
-167.45,-7.4,2,2,-39.57,0
-166.97,-6.92,2,2,-39.57,0
-166.49,-6.43,2,2,-39.57,0
-165.8,-5.75,2,2,-39.57,0
-165.41,-5.35,2,2,-39.57,0
-164.66,-4.61,2,2,-39.57,0
-164.03,-3.98,2,2,-39.57,0
-163.27,-3.21,2,2,-39.57,0
-162.55,-2.49,2,2,-39.57,0
-161.76,-1.71,2,2,-39.57,0
-161.42,-1.36,2,2,-39.57,0
-160.33,-0.28,2,2,-39.57,0
-159.97,0.08,2,2,-39.57,0
-159.12,0.94,2,2,-39.57,0
-158.66,1.4,2,2,-39.57,0
-157.92,2.14,2,2,-39.57,0
-157.31,2.74,2,2,-39.57,0
-156.99,3.06,2,2,-39.57,0
-156.26,3.79,2,2,-39.57,0
-155.54,4.52,2,2,-39.57,0
-154.73,5.33,2,2,-39.57,0
-154.32,5.74,2,2,-39.57,0
-153.45,6.6,2,2,-39.57,0
-152.79,7.27,2,2,-39.57,0
-152.43,7.63,2,2,-39.57,0
-151.58,8.48,2,2,-39.57,0
-150.93,9.13,2,2,-39.57,0
-150.33,9.72,2,2,-39.57,0
-149.97,10.09,2,2,-39.57,0
-149.18,10.88,2,2,-39.57,0
-148.82,11.24,2,2,-39.57,0
-148.04,12.01,2,2,-39.57,0
-147.46,12.59,2,2,-39.57,0
-146.76,13.3,2,2,-39.57,0
-146.15,13.9,2,2,-39.57,0
-145.79,14.27,2,2,-39.57,0
-144.92,15.13,2,2,-39.57,0
-144.51,15.55,2,2,-39.57,0
-143.96,16.1,2,2,-39.57,0
-143.05,17.0,2,2,-39.57,0
-142.17,17.89,2,2,-39.57,0
-141.58,18.48,2,2,-39.57,0
-140.82,19.23,2,2,-39.57,0
-140.17,19.89,2,2,-39.57,0
-139.56,20.5,2,2,-39.57,0
-138.96,21.1,2,2,-39.57,0
-138.55,21.5,2,2,-39.57,0
-137.95,22.11,2,2,-39.57,0
-137.32,22.73,2,2,-39.57,0
-136.67,23.38,2,2,-39.57,0
-136.1,23.95,2,2,-39.57,0
-135.23,24.83,2,2,-39.57,0
-134.52,25.54,2,2,-39.57,0
-133.8,26.26,2,2,-39.57,0
-132.86,27.19,2,2,-39.57,0
-132.37,27.68,2,2,-39.57,0
-131.55,28.51,2,2,-39.57,0
-130.82,29.23,2,2,-39.57,0
-130.47,29.58,2,2,-39.57,0
-129.74,30.32,2,2,-39.57,0
-129.25,30.81,2,2,-39.57,0
-128.76,31.3,2,2,-39.57,0
-127.92,32.14,2,2,-39.57,0
-127.22,32.83,2,2,-39.57,0
-126.47,33.58,2,2,-39.57,0
-125.98,34.08,2,2,-39.57,0
-125.24,34.82,2,2,-39.57,0
-124.63,35.42,2,2,-39.57,0
-124.16,35.89,2,2,-39.57,0
-123.35,36.71,2,2,-39.57,0
-122.59,37.47,2,2,-39.57,0
-121.96,38.09,2,2,-39.57,0
-121.47,38.59,2,2,-39.57,0
-120.98,39.07,2,2,-39.57,0
-120.13,39.92,2,2,-39.57,0
-119.52,40.53,2,2,-39.57,0
-118.8,41.25,2,2,-39.57,0
-118.08,41.98,2,2,-39.57,0
-117.59,42.46,2,2,-39.57,0
-116.87,43.18,2,2,-39.57,0
-116.44,43.62,2,2,-39.57,0
-115.81,44.24,2,2,-39.57,0
-114.91,45.15,2,2,-39.57,0
-114.55,45.5,2,2,-39.57,0
-113.43,46.62,2,2,-37.23,1
-113.1,46.96,2,2,-36.53,1
-112.53,47.52,2,2,-35.36,1
-111.7,48.36,2,2,-33.62,1
-111.06,48.99,2,2,-32.29,1
-110.08,49.97,2,2,-30.25,1
-109.36,50.7,2,2,-28.74,1
-108.87,51.19,2,2,-27.72,1
-107.88,52.18,2,2,-25.66,1
-107.36,52.69,2,2,-24.59,1
-106.4,53.65,2,2,-22.58,1
-105.68,54.38,2,2,-21.07,1
-104.94,55.11,2,2,-19.55,1
-104.34,55.71,2,2,-18.29,1
-103.66,56.39,2,2,-16.88,1
-102.95,57.1,2,2,-15.4,1
-102.22,57.83,2,2,-13.88,1
-101.62,58.44,2,2,-12.62,1
-100.87,59.18,2,2,-11.06,1
-100.38,59.67,2,2,-10.05,1
-99.9,60.15,2,2,-9.04,1
-98.8,61.25,2,2,-6.75,1
-98.2,61.86,2,2,-5.49,1
-97.71,62.34,2,2,-4.48,1
-96.74,63.32,2,2,-2.45,1
-96.08,63.98,2,2,-1.07,1
-95.25,64.8,2,2,0.64,1
-94.51,65.55,2,2,2.19,1
-93.95,66.11,2,2,3.37,1
-93.34,66.71,2,2,4.63,1
-92.94,67.11,2,2,5.45,1
-92.34,67.71,2,2,6.71,1
-91.61,68.44,2,2,8.23,1
-90.92,69.13,2,2,9.66,1
-90.52,69.54,2,2,10.51,1
-89.61,70.45,2,2,12.4,1
-89.27,70.79,2,2,13.11,1
-88.64,71.42,2,2,14.42,1
-87.78,72.28,2,2,16.22,1
-87.05,73.01,2,2,17.74,1
-86.26,73.8,2,2,19.39,1
-85.58,74.47,2,2,20.79,1
-85.28,74.78,2,2,21.43,1
-84.66,75.4,2,2,22.72,1
-84.25,75.8,2,2,23.56,1
-83.69,76.37,2,2,24.74,1
-82.77,77.29,2,2,26.66,1
-82.15,77.91,2,2,27.95,1
-81.56,78.49,2,2,29.16,1
-81.06,78.99,2,2,30.21,1
-80.28,79.77,2,2,31.83,1
-79.78,80.27,2,2,32.87,1
-78.92,81.13,2,2,34.66,1
-78.31,81.74,2,2,35.94,1
-77.82,82.23,2,2,36.96,1
-77.07,82.98,2,2,38.52,1
-76.41,83.64,2,2,39.9,1
-76.0,84.06,2,2,40.76,1
-75.07,84.98,2,2,42.69,1
-74.35,85.71,2,2,44.2,1
-73.73,86.32,2,2,45.48,1
-73.22,86.84,2,2,46.55,1
-72.64,87.42,2,2,47.76,1
-72.07,87.99,2,2,48.95,1
-71.36,88.69,2,2,50.41,1
-70.64,89.42,2,2,51.92,1
-69.91,90.15,2,2,53.45,1
-69.06,91.0,2,2,55.21,1
-68.55,91.51,2,2,56.28,1
-67.79,92.26,2,2,57.85,1
-67.31,92.74,2,2,58.86,1
-66.44,93.62,2,2,60.68,1
-65.95,94.1,2,2,61.69,1
-65.3,94.76,2,2,63.05,1
-64.68,95.37,2,2,64.34,1
-64.27,95.78,2,2,65.18,1
-63.51,96.55,2,2,66.78,1
-62.79,97.27,2,2,68.28,1
-62.17,97.89,2,2,69.57,1
-61.81,98.25,2,2,70.32,1
-61.07,98.98,2,2,71.86,1
-60.28,99.78,2,2,73.51,1
-59.87,100.19,2,2,74.36,1
-58.98,101.07,2,2,76.21,1
-58.27,101.79,2,2,77.69,1
-57.73,102.32,2,2,78.81,1
-57.06,102.99,2,2,80.21,1
-56.23,103.83,2,2,81.95,1
-55.8,104.25,2,2,82.84,1
-54.95,105.11,2,2,84.61,1
-54.29,105.77,2,2,85.99,1
-53.92,106.13,2,2,86.75,1
-53.43,106.62,2,2,87.77,1
-52.94,107.11,2,2,88.79,1
-52.43,107.62,2,2,89.85,1
-51.76,108.29,2,2,91.24,1
-51.08,108.98,2,2,92.68,1
-50.22,109.83,2,2,94.45,1
-49.55,110.5,2,2,95.86,1
-48.97,111.08,2,2,97.06,1
-48.45,111.6,2,2,98.15,1
-47.97,112.09,2,2,99.16,1
-47.46,112.59,2,2,100.21,1
-46.69,113.36,2,2,101.81,1
-46.07,113.98,2,2,103.1,1
-45.26,114.8,2,2,104.8,1
-44.66,115.4,2,2,106.05,1
-44.02,116.04,2,2,107.38,1
-43.63,116.43,2,2,108.2,1
-42.78,117.27,2,2,109.96,1
-42.21,117.85,2,2,111.15,1
-41.77,118.29,2,2,112.07,1
-41.27,118.78,2,2,113.1,1
-40.65,119.41,2,2,114.4,1
-39.91,120.14,2,2,115.94,1
-39.55,120.51,2,2,116.7,1
-38.77,121.29,2,2,118.32,1
-38.16,121.9,2,2,119.6,1
-37.79,122.26,2,2,120.36,1
-37.3,122.76,2,2,121.39,1
-36.79,123.27,2,2,122.45,1
-36.07,123.99,2,2,123.94,1
-35.28,124.78,2,2,125.6,1
-34.85,125.2,2,2,126.48,1
-34.31,125.75,2,2,127.62,1
-33.83,126.23,2,2,128.62,1
-33.09,126.97,2,2,130.15,1
-32.73,127.33,2,2,130.91,1
-32.15,127.91,2,2,132.11,1
-31.45,128.6,2,2,133.56,1
-30.82,129.24,2,2,134.88,1
-30.19,129.86,2,2,136.19,1
-29.58,130.48,2,2,137.46,1
-29.2,130.86,2,2,138.26,1
-28.67,131.38,2,2,139.35,1
-28.06,132.0,2,2,140.64,1
-27.09,132.97,2,2,142.66,1
-26.77,133.28,2,2,143.31,1
-26.22,133.83,2,2,144.46,1
-25.59,134.46,2,2,145.77,1
-25.1,134.95,2,2,146.79,1
-24.39,135.67,2,2,148.28,1
-23.58,136.48,2,2,149.97,1
-23.0,137.05,2,2,151.16,1
-22.25,137.81,2,2,152.73,1
-21.65,138.4,2,2,153.98,1
-21.33,138.73,2,2,154.66,1
-20.82,139.24,2,2,155.71,1
-20.21,139.85,2,2,156.98,1
-19.75,140.3,2,2,157.94,1
-18.84,141.22,2,2,159.85,1
-18.42,141.63,2,2,160.7,1
-17.8,142.25,2,2,162.0,1
-17.02,143.04,2,2,163.64,1
-16.3,143.75,2,2,165.12,1
-15.72,144.33,2,2,166.33,1
-14.99,145.06,2,2,167.85,1
-14.39,145.66,2,2,169.11,1
-13.9,146.16,2,2,170.13,1
-13.29,146.76,2,2,171.4,1
-12.64,147.41,2,2,172.75,1
-12.11,147.94,2,2,173.86,1
-11.5,148.55,2,2,175.13,1
-10.77,149.28,2,2,176.64,1
-10.41,149.65,2,2,177.4,1
-9.78,150.28,2,2,178.72,1
-9.13,150.93,2,2,180.08,1
-8.72,151.34,2,2,180.92,1
-8.25,151.81,2,2,181.91,1
-7.76,152.29,2,2,182.92,1
-7.19,152.87,2,2,184.11,1
-6.67,153.39,2,2,185.19,1
-6.06,154.0,2,2,186.47,1
-5.34,154.72,2,2,187.97,1
-5.01,155.04,2,2,188.65,1
-4.45,155.6,2,2,189.81,1
-3.84,156.22,2,2,191.09,1
-3.12,156.93,2,2,192.58,1
-2.76,157.3,2,2,193.35,1
-2.2,157.86,2,2,194.51,1
-1.45,158.61,2,2,196.08,1
-1.12,158.93,2,2,196.75,1
-0.41,159.64,2,2,198.23,1
-0.05,160.01,2,2,198.99,1
0.9,160.95,2,2,200.96,1
1.49,161.54,2,2,202.18,1
2.03,162.08,2,2,203.32,1
2.88,162.93,2,2,205.08,1
3.47,163.53,2,2,206.32,1
4.06,164.11,2,2,207.54,1
4.6,164.65,2,2,208.67,1
5.01,165.06,2,2,209.52,1
5.79,165.84,2,2,211.14,1
6.15,166.2,2,2,211.9,1
6.77,166.83,2,2,213.2,1
7.38,167.44,2,2,214.47,1
8.28,168.33,2,2,216.33,1
9.04,169.09,2,2,217.92,1
9.86,169.92,2,2,219.63,1
10.21,170.27,2,2,220.37,1
11.09,171.14,2,2,220.37,0
11.73,171.79,2,2,220.37,0
12.26,172.32,2,2,220.37,0
12.9,172.96,2,2,220.37,0
13.94,173.99,2,2,220.37,0
14.58,174.63,2,2,220.37,0
15.31,175.36,2,2,220.37,0
15.74,175.8,2,2,220.37,0
16.41,176.47,2,2,220.37,0
17.26,177.31,2,2,220.37,0
17.74,177.79,2,2,220.37,0
18.27,178.32,2,2,220.37,0
19.13,179.18,2,2,220.37,0
19.45,179.51,2,2,220.37,0
19.94,179.99,2,2,220.37,0
20.4,180.45,2,2,220.37,0
20.85,180.9,2,2,220.37,0
21.71,181.76,2,2,220.37,0
22.22,182.28,2,2,220.37,0
22.71,182.76,2,2,220.37,0
23.43,183.49,2,2,220.37,0
23.89,183.94,2,2,220.37,0
24.75,184.81,2,2,220.37,0
25.2,185.25,2,2,220.37,0
25.82,185.88,2,2,220.37,0
26.75,186.8,2,2,220.37,0
27.26,187.31,2,2,220.37,0
28.02,188.08,2,2,220.37,0
28.42,188.48,2,2,220.37,0
29.4,189.46,2,2,220.37,0
29.77,189.82,2,2,220.37,0
30.38,190.43,2,2,220.37,0
30.86,190.92,2,2,220.37,0
31.69,191.75,2,2,220.37,0
32.26,192.31,2,2,220.37,0
32.99,193.05,2,2,220.37,0
33.42,193.47,2,2,220.37,0
33.99,194.04,2,2,220.37,0
34.72,194.77,2,2,220.37,0
35.12,195.18,2,2,220.37,0
35.62,195.68,2,2,220.37,0
36.41,196.46,2,2,220.37,0
36.81,196.86,2,2,220.37,0
37.53,197.59,2,2,220.37,0
38.14,198.19,2,2,220.37,0
38.58,198.64,2,2,220.37,0
39.07,199.12,2,2,220.37,0
39.95,200.0,2,2,220.37,0
40.28,200.34,2,2,220.37,0
41.1,201.16,2,2,220.37,0
41.76,201.81,2,2,220.37,0
42.35,202.41,2,2,220.37,0
42.74,202.8,2,2,220.37,0
43.69,203.75,2,2,220.37,0
44.1,204.16,2,2,220.37,0
45.09,205.15,2,2,220.37,0
45.87,205.92,2,2,220.37,0
46.3,206.35,2,2,220.37,0
46.84,206.9,2,2,220.37,0
47.68,207.73,2,2,220.37,0
48.11,208.17,2,2,220.37,0
48.84,208.9,2,2,220.37,0
49.5,209.55,2,2,220.37,0
50.13,210.18,2,2,220.37,0
51.03,211.08,2,2,220.37,0
51.35,211.4,2,2,220.37,0
51.84,211.89,2,2,220.37,0
52.8,212.86,2,2,220.37,0
53.46,213.51,2,2,220.37,0
54.18,214.23,2,2,220.37,0
55.14,215.2,2,2,220.37,0
55.8,215.86,2,2,220.37,0
56.43,216.49,2,2,220.37,0
57.04,217.09,2,2,220.37,0
57.85,217.91,2,2,220.37,0
58.52,218.58,2,2,220.37,0
59.25,219.3,2,2,220.37,0
59.98,220.04,2,2,220.37,0
60.69,220.74,2,2,220.37,0
61.3,221.35,2,2,220.37,0
62.17,222.22,2,2,220.37,0
62.82,222.88,2,2,220.37,0
63.45,223.5,2,2,220.37,0
64.11,224.16,2,2,220.37,0
64.74,224.8,2,2,220.37,0
65.73,225.78,2,2,220.37,0
66.22,226.28,2,2,220.37,0
66.93,226.99,2,2,220.37,0
67.66,227.71,2,2,220.37,0
68.32,228.38,2,2,220.37,0
68.96,229.01,2,2,220.37,0
69.73,229.78,2,2,220.37,0
70.55,230.61,2,2,220.37,0
71.22,231.28,2,2,220.37,0
71.64,231.7,2,2,220.37,0
72.49,232.55,2,2,220.37,0
73.16,233.22,2,2,220.37,0
73.85,233.9,2,2,220.37,0
74.57,234.63,2,2,220.37,0
75.0,235.06,2,2,220.37,0
75.73,235.78,2,2,220.37,0
76.97,237.03,2,2,220.37,0
77.57,237.62,2,2,220.37,0
78.29,238.35,2,2,220.37,0
79.01,239.07,2,2,220.37,0
79.74,239.79,2,2,220.37,0
80.25,240.31,2,2,220.37,0
81.12,241.18,2,2,220.37,0
81.84,241.9,2,2,220.37,0
82.33,242.39,2,2,220.37,0
83.3,243.36,2,2,220.37,0
84.02,244.08,2,2,220.37,0
84.76,244.82,2,2,220.37,0
85.46,245.52,2,2,220.37,0
86.16,246.22,2,2,220.37,0
86.59,246.65,2,2,220.37,0
87.49,247.54,2,2,220.37,0
87.91,247.97,2,2,220.37,0
88.77,248.83,2,2,220.37,0
89.1,249.16,2,2,220.37,0
90.0,250.06,2,2,220.37,0
90.49,250.55,2,2,220.37,0
91.38,251.44,2,2,220.37,0
92.13,252.18,2,2,220.37,0
92.52,252.58,2,2,220.37,0
93.46,253.51,2,2,220.37,0
94.32,254.37,2,2,220.37,0
94.94,255.0,2,2,220.37,0
95.43,255.48,2,2,220.37,0
96.27,256.32,2,2,220.37,0
97.02,257.08,2,2,220.37,0
97.51,257.57,2,2,220.37,0
98.25,258.3,2,2,220.37,0
98.83,258.89,2,2,220.37,0
99.39,259.45,2,2,220.37,0
100.0,260.05,2,2,220.37,0
100.36,260.41,2,2,220.37,0
100.96,261.02,2,2,220.37,0
101.74,261.8,2,2,220.37,0
102.36,262.42,2,2,220.37,0
102.89,262.95,2,2,220.37,0
103.68,263.73,2,2,220.37,0
104.11,264.16,2,2,220.37,0
104.9,264.95,2,2,220.37,0
105.62,265.67,2,2,220.37,0
106.4,266.46,2,2,220.37,0
106.77,266.83,2,2,220.37,0
107.61,267.67,2,2,220.37,0
108.22,268.27,2,2,220.37,0
108.85,268.91,2,2,220.37,0
109.74,269.8,2,2,220.37,0
110.33,270.39,2,2,220.37,0
110.91,270.96,2,2,220.37,0
111.55,271.61,2,2,220.37,0
112.2,272.26,2,2,220.37,0
113.09,273.15,2,2,220.37,0
113.76,273.81,2,2,220.37,0
114.37,274.43,2,2,220.37,0
114.87,274.92,2,2,220.37,0
115.72,275.78,2,2,220.37,0
116.36,276.41,2,2,220.37,0
117.03,277.09,2,2,220.37,0
117.62,277.68,2,2,220.37,0
117.98,278.04,2,2,220.37,0
118.74,278.8,2,2,220.37,0
119.31,279.37,2,2,220.37,0
119.73,279.79,2,2,220.37,0
120.38,280.43,2,2,220.37,0
121.25,281.3,2,2,220.37,0
121.89,281.94,2,2,220.37,0
122.6,282.66,2,2,220.37,0
123.33,283.38,2,2,220.37,0
123.9,283.96,2,2,220.37,0
124.78,284.83,2,2,220.37,0
125.7,285.76,2,2,220.37,0
126.4,286.46,2,2,220.37,0
126.81,286.87,2,2,220.37,0
127.42,287.48,2,2,220.37,0
127.95,288.0,2,2,220.37,0
128.45,288.5,2,2,220.37,0
129.28,289.33,2,2,220.37,0
130.13,290.18,2,2,220.37,0
130.73,289.4,2,-2,220.37,0
131.53,288.6,2,-2,220.37,0
132.26,287.87,2,-2,220.37,0
132.94,287.19,2,-2,220.37,0
133.67,286.45,2,-2,220.37,0
134.08,286.04,2,-2,220.37,0
134.76,285.36,2,-2,220.37,0
135.22,284.91,2,-2,220.37,0
136.11,284.02,2,-2,220.37,0
136.46,283.67,2,-2,220.37,0
137.19,282.94,2,-2,220.37,0
137.73,282.39,2,-2,220.37,0
138.34,281.79,2,-2,220.37,0
138.82,281.31,2,-2,220.37,0
139.83,280.3,2,-2,220.37,0
140.48,279.65,2,-2,220.37,0
141.21,278.91,2,-2,220.37,0
141.57,278.55,2,-2,220.37,0
142.07,278.06,2,-2,220.37,0
142.62,277.51,2,-2,220.37,0
143.22,276.91,2,-2,220.37,0
143.73,276.4,2,-2,220.37,0
144.24,275.88,2,-2,220.37,0
145.07,275.06,2,-2,220.37,0
145.72,274.4,2,-2,220.37,0
146.13,274.0,2,-2,220.37,0
146.66,273.47,2,-2,220.37,0
147.4,272.73,2,-2,220.37,0
147.82,272.31,2,-2,220.37,0
148.32,271.81,2,-2,220.37,0
149.8,270.33,2,-2,220.37,0
150.21,269.91,2,-2,220.37,0
150.71,269.41,2,-2,220.37,0
151.21,268.92,2,-2,220.37,0
151.75,268.37,2,-2,220.37,0
152.64,267.48,2,-2,220.37,0
153.24,266.89,2,-2,220.37,0
153.72,266.4,2,-2,220.37,0
154.34,265.78,2,-2,220.37,0
154.7,265.42,2,-2,220.37,0
155.32,264.81,2,-2,220.37,0
155.92,264.2,2,-2,220.37,0
156.9,263.23,2,-2,220.37,0
157.33,262.8,2,-2,220.37,0
158.2,261.92,2,-2,220.37,0
158.81,261.32,2,-2,220.37,0
159.8,260.33,2,-2,218.31,2
160.22,259.91,2,-2,217.43,2
161.05,259.08,2,-2,215.69,2
161.36,258.76,2,-2,215.04,2
161.97,258.16,2,-2,213.78,2
162.92,257.21,2,-2,211.8,2
163.6,256.52,2,-2,210.38,2
164.25,255.88,2,-2,209.04,2
164.91,255.22,2,-2,207.66,2
165.37,254.75,2,-2,206.69,2
166.1,254.02,2,-2,205.17,2
166.71,253.42,2,-2,203.9,2
167.29,252.84,2,-2,202.69,2
167.99,252.13,2,-2,201.23,2
168.73,251.39,2,-2,199.69,2
169.38,250.75,2,-2,198.34,2
170.04,250.09,2,-2,196.97,2
170.76,249.36,2,-2,195.46,2
171.37,248.76,2,-2,194.19,2
172.08,248.04,2,-2,192.71,2
172.81,247.32,2,-2,191.2,2
173.43,246.69,2,-2,189.89,2
173.8,246.33,2,-2,189.14,2
174.45,245.68,2,-2,187.78,2
175.08,245.05,2,-2,186.47,2
175.67,244.46,2,-2,185.24,2
176.08,244.05,2,-2,184.39,2
176.93,243.2,2,-2,182.61,2
177.53,242.6,2,-2,181.36,2
178.11,242.01,2,-2,180.15,2
178.48,241.65,2,-2,179.39,2
179.18,240.95,2,-2,177.93,2
180.08,240.05,2,-2,176.05,2
180.65,239.48,2,-2,174.87,2
181.08,239.05,2,-2,173.97,2
181.87,238.25,2,-2,172.31,2
182.69,237.43,2,-2,170.6,2
183.11,237.01,2,-2,169.73,2
183.87,236.25,2,-2,168.14,2
184.54,235.59,2,-2,166.77,2
185.14,234.99,2,-2,165.51,2
185.76,234.37,2,-2,164.22,2
186.14,233.98,2,-2,163.41,2
186.83,233.29,2,-2,161.98,2
187.24,232.88,2,-2,161.13,2
187.74,232.39,2,-2,160.09,2
188.34,231.79,2,-2,158.84,2
189.08,231.04,2,-2,157.29,2
189.69,230.43,2,-2,156.02,2
190.11,230.01,2,-2,155.15,2
190.72,229.41,2,-2,153.89,2
191.6,228.53,2,-2,152.05,2
192.2,227.92,2,-2,150.79,2
192.75,227.38,2,-2,149.66,2
193.65,226.48,2,-2,147.78,2
194.63,225.5,2,-2,145.74,2
195.19,224.93,2,-2,144.56,2
195.61,224.52,2,-2,143.7,2
196.21,223.91,2,-2,142.44,2
197.15,222.98,2,-2,140.49,2
197.77,222.36,2,-2,139.2,2
198.13,222.0,2,-2,138.45,2
199.02,221.11,2,-2,136.59,2
199.43,220.69,2,-2,135.73,2
200.24,219.89,2,-2,134.05,2
200.63,219.49,2,-2,133.23,2
201.73,218.39,2,-2,130.93,2
202.44,217.69,2,-2,129.47,2
203.07,217.06,2,-2,128.15,2
203.55,216.57,2,-2,127.14,2
204.28,215.84,2,-2,125.62,2
204.93,215.19,2,-2,124.27,2
205.84,214.29,2,-2,122.38,2
206.55,213.58,2,-2,120.91,2
207.13,213.0,2,-2,119.7,2
207.54,212.59,2,-2,118.85,2
208.23,211.9,2,-2,117.41,2
208.95,211.17,2,-2,115.89,2
209.74,210.38,2,-2,114.25,2
210.41,209.71,2,-2,112.86,2
210.73,209.4,2,-2,112.2,2
211.46,208.66,2,-2,110.67,2
212.06,208.06,2,-2,109.41,2
212.68,207.44,2,-2,108.13,2
213.52,206.61,2,-2,106.39,2
214.27,205.85,2,-2,104.81,2
214.91,205.21,2,-2,103.48,2
215.52,204.61,2,-2,102.22,2
216.12,204.01,2,-2,100.97,2
216.72,203.4,2,-2,99.71,2
217.28,202.84,2,-2,98.55,2
217.66,202.46,2,-2,97.75,2
218.29,201.84,2,-2,96.45,2
219.13,200.99,2,-2,94.69,2
219.56,200.57,2,-2,93.8,2
220.32,199.8,2,-2,92.21,2
221.4,198.73,2,-2,92.21,0
221.99,198.13,2,-2,92.21,0
222.67,197.45,2,-2,92.21,0
223.06,197.06,2,-2,92.21,0
224.02,196.11,2,-2,92.21,0
224.45,195.67,2,-2,92.21,0
225.2,194.92,2,-2,92.21,0
225.81,194.31,2,-2,92.21,0
226.3,193.82,2,-2,92.21,0
227.12,193.0,2,-2,92.21,0
227.52,192.6,2,-2,92.21,0
228.22,191.91,2,-2,92.21,0
229.02,191.11,2,-2,92.21,0
229.35,190.78,2,-2,92.21,0
229.86,190.26,2,-2,92.21,0
230.56,189.56,2,-2,92.21,0
231.22,188.9,2,-2,92.21,0
231.83,188.29,2,-2,92.21,0
232.55,187.57,2,-2,92.21,0
233.18,186.95,2,-2,92.21,0
233.74,186.39,2,-2,92.21,0
234.12,186.0,2,-2,92.21,0
234.66,185.46,2,-2,92.21,0
235.48,184.65,2,-2,92.21,0
236.28,183.84,2,-2,92.21,0
236.91,183.22,2,-2,92.21,0
237.51,182.61,2,-2,92.21,0
238.38,181.74,2,-2,92.21,0
238.75,181.38,2,-2,92.21,0
239.43,180.7,2,-2,92.21,0
240.05,180.08,2,-2,92.21,0
240.61,179.51,2,-2,92.21,0
241.36,178.76,2,-2,92.21,0
241.93,178.2,2,-2,92.21,0
242.3,177.83,2,-2,92.21,0
242.79,177.34,2,-2,92.21,0
243.4,176.73,2,-2,92.21,0
244.26,175.86,2,-2,92.21,0
244.86,175.26,2,-2,92.21,0
245.55,174.57,2,-2,92.21,0
246.29,173.83,2,-2,92.21,0
247.0,173.13,2,-2,92.21,0
247.49,172.64,2,-2,92.21,0
247.98,172.15,2,-2,92.21,0
248.51,171.62,2,-2,92.21,0
249.48,170.65,2,-2,92.21,0
249.99,170.13,2,-2,92.21,0
250.48,169.65,2,-2,92.21,0
251.04,169.09,2,-2,92.21,0
251.76,168.37,2,-2,92.21,0
252.37,167.76,2,-2,92.21,0
253.22,166.91,2,-2,92.21,0
253.94,166.18,2,-2,92.21,0
254.43,165.7,2,-2,92.21,0
255.24,164.88,2,-2,92.21,0
255.79,164.34,2,-2,92.21,0
256.28,163.85,2,-2,92.21,0
256.76,163.36,2,-2,92.21,0
257.5,162.62,2,-2,92.21,0
258.24,161.89,2,-2,92.21,0
258.57,161.56,2,-2,92.21,0
259.05,161.07,2,-2,92.21,0
259.79,160.34,2,-2,92.21,0
260.46,159.67,2,-2,92.21,0
261.12,159.01,2,-2,92.21,0
261.72,158.4,2,-2,92.21,0
262.22,157.91,2,-2,92.21,0
263.0,157.12,2,-2,92.21,0
263.49,156.63,2,-2,92.21,0
263.98,156.14,2,-2,92.21,0
264.87,155.25,2,-2,92.21,0
265.48,154.65,2,-2,92.21,0
266.32,153.8,2,-2,92.21,0
266.93,153.2,2,-2,92.21,0
267.29,152.84,2,-2,92.21,0
268.02,152.1,2,-2,92.21,0
268.41,151.71,2,-2,92.21,0
269.22,150.91,2,-2,92.21,0
269.82,150.31,2,-2,92.21,0
270.43,149.69,2,-2,92.21,0
270.91,149.21,2,-2,92.21,0
271.64,148.49,2,-2,92.21,0
271.92,148.21,2,-2,92.21,0
272.47,147.65,2,-2,92.21,0
273.21,146.91,2,-2,92.21,0
273.98,146.14,2,-2,92.21,0
274.64,145.49,2,-2,92.21,0
275.0,145.13,2,-2,92.21,0
275.67,144.46,2,-2,92.21,0
276.27,143.86,2,-2,92.21,0
276.99,143.13,2,-2,92.21,0
277.52,142.61,2,-2,92.21,0
278.27,141.85,2,-2,92.21,0
278.7,141.43,2,-2,92.21,0
279.18,140.94,2,-2,92.21,0
280.16,139.96,2,-2,92.21,0
280.79,139.34,2,-2,92.21,0
281.57,138.55,2,-2,92.21,0
282.17,137.95,2,-2,92.21,0
282.82,137.31,2,-2,92.21,0
283.44,136.69,2,-2,92.21,0
284.16,135.97,2,-2,92.21,0
284.76,135.37,2,-2,92.21,0
285.51,134.61,2,-2,92.21,0
286.17,133.96,2,-2,92.21,0
286.6,133.53,2,-2,92.21,0
287.08,133.04,2,-2,92.21,0
287.55,132.58,2,-2,92.21,0
288.46,131.67,2,-2,92.21,0
289.27,130.85,2,-2,92.21,0
289.63,130.5,2,-2,92.21,0
290.12,130.0,2,-2,92.21,0
290.66,129.47,2,-2,92.21,0
291.36,128.76,2,-2,92.21,0
291.86,128.27,2,-2,92.21,0
292.35,127.77,2,-2,92.21,0
293.18,126.94,2,-2,92.21,0
293.75,126.38,2,-2,92.21,0
294.36,125.77,2,-2,92.21,0
294.96,125.16,2,-2,92.21,0
295.42,124.71,2,-2,92.21,0
296.29,123.84,2,-2,92.21,0
296.81,123.32,2,-2,92.21,0
297.42,122.71,2,-2,92.21,0
298.17,121.96,2,-2,92.21,0
298.72,121.41,2,-2,92.21,0
299.22,120.91,2,-2,92.21,0
299.96,120.17,2,-2,92.21,0
300.55,119.58,2,-2,92.21,0
301.15,118.98,2,-2,92.21,0
301.71,118.41,2,-2,92.21,0
302.47,117.66,2,-2,92.21,0
302.95,117.17,2,-2,92.21,0
303.45,116.67,2,-2,92.21,0
304.2,115.92,2,-2,92.21,0
304.99,115.14,2,-2,92.21,0
305.74,114.39,2,-2,92.21,0
306.24,113.88,2,-2,92.21,0
306.97,113.16,2,-2,92.21,0
307.48,112.65,2,-2,92.21,0
307.97,112.16,2,-2,92.21,0
308.71,111.41,2,-2,92.21,0
309.44,110.68,2,-2,92.21,0
310.46,109.67,2,-2,92.21,0
310.95,109.18,2,-2,92.21,0
311.46,108.67,2,-2,92.21,0
312.26,107.87,2,-2,92.21,0
313.03,107.1,2,-2,92.21,0
313.64,106.48,2,-2,92.21,0
314.38,105.75,2,-2,92.21,0
314.77,105.35,2,-2,92.21,0
315.49,104.63,2,-2,92.21,0
315.95,104.17,2,-2,92.21,0
316.76,103.36,2,-2,92.21,0
317.45,102.68,2,-2,92.21,0
318.18,101.95,2,-2,92.21,0
318.68,101.45,2,-2,92.21,0
319.4,100.73,2,-2,92.21,0
319.96,100.17,2,-2,92.21,0
320.46,99.66,2,-2,92.21,0
321.55,98.57,2,-2,92.21,0
322.26,97.87,2,-2,92.21,0
322.75,97.38,2,-2,92.21,0
323.48,96.64,2,-2,92.21,0
324.12,96.01,2,-2,92.21,0
324.74,95.38,2,-2,92.21,0
325.41,94.72,2,-2,92.21,0
326.07,94.06,2,-2,92.21,0
326.66,93.47,2,-2,92.21,0
327.26,92.86,2,-2,92.21,0
327.65,92.47,2,-2,92.21,0
328.2,91.92,2,-2,92.21,0
329.21,90.92,2,-2,92.21,0
329.83,90.3,2,-2,92.21,0
330.45,89.68,2,-2,92.21,0
329.42,89.09,-2,-2,92.21,0
328.48,88.15,-2,-2,92.21,0
327.59,87.26,-2,-2,92.21,0
326.88,86.56,-2,-2,92.21,0
326.32,86.0,-2,-2,92.21,0
325.69,85.36,-2,-2,92.21,0
325.02,84.69,-2,-2,92.21,0
324.59,84.26,-2,-2,92.21,0
323.65,83.33,-2,-2,92.21,0
322.97,82.65,-2,-2,92.21,0
322.3,81.98,-2,-2,92.21,0
321.55,81.23,-2,-2,92.21,0
320.95,80.62,-2,-2,92.21,0
320.26,79.93,-2,-2,92.21,0
319.7,79.37,-2,-2,92.21,0
319.25,78.93,-2,-2,92.21,0
318.57,78.24,-2,-2,92.21,0
317.93,77.61,-2,-2,92.21,0
317.58,77.26,-2,-2,92.21,0
316.93,76.61,-2,-2,92.21,0
316.16,75.84,-2,-2,92.21,0
315.68,75.36,-2,-2,92.21,0
314.96,74.64,-2,-2,92.21,0
314.3,73.97,-2,-2,92.21,0
314.0,73.67,-2,-2,92.21,0
313.14,72.82,-2,-2,92.21,0
312.43,72.11,-2,-2,92.21,0
312.1,71.77,-2,-2,92.21,0
311.47,71.15,-2,-2,92.21,0
310.74,70.42,-2,-2,92.21,0
309.97,69.65,-2,-2,92.21,0
309.4,69.07,-2,-2,92.21,0
309.0,68.67,-2,-2,92.21,0
308.28,67.95,-2,-2,92.21,0
307.54,67.21,-2,-2,92.21,0
307.18,66.85,-2,-2,92.21,0
306.51,66.19,-2,-2,92.21,0
305.91,65.59,-2,-2,92.21,0
305.05,64.72,-2,-2,92.21,0
304.63,64.3,-2,-2,92.21,0
303.83,63.51,-2,-2,92.21,0
303.35,63.03,-2,-2,92.21,0
302.78,62.45,-2,-2,92.21,0
301.9,61.58,-2,-2,92.21,0
301.25,60.93,-2,-2,92.21,0
300.49,60.17,-2,-2,92.21,0
299.88,59.55,-2,-2,92.21,0
299.15,58.83,-2,-2,92.21,0
298.37,58.05,-2,-2,92.21,0
297.77,57.45,-2,-2,92.21,0
297.12,56.79,-2,-2,92.21,0
296.47,56.14,-2,-2,92.21,0
295.8,55.48,-2,-2,92.21,0
295.11,54.79,-2,-2,92.21,0
294.51,54.19,-2,-2,92.21,0
294.12,53.79,-2,-2,92.21,0
293.51,53.19,-2,-2,92.21,0
292.58,52.26,-2,-2,92.21,0
291.92,51.6,-2,-2,92.21,0
291.25,50.93,-2,-2,92.21,0
290.57,50.25,-2,-2,92.21,0
290.18,49.85,-2,-2,92.21,0
289.3,48.97,-2,-2,90.37,2
288.81,48.48,-2,-2,89.35,2
287.96,47.63,-2,-2,87.57,2
287.38,47.05,-2,-2,86.37,2
286.71,46.39,-2,-2,84.98,2
286.05,45.73,-2,-2,83.6,2
285.72,45.39,-2,-2,82.91,2
285.1,44.78,-2,-2,81.62,2
284.58,44.26,-2,-2,80.55,2
283.75,43.43,-2,-2,78.82,2
283.19,42.87,-2,-2,77.65,2
282.61,42.28,-2,-2,76.43,2
282.27,41.95,-2,-2,75.74,2
281.66,41.33,-2,-2,74.45,2
281.04,40.72,-2,-2,73.17,2
280.52,40.2,-2,-2,72.09,2
279.77,39.44,-2,-2,70.52,2
279.18,38.85,-2,-2,69.29,2
278.48,38.16,-2,-2,67.84,2
278.13,37.81,-2,-2,67.11,2
277.53,37.2,-2,-2,65.85,2
277.01,36.68,-2,-2,64.76,2
276.22,35.89,-2,-2,63.12,2
275.6,35.27,-2,-2,61.82,2
274.9,34.58,-2,-2,60.38,2
274.53,34.21,-2,-2,59.61,2
273.72,33.39,-2,-2,57.91,2
273.1,32.78,-2,-2,56.63,2
272.41,32.08,-2,-2,55.19,2
272.0,31.68,-2,-2,54.33,2
271.27,30.95,-2,-2,52.82,2
270.41,30.08,-2,-2,51.01,2
269.66,29.34,-2,-2,49.46,2
269.3,28.98,-2,-2,48.71,2
268.45,28.13,-2,-2,46.95,2
267.81,27.48,-2,-2,45.6,2
267.12,26.79,-2,-2,44.16,2
266.51,26.19,-2,-2,42.9,2
265.79,25.46,-2,-2,41.39,2
265.16,24.84,-2,-2,40.09,2
264.38,24.06,-2,-2,38.46,2
263.8,23.47,-2,-2,37.24,2
263.14,22.82,-2,-2,35.88,2
262.53,22.21,-2,-2,34.6,2
262.08,21.76,-2,-2,33.67,2
261.21,20.89,-2,-2,31.86,2
260.79,20.46,-2,-2,30.98,2
259.9,19.58,-2,-2,29.12,2
259.45,19.13,-2,-2,28.19,2
258.57,18.25,-2,-2,26.36,2
258.04,17.71,-2,-2,25.24,2
257.46,17.14,-2,-2,24.04,2
256.78,16.45,-2,-2,22.62,2
256.24,15.91,-2,-2,21.49,2
255.58,15.25,-2,-2,20.12,2
254.7,14.38,-2,-2,18.3,2
254.35,14.02,-2,-2,17.56,2
253.45,13.12,-2,-2,15.68,2
253.08,12.75,-2,-2,14.91,2
252.47,12.14,-2,-2,13.64,2
251.59,11.27,-2,-2,11.82,2
251.23,10.91,-2,-2,11.07,2
250.35,10.03,-2,-2,9.23,2
249.7,9.38,-2,-2,7.88,2
249.14,8.81,-2,-2,6.7,2
248.78,8.45,-2,-2,5.95,2
248.16,7.83,-2,-2,4.66,2
247.32,7.0,-2,-2,2.92,2
246.98,6.65,-2,-2,2.2,2
246.0,5.67,-2,-2,0.16,2
245.66,5.34,-2,-2,-0.54,2
244.7,4.38,-2,-2,-2.54,2
244.36,4.04,-2,-2,-3.25,2
243.45,3.13,-2,-2,-5.14,2
242.8,2.47,-2,-2,-6.51,2
242.1,1.78,-2,-2,-7.96,2
241.7,1.38,-2,-2,-8.79,2
241.21,0.88,-2,-2,-9.82,2
240.57,0.24,-2,-2,-11.15,2
239.94,-0.38,-2,-2,-12.45,2
239.47,-0.85,-2,-2,-13.43,2
238.8,-1.53,-2,-2,-14.84,2
237.93,-2.39,-2,-2,-16.64,2
237.33,-2.99,-2,-2,-17.9,2
236.72,-3.61,-2,-2,-19.17,2
235.69,-4.64,-2,-2,-21.32,2
235.06,-5.26,-2,-2,-22.62,2
234.46,-5.87,-2,-2,-23.88,2
233.4,-6.93,-2,-2,-26.09,2
232.72,-7.61,-2,-2,-27.51,2
232.15,-8.18,-2,-2,-28.7,2
231.54,-8.78,-2,-2,-29.96,2
230.9,-9.42,-2,-2,-31.29,2
230.19,-10.14,-2,-2,-32.77,2
229.59,-10.74,-2,-2,-34.03,2
228.86,-11.47,-2,-2,-35.54,2
227.89,-12.44,-2,-2,-35.54,0
227.17,-13.15,-2,-2,-35.54,0
226.14,-14.18,-2,-2,-35.54,0
225.65,-14.67,-2,-2,-35.54,0
224.96,-15.36,-2,-2,-35.54,0
224.34,-15.98,-2,-2,-35.54,0
223.65,-16.68,-2,-2,-35.54,0
223.04,-17.28,-2,-2,-35.54,0
222.55,-17.77,-2,-2,-35.54,0
222.04,-18.28,-2,-2,-35.54,0
221.58,-18.74,-2,-2,-35.54,0
220.97,-19.35,-2,-2,-35.54,0
220.33,-19.99,-2,-2,-35.54,0
220.01,-20.31,-2,-2,-35.54,0
219.22,-21.1,-2,-2,-35.54,0
218.44,-21.88,-2,-2,-35.54,0
217.83,-22.5,-2,-2,-35.54,0
217.46,-22.86,-2,-2,-35.54,0
216.66,-23.66,-2,-2,-35.54,0
216.18,-24.14,-2,-2,-35.54,0
215.7,-24.63,-2,-2,-35.54,0
214.92,-25.41,-2,-2,-35.54,0
214.62,-25.7,-2,-2,-35.54,0
213.85,-26.47,-2,-2,-35.54,0
213.3,-27.03,-2,-2,-35.54,0
212.81,-27.51,-2,-2,-35.54,0
212.12,-28.2,-2,-2,-35.54,0
211.5,-28.82,-2,-2,-35.54,0
210.71,-29.61,-2,-2,-35.54,0
210.23,-30.09,-2,-2,-35.54,0
209.74,-30.59,-2,-2,-35.54,0
208.89,-31.44,-2,-2,-35.54,0
208.48,-31.84,-2,-2,-35.54,0
208.12,-32.2,-2,-2,-35.54,0
207.39,-32.94,-2,-2,-35.54,0
206.94,-33.38,-2,-2,-35.54,0
206.05,-34.28,-2,-2,-35.54,0
205.62,-34.71,-2,-2,-35.54,0
205.06,-35.26,-2,-2,-35.54,0
204.5,-35.82,-2,-2,-35.54,0
204.02,-36.31,-2,-2,-35.54,0
203.18,-37.14,-2,-2,-35.54,0
202.53,-37.8,-2,-2,-35.54,0
202.11,-38.22,-2,-2,-35.54,0
201.5,-38.82,-2,-2,-35.54,0
200.99,-39.34,-2,-2,-35.54,0
200.65,-39.67,-2,-2,-35.54,0
200.2,-40.13,-2,-2,-35.54,0
199.45,-40.87,-2,-2,-35.54,0
199.0,-41.33,-2,-2,-35.54,0
198.51,-41.81,-2,-2,-35.54,0
197.71,-42.61,-2,-2,-35.54,0
197.23,-43.09,-2,-2,-35.54,0
196.49,-43.83,-2,-2,-35.54,0
195.93,-44.39,-2,-2,-35.54,0
195.21,-45.11,-2,-2,-35.54,0
194.72,-45.6,-2,-2,-35.54,0
194.16,-46.17,-2,-2,-35.54,0
193.29,-47.03,-2,-2,-35.54,0
192.81,-47.51,-2,-2,-35.54,0
192.09,-48.24,-2,-2,-35.54,0
191.6,-48.72,-2,-2,-35.54,0
190.87,-49.46,-2,-2,-35.54,0
190.14,-50.19,-2,-2,-35.54,0
189.65,-50.67,-2,-2,-35.54,0
189.17,-51.16,-2,-2,-35.54,0
188.44,-51.89,-2,-2,-35.54,0
187.69,-52.63,-2,-2,-35.54,0
187.13,-53.19,-2,-2,-35.54,0
186.39,-53.94,-2,-2,-35.54,0
185.15,-55.17,-2,-2,-35.54,0
184.42,-55.9,-2,-2,-35.54,0
183.94,-56.39,-2,-2,-35.54,0
183.1,-57.23,-2,-2,-35.54,0
182.61,-57.71,-2,-2,-35.54,0
181.88,-58.44,-2,-2,-35.54,0
181.35,-58.98,-2,-2,-35.54,0
180.62,-59.7,-2,-2,-35.54,0
179.9,-60.42,-2,-2,-35.54,0
179.18,-61.15,-2,-2,-35.54,0
178.46,-61.87,-2,-2,-35.54,0
178.1,-62.23,-2,-2,-35.54,0
177.36,-62.96,-2,-2,-35.54,0
176.87,-63.45,-2,-2,-35.54,0
175.95,-64.37,-2,-2,-35.54,0
175.28,-65.05,-2,-2,-35.54,0
174.51,-65.81,-2,-2,-35.54,0
173.83,-66.5,-2,-2,-35.54,0
173.22,-67.1,-2,-2,-35.54,0
172.5,-67.83,-2,-2,-35.54,0
171.49,-68.84,-2,-2,-35.54,0
170.69,-69.64,-2,-2,-35.54,0
170.09,-70.24,-2,-2,-35.54,0
169.39,-70.93,-2,-2,-35.54,0
168.44,-71.88,-2,-2,-35.54,0
167.53,-72.79,-2,-2,-35.54,0
166.91,-73.41,-2,-2,-35.54,0
166.06,-74.27,-2,-2,-35.54,0
165.57,-74.75,-2,-2,-35.54,0
164.7,-75.62,-2,-2,-35.54,0
163.97,-76.35,-2,-2,-35.54,0
163.13,-77.19,-2,-2,-35.54,0
162.45,-77.87,-2,-2,-35.54,0
161.53,-78.8,-2,-2,-35.54,0
160.75,-79.57,-2,-2,-35.54,0
160.04,-80.29,-2,-2,-35.54,0
159.18,-81.14,-2,-2,-35.54,0
158.73,-81.59,-2,-2,-35.54,0
158.12,-82.2,-2,-2,-35.54,0
157.16,-83.17,-2,-2,-35.54,0
156.79,-83.54,-2,-2,-35.54,0
155.67,-84.65,-2,-2,-35.54,0
154.73,-85.59,-2,-2,-35.54,0
153.94,-86.38,-2,-2,-35.54,0
153.2,-87.13,-2,-2,-35.54,0
152.57,-87.75,-2,-2,-35.54,0
151.68,-88.64,-2,-2,-35.54,0
151.09,-89.23,-2,-2,-35.54,0
150.12,-90.2,-2,-2,-35.54,0
149.63,-90.69,-2,-2,-35.54,0
148.91,-91.42,-2,-2,-35.54,0
148.28,-92.04,-2,-2,-35.54,0
147.54,-92.78,-2,-2,-35.54,0
147.05,-93.27,-2,-2,-35.54,0
146.42,-93.9,-2,-2,-35.54,0
145.94,-94.39,-2,-2,-35.54,0
145.45,-94.87,-2,-2,-35.54,0
144.97,-95.35,-2,-2,-35.54,0
144.28,-96.05,-2,-2,-35.54,0
143.49,-96.83,-2,-2,-35.54,0
143.01,-97.32,-2,-2,-35.54,0
142.34,-97.98,-2,-2,-35.54,0
141.38,-98.95,-2,-2,-35.54,0
141.05,-99.28,-2,-2,-35.54,0
140.32,-100.0,-2,-2,-35.54,0
139.66,-100.66,-2,-2,-35.54,0
139.08,-101.24,-2,-2,-35.54,0
138.2,-102.12,-2,-2,-35.54,0
137.58,-102.74,-2,-2,-35.54,0
136.77,-103.55,-2,-2,-35.54,0
136.01,-104.32,-2,-2,-35.54,0
135.52,-104.8,-2,-2,-35.54,0
134.63,-105.69,-2,-2,-35.54,0
133.82,-106.51,-2,-2,-35.54,0
133.16,-107.16,-2,-2,-35.54,0
132.5,-107.82,-2,-2,-35.54,0
132.18,-108.14,-2,-2,-35.54,0
131.35,-108.97,-2,-2,-35.54,0
130.59,-109.73,-2,-2,-35.54,0
129.91,-110.42,-2,-2,-35.54,0
129.22,-111.1,-2,-2,-35.54,0
128.29,-112.03,-2,-2,-35.54,0
127.66,-112.66,-2,-2,-35.54,0
127.02,-113.31,-2,-2,-35.54,0
126.41,-113.91,-2,-2,-35.54,0
125.79,-114.53,-2,-2,-35.54,0
125.43,-114.9,-2,-2,-35.54,0
124.88,-115.45,-2,-2,-35.54,0
124.27,-116.06,-2,-2,-35.54,0
123.35,-116.98,-2,-2,-35.54,0
122.87,-117.46,-2,-2,-35.54,0
122.15,-118.17,-2,-2,-35.54,0
121.77,-118.56,-2,-2,-35.54,0
121.29,-119.04,-2,-2,-35.54,0
120.57,-119.76,-2,-2,-35.54,0
119.95,-120.37,-2,-2,-35.54,0
119.29,-121.03,-2,-2,-35.54,0
118.87,-121.45,-2,-2,-35.54,0
118.12,-122.2,-2,-2,-35.54,0
117.72,-122.6,-2,-2,-35.54,0
117.07,-123.25,-2,-2,-35.54,0
116.44,-123.89,-2,-2,-35.54,0
115.59,-124.73,-2,-2,-35.54,0
114.99,-125.33,-2,-2,-35.54,0
114.39,-125.94,-2,-2,-35.54,0
113.66,-126.67,-2,-2,-35.54,0
113.05,-127.28,-2,-2,-35.54,0
112.36,-127.97,-2,-2,-35.54,0
111.7,-128.63,-2,-2,-35.54,0
110.85,-129.47,-2,-2,-35.54,0
110.36,-129.96,-2,-2,-35.54,0
109.68,-130.64,-2,-2,-35.54,0
109.07,-131.25,-2,-2,-35.54,0
108.69,-131.63,-2,-2,-35.54,0
107.95,-132.38,-2,-2,-35.54,0
107.34,-132.98,-2,-2,-35.54,0
106.73,-133.59,-2,-2,-35.54,0
106.13,-134.19,-2,-2,-35.54,0
105.52,-134.81,-2,-2,-35.54,0
104.91,-135.42,-2,-2,-35.54,0
104.2,-136.12,-2,-2,-35.54,0
103.3,-137.03,-2,-2,-35.54,0
102.68,-137.64,-2,-2,-35.54,0
101.79,-138.54,-2,-2,-35.54,0
101.06,-139.26,-2,-2,-35.54,0
100.54,-139.78,-2,-2,-35.54,0
99.77,-140.55,-2,-2,-35.54,0
99.11,-141.22,-2,-2,-35.54,0
98.35,-141.97,-2,-2,-35.54,0
97.99,-142.33,-2,-2,-35.54,0
97.14,-143.19,-2,-2,-35.54,0
96.73,-143.59,-2,-2,-35.54,0
96.02,-144.3,-2,-2,-35.54,0
95.3,-145.03,-2,-2,-35.54,0
94.59,-145.73,-2,-2,-35.54,0
93.95,-146.37,-2,-2,-35.54,0
93.56,-146.76,-2,-2,-35.54,0
92.84,-147.49,-2,-2,-35.54,0
92.42,-147.91,-2,-2,-35.54,0
91.93,-148.4,-2,-2,-35.54,0
91.42,-148.9,-2,-2,-35.54,0
90.68,-149.64,-2,-2,-35.54,0
90.18,-150.14,-2,-2,-35.54,0
89.45,-150.88,-2,-2,-35.54,0
89.1,-151.23,-2,-2,-35.54,0
88.47,-151.86,-2,-2,-35.54,0
87.82,-152.5,-2,-2,-35.54,0
87.16,-153.17,-2,-2,-35.54,0
86.71,-153.61,-2,-2,-35.54,0
86.04,-154.29,-2,-2,-35.54,0
85.43,-154.89,-2,-2,-35.54,0
84.89,-155.43,-2,-2,-35.54,0
84.04,-156.28,-2,-2,-35.54,0
83.73,-156.6,-2,-2,-35.54,0
83.11,-157.22,-2,-2,-35.54,0
82.47,-157.86,-2,-2,-35.54,0
81.71,-158.62,-2,-2,-35.54,0
81.2,-159.13,-2,-2,-35.54,0
80.71,-159.62,-2,-2,-35.54,0
80.21,-160.12,-2,-2,-35.54,0
79.59,-160.74,-2,-2,-35.54,0
79.12,-161.21,-2,-2,-35.54,0
78.57,-161.75,-2,-2,-35.54,0
77.71,-162.62,-2,-2,-35.54,0
77.25,-163.08,-2,-2,-35.54,0
76.87,-163.45,-2,-2,-35.54,0
76.39,-163.93,-2,-2,-35.54,0
75.91,-164.41,-2,-2,-35.54,0
75.31,-165.02,-2,-2,-35.54,0
74.6,-165.73,-2,-2,-35.54,0
74.12,-166.21,-2,-2,-35.54,0
73.49,-166.83,-2,-2,-35.54,0
72.77,-167.56,-2,-2,-35.54,0
72.04,-168.28,-2,-2,-35.54,0
71.36,-168.96,-2,-2,-35.54,0
71.03,-169.29,-2,-2,-35.54,0
70.43,-169.9,-2,-2,-35.54,0
69.87,-170.46,-2,-2,-35.54,0
69.33,-171.0,-2,-2,-35.54,0
68.85,-171.47,-2,-2,-35.54,0
68.38,-171.94,-2,-2,-35.54,0
67.51,-172.82,-2,-2,-35.54,0
67.04,-173.29,-2,-2,-35.54,0
66.3,-174.02,-2,-2,-35.54,0
65.9,-174.43,-2,-2,-35.54,0
65.41,-174.92,-2,-2,-35.54,0
64.79,-175.53,-2,-2,-35.54,0
64.27,-176.05,-2,-2,-35.54,0
63.45,-176.88,-2,-2,-35.54,0
63.08,-177.25,-2,-2,-35.54,0
62.28,-178.04,-2,-2,-35.54,0
61.61,-178.72,-2,-2,-35.54,0
61.25,-179.08,-2,-2,-35.54,0
60.7,-179.62,-2,-2,-35.54,0
60.22,-180.11,-2,-2,-35.54,0
59.39,-180.93,-2,-2,-35.54,0
59.02,-181.31,-2,-2,-35.54,0
58.27,-182.05,-2,-2,-35.54,0
57.57,-182.75,-2,-2,-35.54,0
57.17,-183.16,-2,-2,-35.54,0
56.68,-183.65,-2,-2,-35.54,0
56.15,-184.17,-2,-2,-35.54,0
55.45,-184.88,-2,-2,-35.54,0
54.67,-185.66,-2,-2,-35.54,0
54.31,-186.01,-2,-2,-35.54,0
53.76,-186.57,-2,-2,-35.54,0
53.24,-187.09,-2,-2,-35.54,0
52.74,-187.59,-2,-2,-35.54,0
52.11,-188.21,-2,-2,-35.54,0
51.39,-188.93,-2,-2,-35.54,0
50.76,-189.57,-2,-2,-35.54,0
50.33,-189.99,-2,-2,-35.54,0
49.61,-190.72,-2,-2,-35.54,0
48.99,-191.34,-2,-2,-35.54,0
48.59,-191.74,-2,-2,-35.54,0
47.57,-192.75,-2,-2,-35.54,0
46.96,-193.36,-2,-2,-35.54,0
46.65,-193.67,-2,-2,-35.54,0
46.05,-194.28,-2,-2,-35.54,0
45.32,-195.0,-2,-2,-35.54,0
44.65,-195.67,-2,-2,-35.54,0
44.33,-195.99,-2,-2,-35.54,0
43.61,-196.71,-2,-2,-35.54,0
42.99,-197.33,-2,-2,-35.54,0
42.63,-197.69,-2,-2,-35.54,0
41.91,-198.42,-2,-2,-35.54,0
41.56,-198.77,-2,-2,-35.54,0
40.81,-199.52,-2,-2,-35.54,0
40.13,-200.19,-2,-2,-35.54,0
39.5,-200.83,-2,-2,-35.54,0
38.89,-201.43,-2,-2,-35.54,0
38.53,-201.79,-2,-2,-35.54,0
37.89,-202.43,-2,-2,-35.54,0
37.42,-202.9,-2,-2,-35.54,0
36.72,-203.61,-2,-2,-35.54,0
36.1,-204.23,-2,-2,-35.54,0
34.88,-205.44,-2,-2,-35.54,0
34.1,-206.22,-2,-2,-35.54,0
33.5,-206.83,-2,-2,-35.54,0
32.76,-207.57,-2,-2,-35.54,0
31.97,-208.36,-2,-2,-35.54,0
31.24,-209.09,-2,-2,-35.54,0
30.51,-209.82,-2,-2,-35.54,0
30.01,-210.31,-2,-2,-35.54,0
29.28,-211.04,-2,-2,-35.54,0
28.78,-211.54,-2,-2,-35.54,0
28.29,-212.03,-2,-2,-35.54,0
27.8,-212.53,-2,-2,-35.54,0
27.08,-213.25,-2,-2,-35.54,0
26.26,-214.06,-2,-2,-35.54,0
25.78,-214.54,-2,-2,-35.54,0
25.05,-215.27,-2,-2,-35.54,0
24.49,-215.83,-2,-2,-35.54,0
23.96,-216.36,-2,-2,-35.54,0
23.35,-216.97,-2,-2,-35.54,0
22.74,-217.59,-2,-2,-35.54,0
22.15,-218.17,-2,-2,-35.54,0
21.37,-218.95,-2,-2,-35.54,0
20.87,-219.46,-2,-2,-35.54,0
20.47,-219.85,-2,-2,-35.54,0
20.0,-220.33,-2,-2,-35.54,0
19.11,-221.21,-2,-2,-35.54,0
18.63,-221.69,-2,-2,-35.54,0
18.14,-222.18,-2,-2,-35.54,0
17.36,-222.96,-2,-2,-35.54,0
17.06,-223.26,-2,-2,-35.54,0
16.29,-224.03,-2,-2,-35.54,0
15.56,-224.76,-2,-2,-35.54,0
14.84,-225.49,-2,-2,-35.54,0
14.31,-226.02,-2,-2,-35.54,0
13.82,-226.5,-2,-2,-35.54,0
12.98,-227.35,-2,-2,-35.54,0
12.61,-227.72,-2,-2,-35.54,0
12.12,-228.2,-2,-2,-35.54,0
11.56,-228.77,-2,-2,-35.54,0
10.71,-229.62,-2,-2,-35.54,0
10.22,-230.1,-2,-2,-35.54,0
9.74,-230.59,-2,-2,-35.54,0
9.24,-231.09,-2,-2,-35.54,0
8.51,-231.82,-2,-2,-35.54,0
7.78,-232.54,-2,-2,-35.54,0
7.02,-233.3,-2,-2,-35.54,0
6.54,-233.79,-2,-2,-35.54,0
5.8,-234.53,-2,-2,-35.54,0
5.28,-235.04,-2,-2,-35.54,0
4.77,-235.55,-2,-2,-35.54,0
3.98,-236.34,-2,-2,-35.54,0
3.23,-237.09,-2,-2,-35.54,0
2.45,-237.88,-2,-2,-35.54,0
1.96,-238.36,-2,-2,-35.54,0
1.46,-238.87,-2,-2,-35.54,0
0.9,-239.43,-2,-2,-35.54,0
0.17,-240.15,-2,-2,-35.54,0
-0.55,-240.88,-2,-2,-35.54,0
-1.1,-241.43,-2,-2,-35.54,0
-1.83,-242.16,-2,-2,-35.54,0
-2.32,-242.64,-2,-2,-35.54,0
-2.81,-243.14,-2,-2,-35.54,0
-3.32,-243.64,-2,-2,-35.54,0
-4.05,-244.38,-2,-2,-35.54,0
-4.7,-245.02,-2,-2,-35.54,0
-5.11,-245.44,-2,-2,-35.54,0
-5.73,-246.06,-2,-2,-35.54,0
-6.34,-246.66,-2,-2,-35.54,0
-6.7,-247.03,-2,-2,-35.54,0
-7.52,-247.84,-2,-2,-35.54,0
-8.1,-248.42,-2,-2,-35.54,0
-8.73,-249.06,-2,-2,-35.54,0
-9.52,-249.85,-2,-2,-35.54,0
-10.29,-250.61,-2,-2,-35.54,0
-10.98,-251.31,-2,-2,-35.54,0
-11.53,-251.85,-2,-2,-35.54,0
-12.23,-252.56,-2,-2,-35.54,0
-12.72,-253.04,-2,-2,-35.54,0
-13.32,-253.64,-2,-2,-35.54,0
-13.92,-254.25,-2,-2,-35.54,0
-14.65,-254.98,-2,-2,-35.54,0
-15.38,-255.71,-2,-2,-35.54,0
-16.16,-256.48,-2,-2,-35.54,0
-16.89,-257.21,-2,-2,-35.54,0
-17.42,-257.75,-2,-2,-35.54,0
-18.14,-258.47,-2,-2,-35.54,0
-18.79,-259.12,-2,-2,-35.54,0
-19.76,-260.09,-2,-2,-35.54,0
-20.43,-260.76,-2,-2,-35.54,0
-20.98,-261.3,-2,-2,-35.54,0
-21.75,-262.07,-2,-2,-35.54,0
-22.23,-262.56,-2,-2,-35.54,0
-22.96,-263.28,-2,-2,-35.54,0
-23.44,-263.77,-2,-2,-35.54,0
-24.28,-264.61,-2,-2,-35.54,0
-24.89,-265.22,-2,-2,-35.54,0
-25.65,-265.97,-2,-2,-35.54,0
-26.13,-266.46,-2,-2,-35.54,0
-26.65,-266.97,-2,-2,-35.54,0
-27.16,-267.48,-2,-2,-35.54,0
-27.79,-268.11,-2,-2,-35.54,0
-28.85,-269.17,-2,-2,-35.54,0
-29.34,-269.67,-2,-2,-35.54,0
-30.1,-270.43,-2,-2,-35.54,0
-30.94,-271.27,-2,-2,-35.54,0
-31.59,-271.91,-2,-2,-35.54,0
-32.22,-272.54,-2,-2,-35.54,0
-32.84,-273.17,-2,-2,-35.54,0
-33.61,-273.93,-2,-2,-35.54,0
-34.35,-274.68,-2,-2,-35.54,0
-34.98,-275.31,-2,-2,-35.54,0
-35.69,-276.01,-2,-2,-35.54,0
-36.39,-276.72,-2,-2,-35.54,0
-37.27,-277.6,-2,-2,-35.54,0
-37.76,-278.08,-2,-2,-35.54,0
-38.27,-278.59,-2,-2,-35.54,0
-39.05,-279.37,-2,-2,-35.54,0
-39.58,-279.9,-2,-2,-35.54,0
-40.31,-280.63,-2,-2,-35.54,0
-41.09,-281.42,-2,-2,-35.54,0
-41.7,-282.02,-2,-2,-35.54,0
-42.06,-282.39,-2,-2,-35.54,0
-42.79,-283.12,-2,-2,-35.54,0
-43.39,-283.72,-2,-2,-35.54,0
-43.85,-284.18,-2,-2,-35.54,0
-44.82,-285.14,-2,-2,-35.54,0
-45.42,-285.75,-2,-2,-35.54,0
-46.06,-286.39,-2,-2,-35.54,0
-46.72,-287.04,-2,-2,-35.54,0
-47.12,-287.45,-2,-2,-35.54,0
-47.73,-288.05,-2,-2,-35.54,0
-48.49,-288.81,-2,-2,-35.54,0
-48.83,-289.15,-2,-2,-35.54,0
-49.57,-289.9,-2,-2,-35.54,0
-49.94,-290.26,-2,-2,-35.54,0
-50.8,-289.13,-2,2,-35.54,0
-51.2,-288.74,-2,2,-35.54,0
-51.97,-287.97,-2,2,-35.54,0
-52.71,-287.23,-2,2,-35.54,0
-53.35,-286.59,-2,2,-35.54,0
-54.2,-285.74,-2,2,-35.54,0
-54.87,-285.07,-2,2,-35.54,0
-55.47,-284.46,-2,2,-35.54,0
-56.05,-283.88,-2,2,-35.54,0
-56.64,-283.29,-2,2,-35.54,0
-57.34,-282.59,-2,2,-35.54,0
-57.95,-281.99,-2,2,-35.54,0
-58.55,-281.39,-2,2,-35.54,0
-59.17,-280.77,-2,2,-35.54,0
-59.89,-280.04,-2,2,-35.54,0
-60.69,-279.24,-2,2,-35.54,0
-61.3,-278.63,-2,2,-35.54,0
-61.88,-278.06,-2,2,-35.54,0
-62.57,-277.37,-2,2,-35.54,0
-63.2,-276.74,-2,2,-35.54,0
-63.93,-276.0,-2,2,-35.54,0
-64.67,-275.26,-2,2,-35.54,0
-65.08,-274.85,-2,2,-35.54,0
-66.09,-273.85,-2,2,-35.54,0
-66.73,-273.2,-2,2,-35.54,0
-67.36,-272.57,-2,2,-35.54,0
-68.04,-271.89,-2,2,-35.54,0
-68.78,-271.16,-2,2,-35.54,0
-69.62,-270.31,-2,2,-35.54,0
-70.43,-269.51,-2,2,-35.54,0
-70.82,-269.12,-2,2,-35.54,0
-71.8,-268.13,-2,2,-35.54,0
-72.17,-267.76,-2,2,-35.54,0
-73.15,-266.79,-2,2,-35.54,0
-73.93,-266.0,-2,2,-35.54,0
-74.62,-265.31,-2,2,-35.54,0
-75.29,-264.65,-2,2,-35.54,0
-75.93,-264.0,-2,2,-35.54,0
-76.65,-263.28,-2,2,-35.54,0
-77.43,-262.5,-2,2,-35.54,0
-77.8,-262.13,-2,2,-35.54,0
-78.67,-261.26,-2,2,-35.54,0
-79.07,-260.87,-2,2,-35.54,0
-79.79,-260.14,-2,2,-35.54,0
-80.6,-259.34,-2,2,-35.54,0
-81.08,-258.86,-2,2,-35.54,0
-81.59,-258.35,-2,2,-35.54,0
-82.47,-257.46,-2,2,-35.54,0
-82.87,-257.06,-2,2,-35.54,0
-83.46,-256.48,-2,2,-35.54,0
-84.42,-255.52,-2,2,-35.54,0
-85.14,-254.8,-2,2,-35.54,0
-85.54,-254.4,-2,2,-35.54,0
-86.39,-253.54,-2,2,-35.54,0
-87.51,-252.42,-2,2,-35.54,0
-88.61,-251.33,-2,2,-35.54,0
-88.92,-251.01,-2,2,-35.54,0
-89.65,-250.28,-2,2,-35.54,0
-90.15,-249.79,-2,2,-35.54,0
-90.63,-249.31,-2,2,-35.54,0
-91.27,-248.66,-2,2,-35.54,0
-91.62,-248.31,-2,2,-35.54,0
-92.48,-247.46,-2,2,-35.54,0
-92.97,-246.97,-2,2,-35.54,0
-93.69,-246.25,-2,2,-35.54,0
-94.44,-245.5,-2,2,-35.54,0
-95.04,-244.9,-2,2,-35.54,0
-95.65,-244.29,-2,2,-35.54,0
-96.24,-243.7,-2,2,-35.54,0
-96.84,-243.1,-2,2,-35.54,0
-97.17,-242.77,-2,2,-35.54,0
-97.96,-241.98,-2,2,-35.54,0
-98.59,-241.34,-2,2,-35.54,0
-99.0,-240.94,-2,2,-35.54,0
-99.86,-240.07,-2,2,-35.54,0
-100.66,-239.27,-2,2,-35.54,0
-100.98,-238.96,-2,2,-35.54,0
-101.71,-238.23,-2,2,-35.54,0
-102.35,-237.58,-2,2,-35.54,0
-102.99,-236.95,-2,2,-35.54,0
-103.39,-236.54,-2,2,-35.54,0
-103.88,-236.06,-2,2,-35.54,0
-104.43,-235.5,-2,2,-35.54,0
-105.16,-234.78,-2,2,-35.54,0
-105.91,-234.02,-2,2,-35.54,0
-106.34,-233.6,-2,2,-35.54,0
-107.01,-232.93,-2,2,-35.54,0
-107.61,-232.32,-2,2,-35.54,0
-108.21,-231.72,-2,2,-35.54,0
-108.88,-231.06,-2,2,-35.54,0
-109.48,-230.46,-2,2,-35.54,0
-110.33,-229.6,-2,2,-35.54,0
-110.67,-229.26,-2,2,-35.54,0
-111.23,-228.71,-2,2,-35.54,0
-111.99,-227.95,-2,2,-35.54,0
-112.59,-227.35,-2,2,-35.54,0
-113.26,-226.68,-2,2,-35.54,0
-113.92,-226.02,-2,2,-35.54,0
-114.26,-225.67,-2,2,-35.54,0
-115.11,-224.82,-2,2,-35.54,0
-115.51,-224.42,-2,2,-35.54,0
-116.2,-223.74,-2,2,-35.54,0
-116.87,-223.06,-2,2,-35.54,0
-117.46,-222.47,-2,2,-35.54,0
-118.28,-221.65,-2,2,-35.54,0
-118.92,-221.02,-2,2,-35.54,0
-119.56,-220.37,-2,2,-35.54,0
-120.17,-219.77,-2,2,-35.54,0
-120.84,-219.09,-2,2,-35.54,0
-121.17,-218.77,-2,2,-35.54,0
-121.96,-217.98,-2,2,-35.54,0
-122.48,-217.46,-2,2,-35.54,0
-123.23,-216.71,-2,2,-35.54,0
-123.89,-216.04,-2,2,-35.54,0
-124.48,-215.45,-2,2,-35.54,0
-125.32,-214.61,-2,2,-35.54,0
-125.7,-214.24,-2,2,-35.54,0
-126.37,-213.56,-2,2,-35.54,0
-126.97,-212.96,-2,2,-35.54,0
-127.79,-212.14,-2,2,-35.54,0
-128.37,-211.56,-2,2,-35.54,0
-128.7,-211.23,-2,2,-35.54,0
-129.31,-210.63,-2,2,-35.54,0
-129.94,-209.99,-2,2,-35.54,0
-130.67,-209.27,-2,2,-35.54,0
-131.15,-208.79,-2,2,-35.54,0
-132.0,-207.94,-2,2,-35.54,0
-132.81,-207.13,-2,2,-35.54,0
-133.47,-206.46,-2,2,-35.54,0
-133.87,-206.06,-2,2,-35.54,0
-134.7,-205.23,-2,2,-35.54,0
-135.3,-204.63,-2,2,-35.54,0
-136.22,-203.72,-2,2,-35.54,0
-136.59,-203.35,-2,2,-35.54,0
-137.37,-202.57,-2,2,-35.54,0
-137.73,-202.2,-2,2,-35.54,0
-138.33,-201.61,-2,2,-35.54,0
-139.27,-200.67,-2,2,-35.54,0
-139.93,-200.01,-2,2,-35.54,0
-140.7,-199.24,-2,2,-35.54,0
-141.06,-198.88,-2,2,-35.54,0
-141.91,-198.03,-2,2,-35.54,0
-142.47,-197.46,-2,2,-35.54,0
-143.08,-196.86,-2,2,-35.54,0
-143.67,-196.26,-2,2,-35.54,0
-144.45,-195.49,-2,2,-35.54,0
-144.94,-195.0,-2,2,-35.54,0
-145.71,-194.22,-2,2,-35.54,0
-146.04,-193.9,-2,2,-35.54,0
-146.78,-193.16,-2,2,-35.54,0
-147.17,-192.77,-2,2,-35.54,0
-147.77,-192.16,-2,2,-35.54,0
-148.72,-191.21,-2,2,-35.54,0
-149.52,-190.42,-2,2,-35.54,0
-150.14,-189.8,-2,2,-35.54,0
-150.56,-189.38,-2,2,-35.54,0
-151.06,-188.88,-2,2,-35.54,0
-151.58,-188.36,-2,2,-35.54,0
-152.35,-187.58,-2,2,-35.54,0
-153.32,-186.62,-2,2,-35.54,0
-153.67,-186.27,-2,2,-35.54,0
-154.37,-185.56,-2,2,-35.54,0
-155.1,-184.84,-2,2,-35.54,0
-155.7,-184.23,-2,2,-35.54,0
-156.47,-183.47,-2,2,-35.54,0
-157.13,-182.8,-2,2,-35.54,0
-157.73,-182.2,-2,2,-35.54,0
-158.06,-181.87,-2,2,-35.54,0
-158.62,-181.31,-2,2,-35.54,0
-159.49,-180.44,-2,2,-35.54,0
-159.98,-179.96,-2,2,-35.54,0
-160.75,-179.18,-2,2,-35.54,0
-161.32,-178.62,-2,2,-35.54,0
-162.13,-177.8,-2,2,-35.54,0
-162.9,-177.04,-2,2,-35.54,0
-163.4,-176.54,-2,2,-35.54,0
-164.12,-175.82,-2,2,-35.54,0
-164.97,-174.97,-2,2,-35.54,0
-165.57,-174.36,-2,2,-35.54,0
-166.38,-173.56,-2,2,-35.54,0
-166.86,-173.07,-2,2,-35.54,0
-167.47,-172.46,-2,2,-35.54,0
-168.14,-171.8,-2,2,-35.54,0
-168.75,-171.18,-2,2,-35.54,0
-169.25,-170.68,-2,2,-35.54,0
-169.98,-169.95,-2,2,-35.54,0
-170.48,-169.46,-2,2,-35.54,0
-170.97,-168.97,-2,2,-35.54,0
-171.46,-168.47,-2,2,-35.54,0
-171.95,-167.99,-2,2,-35.54,0
-172.98,-166.96,-2,2,-35.54,0
-173.7,-166.23,-2,2,-35.54,0
-174.45,-165.49,-2,2,-35.54,0
-174.81,-165.12,-2,2,-35.54,0
-175.43,-164.5,-2,2,-35.54,0
-176.31,-163.63,-2,2,-35.54,0
-176.79,-163.15,-2,2,-35.54,0
-177.64,-162.29,-2,2,-35.54,0
-178.03,-161.9,-2,2,-35.54,0
-178.66,-161.28,-2,2,-35.54,0
-179.53,-160.4,-2,2,-35.54,0
-179.89,-160.04,-2,2,-35.54,0
-180.71,-159.22,-2,2,-35.54,0
-181.31,-158.63,-2,2,-35.54,0
-181.62,-158.31,-2,2,-35.54,0
-182.21,-157.73,-2,2,-35.54,0
-182.83,-157.1,-2,2,-35.54,0
-183.22,-156.71,-2,2,-35.54,0
-183.86,-156.08,-2,2,-35.54,0
-184.78,-155.16,-2,2,-35.54,0
-185.26,-154.67,-2,2,-35.54,0
-185.64,-154.29,-2,2,-35.54,0
-186.16,-153.77,-2,2,-35.54,0
-186.77,-153.17,-2,2,-35.54,0
-187.63,-152.3,-2,2,-35.54,0
-188.19,-151.75,-2,2,-35.54,0
-188.86,-151.07,-2,2,-35.54,0
-189.22,-150.71,-2,2,-35.54,0
-189.97,-149.97,-2,2,-35.54,0
-190.57,-149.36,-2,2,-35.54,0
-190.94,-149.0,-2,2,-35.54,0
-191.67,-148.27,-2,2,-35.54,0
-192.39,-147.54,-2,2,-35.54,0
-192.9,-147.04,-2,2,-35.54,0
-193.64,-146.29,-2,2,-35.54,0
-194.21,-145.73,-2,2,-35.54,0
-194.62,-145.32,-2,2,-35.54,0
-195.53,-144.41,-2,2,-35.54,0
-195.92,-144.01,-2,2,-35.54,0
-196.52,-143.42,-2,2,-35.54,0
-197.32,-142.62,-2,2,-35.54,0
-197.95,-141.98,-2,2,-35.54,0
-198.39,-141.55,-2,2,-35.54,0
-198.97,-140.97,-2,2,-35.54,0
-199.5,-140.43,-2,2,-35.54,0
-200.46,-139.48,-2,2,-35.54,0
-201.26,-138.67,-2,2,-35.54,0
-201.86,-138.07,-2,2,-35.54,0
-202.33,-137.6,-2,2,-35.54,0
-203.07,-136.86,-2,2,-35.54,0
-203.81,-136.13,-2,2,-35.54,0
-204.49,-135.45,-2,2,-35.54,0
-205.09,-134.84,-2,2,-35.54,0
-205.58,-134.36,-2,2,-35.54,0
-206.09,-133.85,-2,2,-35.54,0
-206.6,-133.33,-2,2,-35.54,0
-207.35,-132.59,-2,2,-35.54,0
-207.96,-131.97,-2,2,-35.54,0
-208.44,-131.49,-2,2,-35.54,0
-209.19,-130.75,-2,2,-35.54,0
-209.8,-130.13,-2,2,-35.54,0
-210.41,-129.53,-2,2,-35.54,0
-210.89,-129.04,-2,2,-35.54,0
-211.63,-128.3,-2,2,-35.54,0
-212.23,-127.7,-2,2,-35.54,0
-212.84,-127.09,-2,2,-35.54,0
-213.39,-126.55,-2,2,-35.54,0
-214.13,-125.81,-2,2,-35.54,0
-214.91,-125.03,-2,2,-35.54,0
-215.39,-124.54,-2,2,-35.54,0
-216.13,-123.81,-2,2,-35.54,0
-216.69,-123.24,-2,2,-35.54,0
-217.2,-122.74,-2,2,-35.54,0
-217.69,-122.24,-2,2,-35.54,0
-218.5,-121.43,-2,2,-35.54,0
-218.87,-121.07,-2,2,-35.54,0
-219.36,-120.58,-2,2,-35.54,0
-219.88,-120.05,-2,2,-35.54,0
-220.75,-119.19,-2,2,-35.54,0
-221.3,-118.63,-2,2,-35.54,0
-222.07,-117.87,-2,2,-35.54,0
-222.79,-117.14,-2,2,-35.54,0
-223.2,-116.73,-2,2,-35.54,0
-223.97,-115.96,-2,2,-35.54,0
-224.47,-115.47,-2,2,-35.54,0
-225.44,-114.5,-2,2,-35.54,0
-225.86,-114.08,-2,2,-35.54,0
-226.49,-113.45,-2,2,-35.54,0
-227.35,-112.59,-2,2,-35.54,0
-227.71,-112.23,-2,2,-35.54,0
-228.49,-111.44,-2,2,-35.54,0
-229.15,-110.79,-2,2,-35.54,0
-229.65,-110.29,-2,2,-35.54,0
-230.13,-109.8,-2,2,-35.54,0
-230.87,-109.06,-2,2,-35.54,0
-231.47,-108.47,-2,2,-35.54,0
-232.45,-107.49,-2,2,-35.54,0
-232.93,-107.01,-2,2,-35.54,0
-233.65,-106.28,-2,2,-35.54,0
-234.14,-105.79,-2,2,-35.54,0
-234.9,-105.03,-2,2,-35.54,0
-235.24,-104.69,-2,2,-35.54,0
-235.92,-104.02,-2,2,-35.54,0
-236.56,-103.38,-2,2,-35.54,0
-236.91,-103.02,-2,2,-35.54,0
-237.79,-102.15,-2,2,-35.54,0
-238.31,-101.63,-2,2,-35.54,0
-238.95,-100.98,-2,2,-35.54,0
-239.47,-100.46,-2,2,-35.54,0
-240.3,-99.64,-2,2,-35.54,0
-241.12,-98.82,-2,2,-35.54,0
-241.52,-98.41,-2,2,-35.54,0
-242.11,-97.83,-2,2,-35.54,0
-242.61,-97.33,-2,2,-35.54,0
-243.1,-96.84,-2,2,-35.54,0
-243.56,-96.38,-2,2,-35.54,0
-244.36,-95.57,-2,2,-35.54,0
-244.74,-95.19,-2,2,-35.54,0
-245.25,-94.69,-2,2,-35.54,0
-245.85,-94.08,-2,2,-35.54,0
-246.2,-93.74,-2,2,-35.54,0
-246.8,-93.14,-2,2,-35.54,0
-247.55,-92.38,-2,2,-35.54,0
-248.04,-91.9,-2,2,-35.54,0
-248.92,-91.02,-2,2,-35.54,0
-249.52,-90.41,-2,2,-35.54,0
-250.02,-89.92,-2,2,-35.54,0
-250.37,-89.56,-2,2,-35.54,0
-250.9,-89.04,-2,2,-35.54,0
-251.47,-88.47,-2,2,-35.54,0
-252.46,-87.47,-2,2,-35.54,0
-252.86,-87.07,-2,2,-35.54,0
-253.66,-86.28,-2,2,-35.54,0
-254.36,-85.57,-2,2,-35.54,0
-254.75,-85.18,-2,2,-35.54,0
-255.27,-84.67,-2,2,-35.54,0
-255.87,-84.06,-2,2,-35.54,0
-256.57,-83.36,-2,2,-35.54,0
-257.06,-82.88,-2,2,-35.54,0
-257.85,-82.09,-2,2,-35.54,0
-258.5,-81.43,-2,2,-35.54,0
-259.11,-80.82,-2,2,-35.54,0
-259.78,-80.16,-2,2,-35.54,0
-260.42,-79.51,-2,2,-35.54,0
-261.02,-78.92,-2,2,-35.54,0
-261.5,-78.43,-2,2,-35.54,0
-262.12,-77.81,-2,2,-35.54,0
-263.14,-76.8,-2,2,-35.54,0
-263.5,-76.44,-2,2,-35.54,0
-264.38,-75.56,-2,2,-35.54,0
-265.0,-74.93,-2,2,-35.54,0
-265.47,-74.46,-2,2,-35.54,0
-266.35,-73.59,-2,2,-35.54,0
-266.85,-73.09,-2,2,-35.54,0
-267.52,-72.42,-2,2,-35.54,0
-267.9,-72.04,-2,2,-35.54,0
-268.75,-71.19,-2,2,-35.54,0
-269.29,-70.65,-2,2,-35.54,0
-269.67,-70.27,-2,2,-35.54,0
-270.15,-69.78,-2,2,-35.54,0
-270.71,-69.22,-2,2,-35.54,0
-271.22,-68.72,-2,2,-35.54,0
-271.83,-68.11,-2,2,-35.54,0
-272.53,-67.41,-2,2,-35.54,0
-272.93,-67.01,-2,2,-35.54,0
-273.84,-66.1,-2,2,-35.54,0
-274.16,-65.78,-2,2,-35.54,0
-275.03,-64.9,-2,2,-35.54,0
-275.73,-64.21,-2,2,-35.54,0
-276.4,-63.53,-2,2,-35.54,0
-276.69,-63.25,-2,2,-35.54,0
-277.19,-62.74,-2,2,-35.54,0
-278.06,-61.88,-2,2,-35.54,0
-278.38,-61.55,-2,2,-35.54,0
-279.05,-60.89,-2,2,-35.54,0
-279.67,-60.26,-2,2,-35.54,0
-280.18,-59.76,-2,2,-35.54,0
-280.8,-59.13,-2,2,-35.54,0
-281.4,-58.53,-2,2,-35.54,0
-281.84,-58.1,-2,2,-35.54,0
-282.32,-57.61,-2,2,-35.54,0
-282.97,-56.97,-2,2,-35.54,0
-283.33,-56.6,-2,2,-35.54,0
-283.81,-56.12,-2,2,-35.54,0
-284.55,-55.38,-2,2,-35.54,0
-284.87,-55.06,-2,2,-35.54,0
-285.47,-54.47,-2,2,-35.54,0
-286.15,-53.78,-2,2,-35.54,0
-286.63,-53.3,-2,2,-35.54,0
-287.13,-52.81,-2,2,-35.54,0
-287.73,-52.21,-2,2,-35.54,0
-288.61,-51.32,-2,2,-35.54,0
-288.95,-50.98,-2,2,-35.54,0
-289.72,-50.22,-2,2,-35.54,0
-290.22,-49.72,-2,2,-35.54,0
-290.66,-49.28,-2,2,-35.54,0
-291.14,-48.8,-2,2,-35.54,0
-291.63,-48.31,-2,2,-35.54,0
-292.12,-47.82,-2,2,-35.54,0
-293.08,-46.86,-2,2,-35.54,0
-293.44,-46.5,-2,2,-35.54,0
-294.02,-45.91,-2,2,-35.54,0
-294.73,-45.2,-2,2,-35.54,0
-295.27,-44.67,-2,2,-35.54,0
-295.62,-44.32,-2,2,-35.54,0
-296.23,-43.7,-2,2,-35.54,0
-296.69,-43.25,-2,2,-35.54,0
-297.39,-42.55,-2,2,-35.54,0
-297.99,-41.94,-2,2,-35.54,0
-298.72,-41.21,-2,2,-35.54,0
-299.08,-40.85,-2,2,-35.54,0
-299.62,-40.31,-2,2,-35.54,0
-300.56,-39.37,-2,2,-35.54,0
-300.94,-39.0,-2,2,-35.54,0
-301.4,-38.54,-2,2,-35.54,0
-302.06,-37.88,-2,2,-35.54,0
-302.77,-37.16,-2,2,-35.54,0
-303.13,-36.81,-2,2,-35.54,0
-303.59,-36.35,-2,2,-35.54,0
-304.48,-35.46,-2,2,-35.54,0
-305.06,-34.88,-2,2,-35.54,0
-305.42,-34.52,-2,2,-35.54,0
-305.9,-34.04,-2,2,-35.54,0
-306.7,-33.24,-2,2,-35.54,0
-307.09,-32.84,-2,2,-35.54,0
-307.57,-32.37,-2,2,-35.54,0
-308.49,-31.44,-2,2,-35.54,0
-309.22,-30.72,-2,2,-35.54,0
-309.63,-30.31,-2,2,-35.54,0
-310.29,-29.65,-2,2,-35.54,0
-311.09,-28.85,-2,2,-35.54,0
-311.38,-28.55,-2,2,-35.54,0
-312.16,-27.78,-2,2,-35.54,0
-312.77,-27.17,-2,2,-35.54,0
-313.5,-26.43,-2,2,-35.54,0
-313.98,-25.95,-2,2,-35.54,0
-314.69,-25.25,-2,2,-35.54,0
-315.22,-24.71,-2,2,-35.54,0
-316.27,-23.66,-2,2,-35.54,0
-316.88,-23.06,-2,2,-35.54,0
-317.48,-22.46,-2,2,-35.54,0
-318.38,-21.56,-2,2,-35.54,0
-319.06,-20.88,-2,2,-35.54,0
-319.69,-20.25,-2,2,-35.54,0
-320.66,-19.27,-2,2,-35.54,0
-321.27,-18.67,-2,2,-35.54,0
-321.83,-18.1,-2,2,-35.54,0
-322.56,-17.38,-2,2,-35.54,0
-322.87,-17.06,-2,2,-35.54,0
-323.6,-16.34,-2,2,-35.54,0
-323.99,-15.95,-2,2,-35.54,0
-324.74,-15.19,-2,2,-35.54,0
-325.14,-14.79,-2,2,-35.54,0
-325.99,-13.94,-2,2,-35.54,0
-326.38,-13.55,-2,2,-35.54,0
-327.35,-12.58,-2,2,-35.54,0
-327.76,-12.18,-2,2,-35.54,0
-328.61,-11.33,-2,2,-35.54,0
-328.95,-10.99,-2,2,-35.54,0
-329.44,-10.5,-2,2,-35.54,0
-330.07,-9.86,-2,2,-35.54,0
-329.17,-9.03,2,2,-35.54,0
-328.69,-8.55,2,2,-35.54,0
-328.17,-8.03,2,2,-35.54,0
-327.46,-7.32,2,2,-35.54,0
-326.82,-6.68,2,2,-35.54,0
-326.2,-6.07,2,2,-35.54,0
-325.78,-5.64,2,2,-35.54,0
-325.12,-4.98,2,2,-35.54,0
-324.38,-4.24,2,2,-35.54,0
-323.71,-3.57,2,2,-35.54,0
-323.39,-3.25,2,2,-35.54,0
-322.61,-2.47,2,2,-35.54,0
-322.16,-2.02,2,2,-35.54,0
-321.44,-1.3,2,2,-35.54,0
-320.85,-0.71,2,2,-35.54,0
-320.15,-0.01,2,2,-35.54,0
-319.3,0.84,2,2,-35.54,0
-318.72,1.41,2,2,-35.54,0
-318.09,2.04,2,2,-35.54,0
-317.53,2.61,2,2,-35.54,0
-316.87,3.27,2,2,-35.54,0
-316.46,3.68,2,2,-35.54,0
-315.46,4.68,2,2,-35.54,0
-315.06,5.08,2,2,-35.54,0
-314.34,5.8,2,2,-35.54,0
-313.7,6.44,2,2,-35.54,0
-313.2,6.94,2,2,-35.54,0
-312.33,7.81,2,2,-35.54,0
-311.44,8.7,2,2,-35.54,0
-310.77,9.37,2,2,-35.54,0
-310.01,10.13,2,2,-35.54,0
-309.25,10.88,2,2,-35.54,0
-308.62,11.52,2,2,-35.54,0
-308.07,12.07,2,2,-35.54,0
-306.93,13.2,2,2,-35.54,0
-306.45,13.69,2,2,-35.54,0
-306.03,14.11,2,2,-35.54,0
-305.41,14.73,2,2,-35.54,0
-304.8,15.34,2,2,-35.54,0
-304.3,15.84,2,2,-35.54,0
-303.7,16.44,2,2,-35.54,0
-303.03,17.11,2,2,-35.54,0
-302.5,17.64,2,2,-35.54,0
-302.02,18.12,2,2,-35.54,0
-301.29,18.85,2,2,-35.54,0
-300.8,19.34,2,2,-35.54,0
-300.08,20.06,2,2,-35.54,0
-299.32,20.82,2,2,-35.54,0
-298.79,21.35,2,2,-35.54,0
-298.02,22.12,2,2,-35.54,0
-297.44,22.7,2,2,-35.54,0
-296.87,23.27,2,2,-35.54,0
-296.55,23.59,2,2,-35.54,0
-295.66,24.47,2,2,-35.54,0
-295.06,25.08,2,2,-35.54,0
-294.58,25.56,2,2,-35.54,0
-293.85,26.29,2,2,-35.54,0
-293.36,26.77,2,2,-35.54,0
-292.88,27.26,2,2,-35.54,0
-292.12,28.02,2,2,-35.54,0
-291.5,28.64,2,2,-35.54,0
-290.74,29.4,2,2,-35.54,0
-290.07,30.07,2,2,-35.54,0
-289.58,30.55,2,2,-35.54,0
-288.98,31.16,2,2,-35.54,0
-288.51,31.63,2,2,-35.54,0
-287.53,32.6,2,2,-35.54,0
-287.16,32.98,2,2,-35.54,0
-286.44,33.7,2,2,-35.54,0
-285.96,34.18,2,2,-35.54,0
-285.34,34.8,2,2,-35.54,0
-284.33,35.8,2,2,-35.54,0
-283.77,36.37,2,2,-35.54,0
-282.99,37.15,2,2,-35.54,0
-282.5,37.64,2,2,-35.54,0
-281.76,38.38,2,2,-35.54,0
-281.27,38.87,2,2,-35.54,0
-280.67,39.47,2,2,-35.54,0
-279.92,40.22,2,2,-35.54,0
-279.43,40.71,2,2,-35.54,0
-278.68,41.46,2,2,-35.54,0
-278.19,41.95,2,2,-35.54,0
-277.71,42.43,2,2,-35.54,0
-276.93,43.21,2,2,-35.54,0
-276.57,43.57,2,2,-35.54,0
-275.84,44.3,2,2,-35.54,0
-275.03,45.11,2,2,-35.54,0
-274.48,45.66,2,2,-35.54,0
-273.69,46.45,2,2,-35.54,0
-273.2,46.94,2,2,-35.54,0
-272.3,47.84,2,2,-35.54,0
-271.57,48.57,2,2,-35.54,0
-270.96,49.18,2,2,-35.54,0
-270.23,49.91,2,2,-35.54,0
-269.62,50.52,2,2,-35.54,0
-269.14,51.0,2,2,-35.54,0
-268.72,51.42,2,2,-35.54,0
-268.11,52.03,2,2,-35.54,0
-267.51,52.63,2,2,-35.54,0
-266.78,53.36,2,2,-35.54,0
-266.17,53.97,2,2,-35.54,0
-265.45,54.69,2,2,-35.54,0
-264.96,55.18,2,2,-35.54,0
-264.47,55.67,2,2,-35.54,0
-263.38,56.76,2,2,-35.54,0
-262.78,57.36,2,2,-35.54,0
-262.28,57.85,2,2,-35.54,0
-261.56,58.58,2,2,-35.54,0
-261.08,59.06,2,2,-35.54,0
-260.35,59.79,2,2,-35.54,0
-259.62,60.51,2,2,-35.54,0
-259.13,61.01,2,2,-35.54,0
-258.41,61.73,2,2,-35.54,0
-257.68,62.46,2,2,-35.54,0
-257.19,62.95,2,2,-35.54,0
-256.45,63.69,2,2,-35.54,0
-255.87,64.26,2,2,-35.54,0
-255.34,64.8,2,2,-35.54,0
-254.61,65.53,2,2,-35.54,0
-254.12,66.02,2,2,-35.54,0
-253.38,66.76,2,2,-35.54,0
-252.89,67.25,2,2,-35.54,0
-252.36,67.78,2,2,-35.54,0
-251.48,68.65,2,2,-35.54,0
-250.57,69.57,2,2,-35.54,0
-250.21,69.93,2,2,-35.54,0
-249.61,70.53,2,2,-35.54,0
-248.98,71.16,2,2,-35.54,0
-248.47,71.66,2,2,-35.54,0
-247.58,72.56,2,2,-35.54,0
-246.81,73.33,2,2,-35.54,0
-246.32,73.82,2,2,-35.54,0
-245.54,74.6,2,2,-35.54,0
-245.05,75.09,2,2,-35.54,0
-244.57,75.57,2,2,-35.54,0
-243.81,76.33,2,2,-35.54,0
-243.07,77.07,2,2,-35.54,0
-242.34,77.8,2,2,-35.54,0
-241.6,78.54,2,2,-35.54,0
-240.98,79.16,2,2,-35.54,0
-240.57,79.57,2,2,-35.54,0
-240.12,80.02,2,2,-35.54,0
-239.2,80.94,2,2,-35.54,0
-238.63,81.51,2,2,-35.54,0
-238.0,82.14,2,2,-35.54,0
-237.59,82.55,2,2,-35.54,0
-236.72,83.42,2,2,-35.54,0
-236.09,84.05,2,2,-35.54,0
-235.28,84.86,2,2,-35.54,0
-234.71,85.43,2,2,-35.54,0
-234.11,86.03,2,2,-35.54,0
-233.41,86.73,2,2,-35.54,0
-232.75,87.39,2,2,-35.54,0
-232.22,87.92,2,2,-35.54,0
-231.31,88.83,2,2,-35.54,0
-230.95,89.19,2,2,-35.54,0
-230.22,89.92,2,2,-35.54,0
-229.5,90.64,2,2,-35.54,0
-229.08,91.06,2,2,-35.54,0
-228.1,92.03,2,2,-35.54,0
-227.65,92.49,2,2,-35.54,0
-226.92,93.22,2,2,-35.54,0
-226.52,93.62,2,2,-35.54,0
-225.72,94.42,2,2,-35.54,0
-225.04,95.1,2,2,-35.54,0
-224.44,95.7,2,2,-35.54,0
-223.68,96.46,2,2,-35.54,0
-223.09,97.05,2,2,-35.54,0
-222.46,97.68,2,2,-35.54,0
-221.97,98.17,2,2,-35.54,0
-221.25,98.89,2,2,-35.54,0
-220.54,99.6,2,2,-35.54,0
-220.21,99.93,2,2,-35.54,0
-219.48,100.66,2,2,-35.54,0
-218.88,101.26,2,2,-35.54,0
-218.03,102.1,2,2,-35.54,0
-217.37,102.77,2,2,-35.54,0
-216.8,103.34,2,2,-35.54,0
-216.19,103.95,2,2,-35.54,0
-215.54,104.6,2,2,-35.54,0
-214.86,105.27,2,2,-35.54,0
-214.5,105.64,2,2,-35.54,0
-213.65,106.49,2,2,-35.54,0
-213.08,107.06,2,2,-35.54,0
-212.69,107.44,2,2,-35.54,0
-211.97,108.17,2,2,-35.54,0
-210.95,109.19,2,2,-35.54,0
-210.35,109.79,2,2,-35.54,0
-209.63,110.51,2,2,-35.54,0
-209.02,111.12,2,2,-35.54,0
-208.36,111.78,2,2,-35.54,0
-207.62,112.52,2,2,-35.54,0
-207.26,112.88,2,2,-35.54,0
-206.18,113.96,2,2,-35.54,0
-205.61,114.53,2,2,-35.54,0
-205.2,114.94,2,2,-35.54,0
-204.59,115.55,2,2,-35.54,0
-203.94,116.2,2,2,-35.54,0
-202.97,117.17,2,2,-35.54,0
-202.18,117.96,2,2,-35.54,0
-201.69,118.45,2,2,-35.54,0
-200.79,119.35,2,2,-35.54,0
-200.18,119.96,2,2,-35.54,0
-199.57,120.57,2,2,-35.54,0
-198.82,121.32,2,2,-35.54,0
-198.26,121.88,2,2,-35.54,0
-197.63,122.51,2,2,-35.54,0
-197.02,123.12,2,2,-35.54,0
-196.64,123.5,2,2,-35.54,0
-195.68,124.46,2,2,-35.54,0
-194.96,125.18,2,2,-35.54,0
-194.36,125.78,2,2,-35.54,0
-193.74,126.4,2,2,-35.54,0
-193.13,127.01,2,2,-35.54,0
-192.28,127.85,2,2,-35.54,0
-191.59,128.55,2,2,-35.54,0
-191.02,129.12,2,2,-35.54,0
-189.77,130.37,2,2,-35.54,0
-189.1,131.04,2,2,-35.54,0
-188.63,131.51,2,2,-35.54,0
-187.8,132.34,2,2,-35.54,0
-187.19,132.95,2,2,-35.54,0
-186.57,133.57,2,2,-35.54,0
-185.97,134.17,2,2,-35.54,0
-185.55,134.59,2,2,-35.54,0
-184.93,135.21,2,2,-35.54,0
-184.3,135.84,2,2,-35.54,0
-183.69,136.45,2,2,-35.54,0
-182.98,137.16,2,2,-35.54,0
-182.6,137.53,2,2,-35.54,0
-181.88,138.26,2,2,-35.54,0
-181.14,139.0,2,2,-35.54,0
-180.66,139.48,2,2,-35.54,0
-179.68,140.46,2,2,-35.54,0
-179.01,141.13,2,2,-35.54,0
-178.42,141.72,2,2,-35.54,0
-177.99,142.14,2,2,-35.54,0
-177.24,142.9,2,2,-35.54,0
-176.55,143.59,2,2,-35.54,0
-175.98,144.16,2,2,-35.54,0
-175.34,144.8,2,2,-35.54,0
-174.76,145.38,2,2,-35.54,0
-174.34,145.8,2,2,-35.54,0
-173.68,146.46,2,2,-35.54,0
-173.1,147.04,2,2,-35.54,0
-172.23,147.91,2,2,-35.54,0
-171.82,148.32,2,2,-35.54,0
-170.88,149.26,2,2,-35.54,0
-170.29,149.85,2,2,-35.54,0
-169.67,150.47,2,2,-35.54,0
-169.07,151.07,2,2,-35.54,0
-168.53,151.61,2,2,-35.54,0
-167.55,152.59,2,2,-35.54,0
-167.19,152.95,2,2,-35.54,0
-166.61,153.53,2,2,-35.54,0
-165.72,154.42,2,2,-35.54,0
-165.03,155.11,2,2,-35.54,0
-164.28,155.86,2,2,-35.54,0
-163.87,156.27,2,2,-35.54,0
-163.09,157.05,2,2,-35.54,0
-162.48,157.66,2,2,-35.54,0
-162.12,158.02,2,2,-35.54,0
-161.21,158.92,2,2,-35.54,0
-160.61,159.53,2,2,-35.54,0
-160.21,159.93,2,2,-35.54,0
-159.34,160.8,2,2,-35.54,0
-158.73,161.41,2,2,-35.54,0
-158.3,161.84,2,2,-35.54,0
-157.69,162.45,2,2,-35.54,0
-157.2,162.94,2,2,-35.54,0
-156.52,163.62,2,2,-35.54,0
-155.91,164.23,2,2,-35.54,0
-155.49,164.65,2,2,-35.54,0
-154.74,165.4,2,2,-35.54,0
-154.33,165.81,2,2,-35.54,0
-153.48,166.66,2,2,-35.54,0
-153.14,167.0,2,2,-35.54,0
-152.65,167.49,2,2,-35.54,0
-152.16,167.98,2,2,-35.54,0
-151.28,168.86,2,2,-35.54,0
-150.97,169.17,2,2,-35.54,0
-150.48,169.66,2,2,-35.54,0
-149.76,170.38,2,2,-35.54,0
-149.1,171.04,2,2,-35.54,0
-148.62,171.52,2,2,-35.54,0
-148.12,172.02,2,2,-35.54,0
-147.45,172.69,2,2,-35.54,0
-146.97,173.17,2,2,-35.54,0
-146.63,173.51,2,2,-35.54,0
-146.03,174.11,2,2,-35.54,0
-145.55,174.59,2,2,-35.54,0
-144.81,175.33,2,2,-35.54,0
-144.4,175.74,2,2,-35.54,0
-143.8,176.34,2,2,-35.54,0
-143.22,176.92,2,2,-35.54,0
-142.73,177.41,2,2,-35.54,0
-142.0,178.14,2,2,-35.54,0
-141.4,178.74,2,2,-35.54,0
-141.02,179.12,2,2,-35.54,0
-140.4,179.74,2,2,-35.54,0
-139.65,180.49,2,2,-35.54,0
-139.23,180.91,2,2,-35.54,0
-138.64,181.49,2,2,-35.54,0
-138.16,181.97,2,2,-35.54,0
-137.56,182.58,2,2,-35.54,0
-136.79,183.35,2,2,-35.54,0
-136.41,183.73,2,2,-35.54,0
-135.93,184.21,2,2,-35.54,0
-134.84,185.3,2,2,-35.54,0
-133.8,186.34,2,2,-33.39,1
-133.4,186.74,2,2,-32.55,1
-132.71,187.43,2,2,-31.11,1
-131.98,188.16,2,2,-29.59,1
-131.64,188.5,2,2,-28.88,1
-131.03,189.11,2,2,-27.61,1
-130.54,189.6,2,2,-26.59,1
-129.82,190.32,2,2,-25.09,1
-129.21,190.93,2,2,-23.82,1
-128.71,191.43,2,2,-22.78,1
-127.93,192.21,2,2,-21.16,1
-127.27,192.87,2,2,-19.79,1
-126.63,193.5,2,2,-18.46,1
-126.15,193.99,2,2,-17.44,1
-125.66,194.48,2,2,-16.43,1
-125.15,194.99,2,2,-15.36,1
-124.42,195.72,2,2,-13.84,1
-123.91,196.23,2,2,-12.79,1
-123.08,197.06,2,2,-11.05,1
-122.58,197.56,2,2,-10.02,1
-122.09,198.04,2,2,-9.0,1
-121.42,198.72,2,2,-7.6,1
-120.94,199.2,2,2,-6.59,1
-120.33,199.81,2,2,-5.32,1
-119.46,200.68,2,2,-3.51,1
-119.1,201.04,2,2,-2.76,1
-118.21,201.93,2,2,-0.91,1
-117.72,202.41,2,2,0.1,1
-117.36,202.78,2,2,0.85,1
-116.75,203.39,2,2,2.13,1
-116.05,204.08,2,2,3.58,1
-115.32,204.82,2,2,5.12,1
-114.59,205.55,2,2,6.63,1
-114.11,206.03,2,2,7.63,1
-113.22,206.92,2,2,9.49,1
-112.72,207.42,2,2,10.53,1
-111.99,208.15,2,2,12.05,1
-111.26,208.88,2,2,13.57,1
-110.53,209.61,2,2,15.09,1
-109.92,210.21,2,2,16.35,1
-109.44,210.7,2,2,17.36,1
-109.08,211.06,2,2,18.12,1
-108.54,211.6,2,2,19.23,1
-107.88,212.26,2,2,20.62,1
-107.27,212.87,2,2,21.88,1
-106.55,213.59,2,2,23.38,1
-105.95,214.19,2,2,24.63,1
-105.32,214.82,2,2,25.94,1
-104.76,215.38,2,2,27.1,1
-104.22,215.92,2,2,28.23,1
-103.46,216.68,2,2,29.82,1
-102.98,217.16,2,2,30.83,1
-102.31,217.83,2,2,32.22,1
-101.94,218.2,2,2,32.98,1
-101.13,219.01,2,2,34.67,1
-100.65,219.49,2,2,35.68,1
-99.84,220.3,2,2,37.37,1
-99.27,220.87,2,2,38.56,1
-98.46,221.68,2,2,40.24,1
-98.13,222.01,2,2,40.93,1
-97.52,222.62,2,2,42.19,1
-97.03,223.11,2,2,43.22,1
-96.3,223.84,2,2,44.74,1
-95.57,224.57,2,2,46.25,1
-95.08,225.06,2,2,47.27,1
-94.34,225.8,2,2,48.83,1
-93.86,226.28,2,2,49.83,1
-93.0,227.14,2,2,51.61,1
-92.63,227.51,2,2,52.38,1
-91.79,228.35,2,2,54.13,1
-91.08,229.06,2,2,55.61,1
-90.47,229.66,2,2,56.87,1
-89.92,230.22,2,2,58.02,1
-89.2,230.94,2,2,59.54,1
-88.58,231.56,2,2,60.83,1
-88.18,231.96,2,2,61.65,1
-87.41,232.72,2,2,63.25,1
-86.8,233.34,2,2,64.54,1
-85.97,234.16,2,2,66.25,1
-85.57,234.57,2,2,67.09,1
-84.95,235.19,2,2,68.39,1
-84.39,235.75,2,2,69.55,1
-83.4,236.74,2,2,71.61,1
-82.76,237.38,2,2,72.95,1
-82.4,237.74,2,2,73.7,1
-81.66,238.47,2,2,75.23,1
-81.05,239.09,2,2,76.51,1
-80.45,239.69,2,2,77.77,1
-80.08,240.06,2,2,78.52,1
-79.07,241.07,2,2,80.63,1
-78.42,241.72,2,2,81.98,1
-77.58,242.56,2,2,83.73,1
-76.92,243.22,2,2,85.11,1
-76.32,243.82,2,2,86.37,1
-75.58,244.56,2,2,87.91,1
-74.73,245.41,2,2,89.68,1
-74.05,246.09,2,2,91.09,1
-73.38,246.76,2,2,92.49,1
-73.01,247.13,2,2,93.26,1
-72.28,247.86,2,2,94.78,1
-71.68,248.46,2,2,96.03,1
-70.96,249.18,2,2,97.53,1
-70.56,249.58,2,2,98.37,1
-70.06,250.08,2,2,99.4,1
-69.45,250.68,2,2,100.66,1
-69.11,251.03,2,2,101.38,1
-68.42,251.72,2,2,102.83,1
-67.64,252.5,2,2,104.44,1
-67.05,253.09,2,2,105.68,1
-66.41,253.73,2,2,107.0,1
-65.84,254.3,2,2,108.19,1
-65.2,254.93,2,2,109.52,1
-64.57,255.57,2,2,110.84,1
-64.01,256.13,2,2,112.0,1
-63.43,256.71,2,2,113.22,1
-62.83,257.31,2,2,114.48,1
-62.1,258.04,2,2,115.99,1
-61.45,258.69,2,2,117.34,1
-60.84,259.3,2,2,118.61,1
-60.41,259.73,2,2,119.5,1
-59.52,260.62,2,2,121.36,1
-58.75,261.39,2,2,122.98,1
-58.37,261.77,2,2,123.76,1
-57.47,262.67,2,2,125.63,1
-56.99,263.15,2,2,125.63,0
-56.34,263.8,2,2,125.63,0
-55.52,264.61,2,2,125.63,0
-54.84,265.3,2,2,125.63,0
-54.48,265.66,2,2,125.63,0
-53.69,266.45,2,2,125.63,0
-52.96,267.18,2,2,125.63,0
-52.42,267.72,2,2,125.63,0
-51.69,268.45,2,2,125.63,0
-51.19,268.95,2,2,125.63,0
-50.7,269.44,2,2,125.63,0
-50.05,270.09,2,2,125.63,0
-49.44,270.7,2,2,125.63,0
-49.03,271.11,2,2,125.63,0
-48.52,271.62,2,2,125.63,0
-47.67,272.47,2,2,125.63,0
-47.06,273.08,2,2,125.63,0
-46.39,273.75,2,2,125.63,0
-45.72,274.42,2,2,125.63,0
-44.94,275.2,2,2,125.63,0
-44.3,275.84,2,2,125.63,0
-43.62,276.52,2,2,125.63,0
-43.0,277.14,2,2,125.63,0
-42.27,277.87,2,2,125.63,0
-41.66,278.48,2,2,125.63,0
-41.05,279.09,2,2,125.63,0
-40.47,279.67,2,2,125.63,0
-40.06,280.08,2,2,125.63,0
-39.22,280.92,2,2,125.63,0
-38.72,281.42,2,2,125.63,0
-38.14,282.0,2,2,125.63,0
-37.28,282.86,2,2,125.63,0
-36.54,283.6,2,2,125.63,0
-36.13,284.0,2,2,125.63,0
-35.29,284.85,2,2,125.63,0
-34.88,285.26,2,2,125.63,0
-34.38,285.76,2,2,125.63,0
-33.77,286.37,2,2,125.63,0
-33.41,286.73,2,2,125.63,0
-32.91,287.23,2,2,125.63,0
-32.45,287.69,2,2,125.63,0
-32.01,288.13,2,2,125.63,0
-31.16,288.98,2,2,125.63,0
-30.8,289.34,2,2,125.63,0
-30.17,289.96,2,2,125.63,0
-29.79,290.35,2,2,125.63,0
-29.06,289.27,2,-2,125.63,0
-28.49,288.7,2,-2,125.63,0
-28.1,288.31,2,-2,125.63,0
-27.36,287.57,2,-2,125.63,0
-27.0,287.21,2,-2,125.63,0
-26.37,286.58,2,-2,125.63,0
-25.46,285.67,2,-2,125.63,0
-25.09,285.3,2,-2,125.63,0
-24.29,284.5,2,-2,125.63,0
-23.65,283.86,2,-2,125.63,0
-23.3,283.51,2,-2,125.63,0
-22.35,282.56,2,-2,125.63,0
-21.62,281.83,2,-2,125.63,0
-21.27,281.48,2,-2,125.63,0
-20.75,280.96,2,-2,125.63,0
-20.25,280.46,2,-2,125.63,0
-19.37,279.58,2,-2,125.63,0
-18.76,278.97,2,-2,125.63,0
-17.99,278.2,2,-2,125.63,0
-17.18,277.39,2,-2,125.63,0
-16.58,276.79,2,-2,125.63,0
-15.88,276.09,2,-2,125.63,0
-15.22,275.43,2,-2,125.63,0
-14.64,274.85,2,-2,125.63,0
-14.03,274.24,2,-2,125.63,0
-13.42,273.63,2,-2,125.63,0
-13.11,273.32,2,-2,125.63,0
-12.51,272.72,2,-2,125.63,0
-11.67,271.88,2,-2,125.63,0
-10.97,271.18,2,-2,125.63,0
-10.64,270.85,2,-2,125.63,0
-9.84,270.05,2,-2,125.63,0
-9.23,269.44,2,-2,125.63,0
-8.6,268.81,2,-2,125.63,0
-7.9,268.11,2,-2,125.63,0
-7.11,267.33,2,-2,125.63,0
-6.48,266.69,2,-2,125.63,0
-6.12,266.33,2,-2,125.63,0
-5.6,265.81,2,-2,125.63,0
-4.94,265.15,2,-2,125.63,0
-4.06,264.27,2,-2,125.63,0
-3.27,263.48,2,-2,125.63,0
-2.67,262.88,2,-2,125.63,0
-2.13,262.34,2,-2,125.63,0
-1.72,261.93,2,-2,125.63,0
-1.16,261.37,2,-2,125.63,0
-0.61,260.82,2,-2,125.63,0
0.26,259.95,2,-2,125.63,0
1.06,259.15,2,-2,125.63,0
1.47,258.74,2,-2,125.63,0
2.2,258.01,2,-2,125.63,0
2.88,257.34,2,-2,125.63,0
3.49,256.72,2,-2,125.63,0
4.09,256.12,2,-2,125.63,0
4.78,255.44,2,-2,125.63,0
5.29,254.92,2,-2,125.63,0
5.77,254.44,2,-2,125.63,0
6.14,254.07,2,-2,125.63,0
6.75,253.46,2,-2,125.63,0
7.13,253.08,2,-2,125.63,0
7.85,252.36,2,-2,125.63,0
8.46,251.75,2,-2,125.63,0
9.21,251.0,2,-2,125.63,0
9.87,250.34,2,-2,125.63,0
10.35,249.86,2,-2,125.63,0
10.98,249.23,2,-2,125.63,0
11.9,248.31,2,-2,125.63,0
12.54,247.67,2,-2,125.63,0
13.27,246.94,2,-2,125.63,0
13.94,246.27,2,-2,125.63,0
14.57,245.64,2,-2,125.63,0
14.98,245.23,2,-2,125.63,0
15.72,244.49,2,-2,125.63,0
16.56,243.65,2,-2,125.63,0
16.96,243.25,2,-2,125.63,0
17.83,242.38,2,-2,125.63,0
18.19,242.02,2,-2,125.63,0
18.69,241.52,2,-2,125.63,0
19.26,240.95,2,-2,125.63,0
20.05,240.16,2,-2,125.63,0
20.66,239.55,2,-2,125.63,0
21.15,239.06,2,-2,125.63,0
21.54,238.67,2,-2,125.63,0
22.16,238.05,2,-2,125.63,0
23.07,237.14,2,-2,125.63,0
23.68,236.53,2,-2,125.63,0
24.36,235.85,2,-2,125.63,0
24.77,235.44,2,-2,125.63,0
25.38,234.83,2,-2,125.63,0
26.02,234.19,2,-2,125.63,0
26.76,233.45,2,-2,125.63,0
27.48,232.73,2,-2,125.63,0
27.84,232.37,2,-2,125.63,0
28.69,231.53,2,-2,125.63,0
29.22,230.99,2,-2,125.63,0
29.6,230.61,2,-2,125.63,0
30.25,229.96,2,-2,125.63,0
30.74,229.47,2,-2,125.63,0
31.35,228.86,2,-2,125.63,0
32.32,227.89,2,-2,125.63,0
32.69,227.52,2,-2,125.63,0
33.3,226.91,2,-2,125.63,0
34.21,226.0,2,-2,125.63,0
34.86,225.35,2,-2,125.63,0
35.58,224.63,2,-2,125.63,0
36.2,224.02,2,-2,125.63,0
36.88,223.34,2,-2,125.63,0
37.5,222.71,2,-2,125.63,0
38.54,221.67,2,-2,123.47,2
39.17,221.04,2,-2,122.16,2
39.81,220.4,2,-2,120.82,2
40.54,219.68,2,-2,119.31,2
41.31,218.9,2,-2,117.7,2
41.65,218.56,2,-2,116.98,2
42.8,217.41,2,-2,114.6,2
43.47,216.74,2,-2,113.19,2
44.11,216.1,2,-2,111.87,2
44.74,215.47,2,-2,110.55,2
45.64,214.57,2,-2,108.68,2
46.36,213.85,2,-2,107.17,2
47.05,213.16,2,-2,105.74,2
47.78,212.43,2,-2,104.22,2
48.46,211.75,2,-2,102.79,2
49.14,211.07,2,-2,101.38,2
49.77,210.44,2,-2,100.08,2
50.53,209.68,2,-2,98.49,2
51.18,209.03,2,-2,97.13,2
51.84,208.37,2,-2,95.76,2
52.44,207.77,2,-2,94.5,2
52.87,207.35,2,-2,93.62,2
53.47,206.74,2,-2,92.37,2
54.33,205.88,2,-2,90.58,2
54.93,205.28,2,-2,89.31,2
55.33,204.88,2,-2,88.5,2
56.18,204.03,2,-2,86.71,2
56.74,203.47,2,-2,85.56,2
57.1,203.11,2,-2,84.81,2
57.7,202.51,2,-2,83.55,2
58.41,201.8,2,-2,82.07,2
59.25,200.96,2,-2,80.32,2
60.05,200.16,2,-2,78.66,2
60.71,199.5,2,-2,77.28,2
61.39,198.82,2,-2,75.85,2
62.07,198.14,2,-2,74.45,2
62.51,197.7,2,-2,73.53,2
63.05,197.16,2,-2,72.41,2
63.77,196.45,2,-2,70.92,2
64.44,195.77,2,-2,69.51,2
65.29,194.92,2,-2,67.74,2
66.0,194.21,2,-2,66.26,2
66.71,193.5,2,-2,64.77,2
67.32,192.89,2,-2,63.51,2
67.73,192.48,2,-2,62.66,2
68.65,191.56,2,-2,60.74,2
69.25,190.96,2,-2,59.48,2
69.66,190.55,2,-2,58.64,2
70.27,189.94,2,-2,57.37,2
70.74,189.47,2,-2,56.38,2
71.47,188.74,2,-2,54.87,2
71.83,188.38,2,-2,54.12,2
72.69,187.53,2,-2,52.33,2
73.3,186.91,2,-2,51.05,2
73.85,186.36,2,-2,49.91,2
74.34,185.87,2,-2,48.88,2
74.88,185.33,2,-2,47.75,2
75.4,184.81,2,-2,46.67,2
76.18,184.03,2,-2,45.05,2
76.67,183.54,2,-2,44.02,2
77.52,182.69,2,-2,42.25,2
78.01,182.21,2,-2,41.25,2
78.73,181.48,2,-2,39.73,2
79.33,180.88,2,-2,38.49,2
79.84,180.37,2,-2,37.43,2
80.61,179.6,2,-2,35.82,2
81.26,178.95,2,-2,34.47,2
81.62,178.59,2,-2,33.71,2
82.39,177.82,2,-2,32.12,2
83.13,177.08,2,-2,30.57,2
83.85,176.36,2,-2,29.06,2
84.58,175.63,2,-2,27.55,2
85.31,174.9,2,-2,26.03,2
85.8,174.41,2,-2,25.01,2
86.52,173.69,2,-2,23.5,2
87.25,172.96,2,-2,21.99,2
88.07,172.14,2,-2,20.28,2
88.82,171.39,2,-2,18.73,2
89.3,170.91,2,-2,17.71,2
89.79,170.42,2,-2,16.69,2
90.69,169.52,2,-2,14.82,2
91.27,168.94,2,-2,13.61,2
91.63,168.58,2,-2,12.86,2
92.58,167.63,2,-2,10.88,2
93.27,166.94,2,-2,9.46,2
93.72,166.49,2,-2,8.51,2
94.46,165.75,2,-2,6.97,2
94.95,165.26,2,-2,5.95,2
95.69,164.52,2,-2,4.41,2
96.25,163.96,2,-2,3.24,2
96.98,163.23,2,-2,1.73,2
97.59,162.62,2,-2,0.44,2
98.08,162.13,2,-2,-0.58,2
98.81,161.4,2,-2,-2.09,2
99.41,160.8,2,-2,-3.35,2
100.23,159.98,2,-2,-5.06,2
100.92,159.29,2,-2,-6.49,2
101.64,158.57,2,-2,-8.0,2
102.26,157.95,2,-2,-9.29,2
102.87,157.34,2,-2,-10.55,2
103.54,156.67,2,-2,-11.94,2
104.39,155.82,2,-2,-13.71,2
105.15,155.06,2,-2,-15.3,2
105.76,154.45,2,-2,-16.57,2
106.32,153.89,2,-2,-17.73,2
106.92,153.29,2,-2,-18.99,2
107.53,152.68,2,-2,-20.25,2
108.45,151.76,2,-2,-22.17,2
109.15,151.06,2,-2,-23.63,2
109.46,150.75,2,-2,-24.28,2
110.47,149.74,2,-2,-26.38,2
111.06,149.15,2,-2,-27.61,2
111.65,148.56,2,-2,-28.85,2
112.5,147.71,2,-2,-30.62,2
112.86,147.35,2,-2,-31.37,2
113.46,146.75,2,-2,-32.62,2
114.0,146.21,2,-2,-33.74,2
114.61,145.61,2,-2,-35.0,2
115.41,144.8,2,-2,-36.68,2
116.21,144.0,2,-2,-38.34,2
116.97,143.24,2,-2,-39.92,2
117.65,142.56,2,-2,-41.34,2
118.01,142.2,2,-2,-42.09,2
118.64,141.57,2,-2,-43.4,2
119.5,140.71,2,-2,-45.2,2
120.11,140.1,2,-2,-46.48,2
120.71,139.5,2,-2,-47.73,2
121.05,139.16,2,-2,-48.43,2
121.67,138.54,2,-2,-49.71,2
122.71,137.5,2,-2,-51.89,2
123.47,136.74,2,-2,-53.47,2
124.38,135.83,2,-2,-55.37,2
125.23,134.98,2,-2,-57.13,2
125.85,134.36,2,-2,-58.43,2
126.22,133.99,2,-2,-59.19,2
127.22,132.99,2,-2,-61.28,2
127.82,132.39,2,-2,-62.54,2
128.55,131.66,2,-2,-64.05,2
128.97,131.24,2,-2,-64.93,2
129.7,130.51,2,-2,-66.45,2
130.32,129.89,2,-2,-67.74,2
131.24,128.97,2,-2,-69.66,2
132.03,128.18,2,-2,-71.31,2
132.59,127.62,2,-2,-72.48,2
133.51,126.7,2,-2,-74.38,2
133.87,126.34,2,-2,-75.13,2
134.94,125.27,2,-2,-77.37,2
135.65,124.56,2,-2,-78.84,2
136.37,123.84,2,-2,-80.35,2
136.92,123.3,2,-2,-81.48,2
137.82,122.39,2,-2,-83.36,2
138.74,121.47,2,-2,-83.36,0
139.35,120.86,2,-2,-83.36,0
140.43,119.78,2,-2,-83.36,0
141.07,119.14,2,-2,-83.36,0
141.75,118.46,2,-2,-83.36,0
142.49,117.72,2,-2,-83.36,0
143.06,117.15,2,-2,-83.36,0
143.82,116.39,2,-2,-83.36,0
144.71,115.5,2,-2,-83.36,0
145.5,114.71,2,-2,-83.36,0
146.23,113.98,2,-2,-83.36,0
146.95,113.26,2,-2,-83.36,0
147.68,112.53,2,-2,-83.36,0
148.37,111.84,2,-2,-83.36,0
148.78,111.43,2,-2,-83.36,0
149.62,110.59,2,-2,-83.36,0
150.55,109.66,2,-2,-83.36,0
151.19,109.02,2,-2,-83.36,0
151.83,108.38,2,-2,-83.36,0
152.44,107.77,2,-2,-83.36,0
153.19,107.02,2,-2,-83.36,0
153.55,106.67,2,-2,-83.36,0
154.08,106.13,2,-2,-83.36,0
154.59,105.62,2,-2,-83.36,0
155.45,104.76,2,-2,-83.36,0
156.08,104.13,2,-2,-83.36,0
156.72,103.49,2,-2,-83.36,0
157.13,103.08,2,-2,-83.36,0
157.84,102.37,2,-2,-83.36,0
158.22,101.99,2,-2,-83.36,0
158.97,101.24,2,-2,-83.36,0
159.67,100.54,2,-2,-83.36,0
160.27,99.94,2,-2,-83.36,0
160.78,99.43,2,-2,-83.36,0
161.75,98.46,2,-2,-83.36,0
162.36,97.85,2,-2,-83.36,0
162.79,97.42,2,-2,-83.36,0
163.57,96.64,2,-2,-83.36,0
164.22,95.99,2,-2,-83.36,0
164.94,95.27,2,-2,-83.36,0
165.63,94.58,2,-2,-83.36,0
166.34,93.87,2,-2,-83.36,0
166.67,93.54,2,-2,-83.36,0
167.33,92.88,2,-2,-83.36,0
168.07,92.14,2,-2,-83.36,0
168.69,91.52,2,-2,-83.36,0
169.09,91.12,2,-2,-83.36,0
169.82,90.39,2,-2,-83.36,0
170.19,90.02,2,-2,-83.36,0
170.8,89.41,2,-2,-83.36,0
171.28,88.93,2,-2,-83.36,0
171.78,88.43,2,-2,-83.36,0
172.38,87.83,2,-2,-83.36,0
172.95,87.27,2,-2,-83.36,0
173.57,86.64,2,-2,-83.36,0
174.18,86.03,2,-2,-83.36,0
174.72,85.49,2,-2,-83.36,0
175.45,84.76,2,-2,-83.36,0
175.79,84.42,2,-2,-83.36,0
176.59,83.62,2,-2,-83.36,0
177.2,83.01,2,-2,-83.36,0
177.49,82.72,2,-2,-83.36,0
178.34,81.87,2,-2,-83.36,0
178.7,81.51,2,-2,-83.36,0
179.51,80.7,2,-2,-83.36,0
179.87,80.34,2,-2,-83.36,0
180.4,79.81,2,-2,-83.36,0
181.04,79.17,2,-2,-83.36,0
181.7,78.52,2,-2,-83.36,0
182.3,77.91,2,-2,-83.36,0
183.05,77.16,2,-2,-83.36,0
183.7,76.51,2,-2,-83.36,0
184.33,75.88,2,-2,-83.36,0
184.83,75.38,2,-2,-83.36,0
185.43,74.78,2,-2,-83.36,0
186.13,74.08,2,-2,-83.36,0
186.77,73.44,2,-2,-83.36,0
187.57,72.64,2,-2,-83.36,0
188.28,71.93,2,-2,-83.36,0
189.14,71.07,2,-2,-83.36,0
189.81,70.4,2,-2,-83.36,0
190.74,69.47,2,-2,-83.36,0
191.09,69.12,2,-2,-83.36,0
191.93,68.28,2,-2,-83.36,0
192.53,67.68,2,-2,-83.36,0
192.96,67.25,2,-2,-83.36,0
193.57,66.64,2,-2,-83.36,0
194.43,65.78,2,-2,-83.36,0
195.04,65.17,2,-2,-83.36,0
195.68,64.53,2,-2,-83.36,0
196.16,64.05,2,-2,-83.36,0
196.88,63.34,2,-2,-83.36,0
197.73,62.48,2,-2,-83.36,0
198.41,61.8,2,-2,-83.36,0
199.11,61.1,2,-2,-83.36,0
199.63,60.58,2,-2,-83.36,0
200.4,59.81,2,-2,-83.36,0
201.13,59.08,2,-2,-83.36,0
201.79,58.42,2,-2,-83.36,0
202.37,57.84,2,-2,-83.36,0
202.7,57.51,2,-2,-83.36,0
203.56,56.65,2,-2,-83.36,0
204.34,55.87,2,-2,-83.36,0
204.96,55.25,2,-2,-83.36,0
205.3,54.91,2,-2,-83.36,0
205.9,54.31,2,-2,-83.36,0
206.52,53.69,2,-2,-83.36,0
207.12,53.09,2,-2,-83.36,0
207.55,52.66,2,-2,-83.36,0
208.28,51.93,2,-2,-83.36,0
209.05,51.16,2,-2,-83.36,0
209.53,50.68,2,-2,-83.36,0
210.15,50.06,2,-2,-83.36,0
210.69,49.52,2,-2,-83.36,0
211.19,49.02,2,-2,-83.36,0
211.76,48.45,2,-2,-83.36,0
212.38,47.83,2,-2,-83.36,0
212.98,47.23,2,-2,-83.36,0
213.4,46.81,2,-2,-83.36,0
213.9,46.32,2,-2,-83.36,0
214.52,45.69,2,-2,-83.36,0
214.9,45.31,2,-2,-83.36,0
215.39,44.82,2,-2,-83.36,0
215.9,44.31,2,-2,-83.36,0
216.61,43.6,2,-2,-83.36,0
216.97,43.24,2,-2,-83.36,0
217.55,42.66,2,-2,-83.36,0
218.06,42.15,2,-2,-83.36,0
218.94,41.27,2,-2,-83.36,0
219.48,40.73,2,-2,-83.36,0
219.89,40.32,2,-2,-83.36,0
220.69,39.52,2,-2,-83.36,0
221.25,38.96,2,-2,-83.36,0
221.64,38.57,2,-2,-83.36,0
222.37,37.84,2,-2,-83.36,0
222.86,37.35,2,-2,-83.36,0
223.47,36.74,2,-2,-83.36,0
224.47,35.74,2,-2,-83.36,0
225.85,34.36,2,-2,-83.36,0
226.64,33.57,2,-2,-83.36,0
226.95,33.26,2,-2,-83.36,0
227.79,32.42,2,-2,-83.36,0
228.51,31.7,2,-2,-83.36,0
228.91,31.3,2,-2,-83.36,0
229.73,30.48,2,-2,-83.36,0
230.09,30.12,2,-2,-83.36,0
230.83,29.38,2,-2,-83.36,0
231.26,28.95,2,-2,-83.36,0
231.89,28.32,2,-2,-83.36,0
232.62,27.59,2,-2,-83.36,0
233.22,26.99,2,-2,-83.36,0
233.83,26.38,2,-2,-83.36,0
234.32,25.89,2,-2,-83.36,0
235.19,25.02,2,-2,-83.36,0
235.52,24.69,2,-2,-83.36,0
236.33,23.88,2,-2,-83.36,0
237.09,23.12,2,-2,-83.36,0
237.71,22.5,2,-2,-83.36,0
238.59,21.62,2,-2,-83.36,0
239.48,20.73,2,-2,-83.36,0
240.34,19.87,2,-2,-83.36,0
241.15,19.06,2,-2,-83.36,0
241.86,18.35,2,-2,-83.36,0
242.54,17.67,2,-2,-83.36,0
243.19,17.02,2,-2,-83.36,0
243.86,16.35,2,-2,-83.36,0
244.46,15.75,2,-2,-83.36,0
245.18,15.03,2,-2,-83.36,0
245.84,14.37,2,-2,-83.36,0
246.68,13.53,2,-2,-83.36,0
247.47,12.74,2,-2,-83.36,0
248.03,12.18,2,-2,-83.36,0
248.82,11.39,2,-2,-83.36,0
249.43,10.78,2,-2,-83.36,0
250.22,9.99,2,-2,-83.36,0
250.7,9.51,2,-2,-83.36,0
251.45,8.76,2,-2,-83.36,0
252.21,8.0,2,-2,-83.36,0
252.93,7.28,2,-2,-83.36,0
253.73,6.48,2,-2,-83.36,0
254.21,6.0,2,-2,-83.36,0
254.7,5.51,2,-2,-83.36,0
255.42,4.79,2,-2,-83.36,0
256.32,3.89,2,-2,-83.36,0
256.89,3.32,2,-2,-83.36,0
257.49,2.72,2,-2,-83.36,0
257.83,2.39,2,-2,-83.36,0
258.7,1.51,2,-2,-83.36,0
259.1,1.11,2,-2,-83.36,0
260.03,0.18,2,-2,-83.36,0
260.62,-0.41,2,-2,-83.36,0
261.22,-1.01,2,-2,-83.36,0
261.82,-1.61,2,-2,-83.36,0
262.43,-2.21,2,-2,-83.36,0
263.15,-2.94,2,-2,-83.36,0
263.64,-3.42,2,-2,-83.36,0
264.38,-4.17,2,-2,-83.36,0
265.11,-4.9,2,-2,-83.36,0
265.6,-5.39,2,-2,-83.36,0
266.09,-5.87,2,-2,-83.36,0
266.58,-6.37,2,-2,-83.36,0
267.07,-6.86,2,-2,-83.36,0
267.79,-7.58,2,-2,-83.36,0
268.35,-8.14,2,-2,-83.36,0
269.12,-8.91,2,-2,-83.36,0
269.61,-9.4,2,-2,-83.36,0
270.34,-10.13,2,-2,-83.36,0
270.87,-10.66,2,-2,-83.36,0
271.6,-11.39,2,-2,-83.36,0
272.33,-12.12,2,-2,-83.36,0
273.06,-12.85,2,-2,-83.36,0
273.86,-13.65,2,-2,-83.36,0
274.36,-14.15,2,-2,-83.36,0
275.16,-14.95,2,-2,-83.36,0
275.89,-15.68,2,-2,-83.36,0
276.43,-16.22,2,-2,-83.36,0
277.16,-16.95,2,-2,-83.36,0
277.66,-17.45,2,-2,-83.36,0
278.45,-18.24,2,-2,-83.36,0
278.82,-18.61,2,-2,-83.36,0
279.31,-19.1,2,-2,-83.36,0
279.9,-19.69,2,-2,-83.36,0
280.51,-20.3,2,-2,-83.36,0
280.91,-20.7,2,-2,-83.36,0
281.41,-21.2,2,-2,-83.36,0
281.9,-21.69,2,-2,-83.36,0
282.4,-22.19,2,-2,-83.36,0
283.0,-22.79,2,-2,-83.36,0
283.37,-23.16,2,-2,-83.36,0
283.86,-23.65,2,-2,-83.36,0
284.49,-24.28,2,-2,-83.36,0
285.34,-25.13,2,-2,-83.36,0
285.73,-25.52,2,-2,-83.36,0
286.34,-26.13,2,-2,-83.36,0
287.06,-26.85,2,-2,-83.36,0
288.02,-27.81,2,-2,-83.36,0
288.7,-28.48,2,-2,-83.36,0
289.34,-29.13,2,-2,-83.36,0
290.14,-29.93,2,-2,-83.36,0
290.91,-30.7,2,-2,-83.36,0
291.55,-31.33,2,-2,-83.36,0
292.32,-32.11,2,-2,-83.36,0
292.9,-32.69,2,-2,-83.36,0
293.26,-33.05,2,-2,-83.36,0
293.88,-33.67,2,-2,-83.36,0
294.38,-34.17,2,-2,-83.36,0
295.23,-35.02,2,-2,-83.36,0
295.62,-35.41,2,-2,-83.36,0
296.6,-36.39,2,-2,-83.36,0
297.09,-36.87,2,-2,-83.36,0
297.57,-37.36,2,-2,-83.36,0
298.12,-37.91,2,-2,-83.36,0
298.85,-38.64,2,-2,-83.36,0
299.33,-39.12,2,-2,-83.36,0
300.07,-39.86,2,-2,-83.36,0
300.83,-40.62,2,-2,-83.36,0
301.39,-41.18,2,-2,-83.36,0
301.72,-41.51,2,-2,-83.36,0
302.5,-42.29,2,-2,-83.36,0
303.24,-43.03,2,-2,-83.36,0
303.73,-43.52,2,-2,-83.36,0
304.45,-44.24,2,-2,-83.36,0
305.2,-44.99,2,-2,-83.36,0
306.05,-45.84,2,-2,-83.36,0
306.66,-46.45,2,-2,-83.36,0
307.26,-47.05,2,-2,-83.36,0
307.94,-47.73,2,-2,-83.36,0
308.54,-48.33,2,-2,-83.36,0
309.3,-49.09,2,-2,-83.36,0
309.91,-49.7,2,-2,-83.36,0
310.52,-50.31,2,-2,-83.36,0
311.3,-51.09,2,-2,-83.36,0
311.92,-51.71,2,-2,-83.36,0
312.72,-52.51,2,-2,-83.36,0
313.37,-53.16,2,-2,-83.36,0
313.97,-53.76,2,-2,-83.36,0
314.8,-54.59,2,-2,-83.36,0
315.17,-54.95,2,-2,-83.36,0
315.85,-55.63,2,-2,-83.36,0
316.58,-56.37,2,-2,-83.36,0
317.43,-57.21,2,-2,-83.36,0
318.03,-57.82,2,-2,-83.36,0
318.49,-58.28,2,-2,-83.36,0
319.18,-58.97,2,-2,-83.36,0
319.92,-59.71,2,-2,-83.36,0
320.7,-60.49,2,-2,-83.36,0
321.37,-61.16,2,-2,-83.36,0
322.03,-61.82,2,-2,-83.36,0
322.79,-62.58,2,-2,-83.36,0
323.4,-63.19,2,-2,-83.36,0
324.18,-63.97,2,-2,-83.36,0
324.97,-64.76,2,-2,-83.36,0
325.7,-65.49,2,-2,-83.36,0
326.44,-66.23,2,-2,-83.36,0
327.23,-67.02,2,-2,-83.36,0
327.75,-67.54,2,-2,-83.36,0
328.64,-68.43,2,-2,-83.36,0
329.26,-69.05,2,-2,-83.36,0
330.01,-69.8,2,-2,-83.36,0
329.49,-70.3,-2,-2,-83.36,0
328.73,-71.07,-2,-2,-83.36,0
328.07,-71.72,-2,-2,-83.36,0
327.25,-72.55,-2,-2,-83.36,0
326.51,-73.29,-2,-2,-83.36,0
325.89,-73.9,-2,-2,-83.36,0
325.05,-74.75,-2,-2,-83.36,0
324.32,-75.48,-2,-2,-83.36,0
323.54,-76.26,-2,-2,-83.36,0
322.76,-77.04,-2,-2,-83.36,0
322.15,-77.65,-2,-2,-83.36,0
321.57,-78.23,-2,-2,-83.36,0
321.23,-78.57,-2,-2,-83.36,0
320.61,-79.19,-2,-2,-83.36,0
319.73,-80.07,-2,-2,-83.36,0
319.12,-80.67,-2,-2,-83.36,0
318.51,-81.29,-2,-2,-83.36,0
317.86,-81.94,-2,-2,-83.36,0
317.26,-82.54,-2,-2,-83.36,0
316.83,-82.97,-2,-2,-83.36,0
316.05,-83.75,-2,-2,-83.36,0
315.4,-84.39,-2,-2,-83.36,0
314.69,-85.11,-2,-2,-83.36,0
314.28,-85.51,-2,-2,-83.36,0
313.6,-86.2,-2,-2,-83.36,0
313.14,-86.65,-2,-2,-83.36,0
311.94,-87.86,-2,-2,-83.36,0
311.32,-88.48,-2,-2,-83.36,0
310.66,-89.14,-2,-2,-83.36,0
309.98,-89.82,-2,-2,-83.36,0
309.36,-90.43,-2,-2,-83.36,0
308.72,-91.07,-2,-2,-83.36,0
308.03,-91.77,-2,-2,-83.36,0
307.21,-92.59,-2,-2,-83.36,0
306.51,-93.29,-2,-2,-83.36,0
306.07,-93.72,-2,-2,-83.36,0
305.57,-94.22,-2,-2,-83.36,0
305.01,-94.79,-2,-2,-83.36,0
304.35,-95.45,-2,-2,-83.36,0
303.72,-96.08,-2,-2,-83.36,0
303.36,-96.44,-2,-2,-83.36,0
302.87,-96.93,-2,-2,-83.36,0
302.27,-97.53,-2,-2,-83.36,0
301.63,-98.16,-2,-2,-83.36,0
301.25,-98.55,-2,-2,-83.36,0
300.53,-99.26,-2,-2,-83.36,0
300.19,-99.6,-2,-2,-83.36,0
299.34,-100.46,-2,-2,-83.36,0
299.02,-100.78,-2,-2,-83.36,0
298.52,-101.28,-2,-2,-83.36,0
297.95,-101.85,-2,-2,-83.36,0
297.3,-102.49,-2,-2,-83.36,0
296.69,-103.11,-2,-2,-83.36,0
296.05,-103.75,-2,-2,-83.36,0
295.35,-104.44,-2,-2,-83.36,0
294.72,-105.08,-2,-2,-83.36,0
294.3,-105.5,-2,-2,-83.36,0
293.56,-106.24,-2,-2,-83.36,0
292.92,-106.88,-2,-2,-83.36,0
292.07,-107.73,-2,-2,-83.36,0
291.45,-108.35,-2,-2,-83.36,0
291.09,-108.71,-2,-2,-83.36,0
290.48,-109.31,-2,-2,-83.36,0
289.98,-109.81,-2,-2,-83.36,0
289.15,-110.65,-2,-2,-83.36,0
288.49,-111.31,-2,-2,-83.36,0
287.82,-111.98,-2,-2,-83.36,0
287.24,-112.56,-2,-2,-83.36,0
286.54,-113.25,-2,-2,-83.36,0
285.94,-113.86,-2,-2,-83.36,0
285.18,-114.62,-2,-2,-83.36,0
284.74,-115.06,-2,-2,-83.36,0
284.32,-115.48,-2,-2,-83.36,0
283.5,-116.3,-2,-2,-83.36,0
283.07,-116.72,-2,-2,-83.36,0
282.58,-117.22,-2,-2,-83.36,0
281.73,-118.07,-2,-2,-83.36,0
281.0,-118.8,-2,-2,-83.36,0
280.3,-119.49,-2,-2,-83.36,0
279.67,-120.13,-2,-2,-83.36,0
279.18,-120.62,-2,-2,-83.36,0
278.49,-121.31,-2,-2,-83.36,0
277.85,-121.94,-2,-2,-83.36,0
277.21,-122.59,-2,-2,-83.36,0
276.82,-122.98,-2,-2,-83.36,0
276.05,-123.75,-2,-2,-83.36,0
275.73,-124.06,-2,-2,-83.36,0
275.14,-124.66,-2,-2,-83.36,0
274.22,-125.58,-2,-2,-83.36,0
273.76,-126.04,-2,-2,-83.36,0
272.91,-126.89,-2,-2,-83.36,0
272.29,-127.51,-2,-2,-83.36,0
271.71,-128.09,-2,-2,-83.36,0
270.92,-128.88,-2,-2,-83.36,0
270.43,-129.36,-2,-2,-83.36,0
269.83,-129.97,-2,-2,-83.36,0
268.99,-130.81,-2,-2,-83.36,0
268.58,-131.22,-2,-2,-83.36,0
267.98,-131.82,-2,-2,-83.36,0
267.29,-132.51,-2,-2,-83.36,0
266.67,-133.13,-2,-2,-83.36,0
266.35,-133.44,-2,-2,-83.36,0
265.74,-134.05,-2,-2,-83.36,0
265.26,-134.54,-2,-2,-83.36,0
264.79,-135.01,-2,-2,-83.36,0
264.28,-135.52,-2,-2,-83.36,0
263.47,-136.33,-2,-2,-83.36,0
262.5,-137.29,-2,-2,-83.36,0
261.9,-137.89,-2,-2,-83.36,0
261.49,-138.31,-2,-2,-83.36,0
260.97,-138.82,-2,-2,-83.36,0
260.46,-139.34,-2,-2,-83.36,0
259.48,-140.32,-2,-2,-83.36,0
259.07,-140.73,-2,-2,-83.36,0
258.34,-141.46,-2,-2,-83.36,0
257.94,-141.86,-2,-2,-83.36,0
257.17,-142.63,-2,-2,-83.36,0
256.75,-143.05,-2,-2,-83.36,0
256.04,-143.75,-2,-2,-83.36,0
255.19,-144.6,-2,-2,-83.36,0
254.65,-145.14,-2,-2,-83.36,0
254.24,-145.55,-2,-2,-83.36,0
253.24,-146.56,-2,-2,-83.36,0
252.55,-147.25,-2,-2,-81.94,1
251.73,-148.06,-2,-2,-80.23,1
251.16,-148.63,-2,-2,-79.05,1
250.56,-149.23,-2,-2,-77.8,1
249.93,-149.86,-2,-2,-76.49,1
249.21,-150.59,-2,-2,-74.98,1
248.89,-150.9,-2,-2,-74.32,1
248.05,-151.74,-2,-2,-72.57,1
247.53,-152.26,-2,-2,-71.49,1
246.81,-152.99,-2,-2,-69.97,1
246.1,-153.7,-2,-2,-68.5,1
245.75,-154.05,-2,-2,-67.76,1
244.94,-154.86,-2,-2,-66.08,1
244.33,-155.46,-2,-2,-64.82,1
243.7,-156.1,-2,-2,-63.49,1
243.35,-156.44,-2,-2,-62.78,1
242.38,-157.42,-2,-2,-60.74,1
241.65,-158.15,-2,-2,-59.23,1
241.31,-158.49,-2,-2,-58.51,1
240.43,-159.37,-2,-2,-56.69,1
239.76,-160.03,-2,-2,-55.3,1
239.16,-160.64,-2,-2,-54.04,1
238.5,-161.3,-2,-2,-52.67,1
237.86,-161.94,-2,-2,-51.32,1
237.27,-162.53,-2,-2,-50.1,1
236.66,-163.14,-2,-2,-48.83,1
236.15,-163.65,-2,-2,-47.77,1
235.39,-164.41,-2,-2,-46.19,1
234.73,-165.07,-2,-2,-44.81,1
234.23,-165.56,-2,-2,-43.77,1
233.23,-166.56,-2,-2,-41.69,1
232.63,-167.17,-2,-2,-40.44,1
232.0,-167.8,-2,-2,-39.11,1
231.32,-168.47,-2,-2,-37.71,1
230.96,-168.84,-2,-2,-36.96,1
230.46,-169.34,-2,-2,-35.91,1
229.99,-169.81,-2,-2,-34.93,1
229.52,-170.28,-2,-2,-33.96,1
228.9,-170.89,-2,-2,-32.67,1
228.55,-171.25,-2,-2,-31.94,1
228.07,-171.73,-2,-2,-30.94,1
227.36,-172.44,-2,-2,-29.46,1
226.87,-172.92,-2,-2,-28.44,1
226.23,-173.57,-2,-2,-27.1,1
225.6,-174.2,-2,-2,-25.78,1
224.98,-174.82,-2,-2,-24.5,1
224.38,-175.42,-2,-2,-23.24,1
223.49,-176.3,-2,-2,-21.4,1
223.15,-176.64,-2,-2,-20.69,1
222.06,-177.74,-2,-2,-18.42,1
221.32,-178.47,-2,-2,-16.88,1
220.74,-179.05,-2,-2,-15.67,1
220.28,-179.52,-2,-2,-14.7,1
219.27,-180.52,-2,-2,-12.61,1
218.42,-181.37,-2,-2,-10.84,1
217.81,-181.99,-2,-2,-9.56,1
217.03,-182.76,-2,-2,-7.95,1
216.39,-183.41,-2,-2,-6.6,1
215.87,-183.93,-2,-2,-5.51,1
215.54,-184.26,-2,-2,-4.83,1
214.47,-185.33,-2,-2,-2.6,1
213.86,-185.94,-2,-2,-1.32,1
213.27,-186.53,-2,-2,-0.1,1
212.67,-187.13,-2,-2,1.14,1
211.82,-187.98,-2,-2,1.14,0
211.06,-188.73,-2,-2,1.14,0
210.39,-189.4,-2,-2,1.14,0
209.62,-190.18,-2,-2,1.14,0
208.98,-190.82,-2,-2,1.14,0
208.1,-191.7,-2,-2,1.14,0
207.43,-192.36,-2,-2,1.14,0
206.62,-193.18,-2,-2,1.14,0
206.18,-193.61,-2,-2,1.14,0
205.68,-194.12,-2,-2,1.14,0
205.02,-194.78,-2,-2,1.14,0
204.64,-195.16,-2,-2,1.14,0
203.72,-196.07,-2,-2,1.14,0
203.3,-196.49,-2,-2,1.14,0
202.82,-196.97,-2,-2,1.14,0
202.03,-197.77,-2,-2,1.14,0
201.3,-198.49,-2,-2,1.14,0
200.82,-198.98,-2,-2,1.14,0
200.09,-199.7,-2,-2,1.14,0
198.13,-201.66,-2,-2,1.14,0
197.39,-202.4,-2,-2,1.14,0
196.99,-202.81,-2,-2,1.14,0
196.02,-203.77,-2,-2,1.14,0
195.41,-204.39,-2,-2,1.14,0
194.68,-205.11,-2,-2,1.14,0
193.95,-205.84,-2,-2,1.14,0
193.46,-206.33,-2,-2,1.14,0
192.62,-207.18,-2,-2,1.14,0
192.14,-207.66,-2,-2,1.14,0
191.29,-208.5,-2,-2,1.14,0
190.57,-209.23,-2,-2,1.14,0
189.97,-209.82,-2,-2,1.14,0
189.47,-210.33,-2,-2,1.14,0
188.96,-210.83,-2,-2,1.14,0
188.36,-211.44,-2,-2,1.14,0
187.69,-212.11,-2,-2,1.14,0
187.35,-212.45,-2,-2,1.14,0
186.5,-213.3,-2,-2,1.14,0
185.89,-213.9,-2,-2,1.14,0
185.53,-214.26,-2,-2,1.14,0
184.66,-215.14,-2,-2,1.14,0
184.02,-215.77,-2,-2,1.14,0
183.38,-216.41,-2,-2,1.14,0
182.78,-217.01,-2,-2,1.14,0
182.35,-217.44,-2,-2,1.14,0
181.88,-217.92,-2,-2,1.14,0
181.09,-218.7,-2,-2,1.14,0
180.46,-219.34,-2,-2,1.14,0
179.82,-219.97,-2,-2,1.14,0
179.08,-220.72,-2,-2,1.14,0
178.45,-221.35,-2,-2,1.14,0
177.97,-221.82,-2,-2,1.14,0
177.46,-222.33,-2,-2,1.14,0
176.8,-222.99,-2,-2,1.14,0
176.08,-223.72,-2,-2,1.14,0
175.35,-224.45,-2,-2,1.14,0
174.75,-225.05,-2,-2,1.14,0
174.14,-225.66,-2,-2,1.14,0
173.57,-226.23,-2,-2,1.14,0
172.85,-226.95,-2,-2,1.14,0
172.36,-227.44,-2,-2,1.14,0
171.6,-228.19,-2,-2,1.14,0
170.87,-228.93,-2,-2,1.14,0
170.37,-229.43,-2,-2,1.14,0
169.63,-230.16,-2,-2,1.14,0
168.87,-230.93,-2,-2,1.14,0
168.52,-231.28,-2,-2,1.14,0
167.65,-232.14,-2,-2,1.14,0
167.18,-232.62,-2,-2,1.14,0
166.32,-233.48,-2,-2,1.14,0
165.81,-233.99,-2,-2,1.14,0
164.97,-234.82,-2,-2,1.14,0
164.32,-235.48,-2,-2,1.14,0
163.55,-236.25,-2,-2,1.14,0
163.12,-236.68,-2,-2,1.14,0
162.39,-237.41,-2,-2,1.14,0
162.0,-237.8,-2,-2,1.14,0
161.27,-238.53,-2,-2,1.14,0
160.91,-238.89,-2,-2,1.14,0
160.19,-239.6,-2,-2,1.14,0
159.39,-240.41,-2,-2,1.14,0
158.77,-241.02,-2,-2,1.14,0
158.17,-241.63,-2,-2,1.14,0
157.33,-242.47,-2,-2,1.14,0
156.72,-243.08,-2,-2,1.14,0
155.98,-243.82,-2,-2,1.14,0
155.34,-244.45,-2,-2,1.14,0
154.61,-245.19,-2,-2,1.14,0
153.79,-246.0,-2,-2,1.14,0
153.29,-246.5,-2,-2,1.14,0
152.8,-246.99,-2,-2,1.14,0
152.32,-247.48,-2,-2,1.14,0
151.47,-248.33,-2,-2,1.14,0
150.73,-249.07,-2,-2,1.14,0
150.13,-249.67,-2,-2,1.14,0
149.63,-250.17,-2,-2,1.14,0
149.14,-250.65,-2,-2,1.14,0
148.65,-251.15,-2,-2,1.14,0
147.91,-251.89,-2,-2,1.14,0
147.08,-252.72,-2,-2,1.14,0
146.53,-253.27,-2,-2,1.14,0
145.95,-253.85,-2,-2,1.14,0
145.44,-254.36,-2,-2,1.14,0
144.82,-254.97,-2,-2,1.14,0
144.28,-255.52,-2,-2,1.14,0
143.42,-256.38,-2,-2,1.14,0
142.64,-257.15,-2,-2,1.14,0
142.16,-257.63,-2,-2,1.14,0
141.53,-258.26,-2,-2,1.14,0
140.8,-258.99,-2,-2,1.14,0
140.34,-259.45,-2,-2,1.14,0
139.47,-260.33,-2,-2,1.14,0
138.98,-260.82,-2,-2,1.14,0
138.32,-261.47,-2,-2,1.14,0
137.72,-262.07,-2,-2,1.14,0
137.24,-262.56,-2,-2,1.14,0
136.52,-263.28,-2,-2,1.14,0
135.91,-263.89,-2,-2,1.14,0
135.28,-264.52,-2,-2,1.14,0
134.41,-265.38,-2,-2,1.14,0
134.07,-265.73,-2,-2,1.14,0
133.22,-266.58,-2,-2,1.14,0
132.86,-266.93,-2,-2,1.14,0
132.33,-267.47,-2,-2,1.14,0
131.6,-268.2,-2,-2,1.14,0
130.98,-268.82,-2,-2,1.14,0
130.67,-269.13,-2,-2,1.14,0
130.01,-269.79,-2,-2,1.14,0
129.5,-270.3,-2,-2,1.14,0
128.74,-271.05,-2,-2,1.14,0
128.38,-271.41,-2,-2,1.14,0
127.46,-272.33,-2,-2,1.14,0
127.13,-272.67,-2,-2,1.14,0
126.41,-273.39,-2,-2,1.14,0
125.92,-273.87,-2,-2,1.14,0
125.47,-274.32,-2,-2,1.14,0
124.86,-274.94,-2,-2,1.14,0
124.2,-275.6,-2,-2,1.14,0
123.59,-276.21,-2,-2,1.14,0
123.11,-276.69,-2,-2,1.14,0
122.42,-277.38,-2,-2,1.14,0
121.78,-278.02,-2,-2,1.14,0
121.34,-278.46,-2,-2,1.14,0
120.88,-278.92,-2,-2,1.14,0
120.09,-279.7,-2,-2,1.14,0
119.77,-280.03,-2,-2,1.14,0
118.83,-280.97,-2,-2,1.14,0
118.49,-281.31,-2,-2,1.14,0
117.85,-281.95,-2,-2,1.14,0
116.97,-282.83,-2,-2,1.14,0
116.56,-283.24,-2,-2,1.14,0
116.07,-283.73,-2,-2,1.14,0
115.19,-284.61,-2,-2,1.14,0
114.83,-284.97,-2,-2,1.14,0
114.34,-285.46,-2,-2,1.14,0
113.86,-285.94,-2,-2,1.14,0
113.23,-286.57,-2,-2,1.14,0
112.86,-286.94,-2,-2,1.14,0
112.39,-287.41,-2,-2,1.14,0
111.69,-288.11,-2,-2,1.14,0
111.33,-288.47,-2,-2,1.14,0
110.82,-288.98,-2,-2,1.14,0
110.2,-289.6,-2,-2,1.14,0
109.45,-290.34,-2,-2,1.14,0
108.81,-289.35,-2,2,1.14,0
108.14,-288.69,-2,2,1.14,0
107.47,-288.02,-2,2,1.14,0
106.82,-287.37,-2,2,1.14,0
106.15,-286.69,-2,2,1.14,0
105.77,-286.31,-2,2,1.14,0
105.29,-285.84,-2,2,1.14,0
104.48,-285.03,-2,2,1.14,0
103.72,-284.27,-2,2,1.14,0
102.98,-283.53,-2,2,1.14,0
102.48,-283.03,-2,2,1.14,0
101.73,-282.28,-2,2,1.14,0
101.11,-281.65,-2,2,1.14,0
100.61,-281.15,-2,2,1.14,0
99.73,-280.28,-2,2,1.14,0
99.11,-279.66,-2,2,1.14,0
98.75,-279.3,-2,2,1.14,0
98.23,-278.78,-2,2,1.14,0
97.76,-278.3,-2,2,1.14,0
97.2,-277.75,-2,2,1.14,0
96.52,-277.06,-2,2,1.14,0
95.91,-276.46,-2,2,1.14,0
95.44,-275.98,-2,2,1.14,0
94.83,-275.37,-2,2,1.14,0
94.1,-274.65,-2,2,1.14,0
93.74,-274.29,-2,2,1.14,0
93.25,-273.8,-2,2,1.14,0
92.72,-273.27,-2,2,1.14,0
92.1,-272.64,-2,2,1.14,0
91.49,-272.04,-2,2,1.14,0
90.54,-271.09,-2,2,1.14,0
90.14,-270.69,-2,2,1.14,0
89.49,-270.04,-2,2,1.14,0
89.03,-269.58,-2,2,1.14,0
88.18,-268.72,-2,2,1.14,0
87.56,-268.11,-2,2,1.14,0
87.14,-267.68,-2,2,1.14,0
86.59,-267.14,-2,2,1.14,0
85.87,-266.41,-2,2,1.14,0
85.23,-265.78,-2,2,1.14,0
84.37,-264.91,-2,2,1.14,0
84.05,-264.59,-2,2,1.14,0
83.31,-263.85,-2,2,1.14,0
82.74,-263.29,-2,2,1.14,0
82.04,-262.59,-2,2,1.14,0
81.4,-261.95,-2,2,1.14,0
81.04,-261.59,-2,2,1.14,0
80.04,-260.59,-2,2,1.14,0
79.34,-259.89,-2,2,1.14,0
78.62,-259.16,-2,2,1.14,0
78.22,-258.77,-2,2,1.14,0
77.74,-258.29,-2,2,1.14,0
77.25,-257.8,-2,2,1.14,0
76.72,-257.27,-2,2,1.14,0
76.12,-256.67,-2,2,1.14,0
75.49,-256.04,-2,2,1.14,0
74.89,-255.44,-2,2,1.14,0
74.29,-254.84,-2,2,1.14,0
73.69,-254.23,-2,2,1.14,0
73.22,-253.76,-2,2,1.14,0
72.72,-253.26,-2,2,1.14,0
72.09,-252.64,-2,2,1.14,0
71.73,-252.28,-2,2,1.14,0
71.1,-251.65,-2,2,1.14,0
70.67,-251.22,-2,2,1.14,0
69.63,-250.18,-2,2,1.14,0
69.24,-249.79,-2,2,1.14,0
68.39,-248.93,-2,2,1.14,0
67.73,-248.28,-2,2,1.14,0
67.07,-247.62,-2,2,1.14,0
66.71,-247.26,-2,2,1.14,0
66.21,-246.76,-2,2,1.14,0
65.64,-246.19,-2,2,1.14,0
65.08,-245.63,-2,2,1.14,0
64.22,-244.76,-2,2,1.14,0
63.71,-244.25,-2,2,1.14,0
63.2,-243.75,-2,2,1.14,0
62.71,-243.25,-2,2,1.14,0
62.09,-242.63,-2,2,1.14,0
61.61,-242.16,-2,2,1.14,0
61.01,-241.55,-2,2,1.14,0
60.38,-240.93,-2,2,1.14,0
59.59,-240.13,-2,2,1.14,0
59.21,-239.75,-2,2,1.14,0
58.46,-239.0,-2,2,1.14,0
57.59,-238.14,-2,2,1.14,0
56.95,-237.49,-2,2,1.14,0
56.61,-237.15,-2,2,1.14,0
55.75,-236.29,-2,2,1.14,0
55.1,-235.65,-2,2,1.14,0
54.37,-234.92,-2,2,1.14,0
53.55,-234.1,-2,2,1.14,0
52.91,-233.46,-2,2,1.14,0
52.55,-233.09,-2,2,1.14,0
51.58,-232.13,-2,2,1.14,0
50.66,-231.2,-2,2,1.14,0
50.04,-230.59,-2,2,1.14,0
49.39,-229.94,-2,2,1.14,0
48.63,-229.18,-2,2,1.14,0
48.3,-228.85,-2,2,1.14,0
47.44,-227.99,-2,2,1.14,0
47.03,-227.58,-2,2,1.14,0
46.16,-226.71,-2,2,1.14,0
45.83,-226.38,-2,2,1.14,0
45.34,-225.89,-2,2,1.14,0
44.87,-225.41,-2,2,1.14,0
44.39,-224.94,-2,2,1.14,0
43.29,-223.83,-2,2,1.14,0
42.5,-223.05,-2,2,1.14,0
41.84,-222.39,-2,2,1.14,0
40.99,-221.53,-2,2,1.14,0
40.38,-220.92,-2,2,1.14,0
39.66,-220.21,-2,2,1.14,0
38.81,-219.36,-2,2,1.14,0
38.08,-218.63,-2,2,1.14,0
37.37,-217.92,-2,2,1.14,0
37.02,-217.57,-2,2,1.14,0
36.39,-216.94,-2,2,1.14,0
35.55,-216.09,-2,2,1.14,0
34.89,-215.43,-2,2,1.14,0
34.2,-214.75,-2,2,1.14,0
33.82,-214.37,-2,2,1.14,0
33.21,-213.76,-2,2,1.14,0
32.27,-212.81,-2,2,1.14,0
31.43,-211.97,-2,2,1.14,0
30.88,-211.43,-2,2,1.14,0
30.38,-210.93,-2,2,1.14,0
29.71,-210.25,-2,2,1.14,0
29.15,-209.7,-2,2,1.14,0
28.03,-208.58,-2,2,1.14,0
27.2,-207.75,-2,2,1.14,0
26.38,-206.93,-2,2,1.14,0
25.53,-206.08,-2,2,1.14,0
24.53,-205.07,-2,2,1.14,0
23.9,-204.45,-2,2,1.14,0
23.05,-203.6,-2,2,1.14,0
22.45,-203.0,-2,2,1.14,0
21.73,-202.27,-2,2,1.14,0
21.12,-201.67,-2,2,1.14,0
20.44,-200.99,-2,2,1.14,0
19.72,-200.27,-2,2,1.14,0
19.08,-199.63,-2,2,1.14,0
18.3,-198.85,-2,2,1.14,0
17.93,-198.48,-2,2,1.14,0
17.2,-197.75,-2,2,1.14,0
16.43,-196.97,-2,2,1.14,0
15.76,-196.3,-2,2,1.14,0
14.91,-195.46,-2,2,1.14,0
14.16,-194.71,-2,2,1.14,0
13.74,-194.29,-2,2,1.14,0
12.98,-193.52,-2,2,1.14,0
12.02,-192.57,-2,2,1.14,0
11.23,-191.78,-2,2,1.14,0
10.84,-191.38,-2,2,1.14,0
10.11,-190.66,-2,2,1.14,0
9.44,-189.98,-2,2,1.14,0
8.81,-189.36,-2,2,1.14,0
8.17,-188.72,-2,2,1.14,0
7.69,-188.23,-2,2,1.14,0
6.79,-187.34,-2,2,1.14,0
6.25,-186.79,-2,2,1.14,0
5.75,-186.29,-2,2,1.14,0
5.03,-185.57,-2,2,1.14,0
4.54,-185.08,-2,2,1.14,0
3.57,-184.11,-2,2,1.14,0
2.84,-183.39,-2,2,1.14,0
1.97,-182.52,-2,2,1.14,0
1.01,-181.56,-2,2,1.14,0
0.21,-180.75,-2,2,1.14,0
-0.4,-180.15,-2,2,1.14,0
-1.12,-179.42,-2,2,1.14,0
-1.91,-178.64,-2,2,1.14,0
-2.63,-177.91,-2,2,1.14,0
-3.19,-177.36,-2,2,1.14,0
-3.51,-177.04,-2,2,1.14,0
-4.5,-176.05,-2,2,1.14,0
-4.98,-175.57,-2,2,1.14,0
-5.74,-174.81,-2,2,1.14,0
-6.48,-174.06,-2,2,1.14,0
-6.85,-173.7,-2,2,1.14,0
-7.69,-172.86,-2,2,1.14,0
-8.37,-172.17,-2,2,1.14,0
-9.19,-171.36,-2,2,1.14,0
-9.75,-170.8,-2,2,1.14,0
-10.42,-170.13,-2,2,1.14,0
-11.07,-169.47,-2,2,1.14,0
-11.44,-169.11,-2,2,1.14,0
-12.52,-168.02,-2,2,1.14,0
-13.19,-167.36,-2,2,1.14,0
-13.61,-166.93,-2,2,1.14,0
-14.35,-166.19,-2,2,1.14,0
-15.32,-165.23,-2,2,1.14,0
-15.99,-164.56,-2,2,1.14,0
-16.89,-163.66,-2,2,1.14,0
-17.62,-162.93,-2,2,1.14,0
-18.15,-162.39,-2,2,1.14,0
-19.02,-161.53,-2,2,1.14,0
-19.63,-160.92,-2,2,1.14,0
-20.49,-160.06,-2,2,1.14,0
-21.09,-159.45,-2,2,1.14,0
-21.85,-158.7,-2,2,1.14,0
-22.34,-158.21,-2,2,1.14,0
-23.07,-157.48,-2,2,1.14,0
-23.43,-157.12,-2,2,1.14,0
-24.33,-156.22,-2,2,1.14,0
-24.93,-155.61,-2,2,1.14,0
-25.63,-154.92,-2,2,1.14,0
-26.19,-154.35,-2,2,1.14,0
-26.81,-153.73,-2,2,1.14,0
-27.56,-152.99,-2,2,1.14,0
-28.26,-152.29,-2,2,1.14,0
-28.91,-151.64,-2,2,1.14,0
-29.27,-151.28,-2,2,1.14,0
-30.0,-150.55,-2,2,1.14,0
-30.61,-149.94,-2,2,1.14,0
-31.01,-149.54,-2,2,1.14,0
-31.86,-148.68,-2,2,1.14,0
-32.46,-148.08,-2,2,1.14,0
-33.17,-147.37,-2,2,1.14,0
-33.72,-146.83,-2,2,1.14,0
-34.48,-146.07,-2,2,1.14,0
-35.17,-145.38,-2,2,1.14,0
-35.97,-144.58,-2,2,1.14,0
-36.59,-143.95,-2,2,1.14,0
-37.13,-143.42,-2,2,1.14,0
-37.62,-142.93,-2,2,1.14,0
-38.35,-142.19,-2,2,1.14,0
-39.17,-141.38,-2,2,1.14,0
-39.67,-140.87,-2,2,1.14,0
-40.16,-140.39,-2,2,1.14,0
-40.88,-139.66,-2,2,1.14,0
-41.61,-138.94,-2,2,1.14,0
-42.09,-138.45,-2,2,1.14,0
-42.6,-137.95,-2,2,1.14,0
-43.33,-137.22,-2,2,1.14,0
-44.1,-136.45,-2,2,1.14,0
-44.82,-135.72,-2,2,1.14,0
-45.31,-135.23,-2,2,1.14,0
-46.04,-134.51,-2,2,1.14,0
-46.58,-133.96,-2,2,1.14,0
-47.7,-132.85,-2,2,1.14,0
-48.42,-132.12,-2,2,1.14,0
-49.18,-131.37,-2,2,1.14,0
-49.57,-130.97,-2,2,1.14,0
-50.42,-130.12,-2,2,1.14,0
-51.27,-129.28,-2,2,1.14,0
-51.93,-128.62,-2,2,1.14,0
-52.65,-127.9,-2,2,1.14,0
-53.41,-127.14,-2,2,1.14,0
-54.22,-126.32,-2,2,1.14,0
-54.74,-125.8,-2,2,1.14,0
-55.47,-125.08,-2,2,1.14,0
-55.95,-124.59,-2,2,1.14,0
-56.68,-123.86,-2,2,1.14,0
-57.55,-123.0,-2,2,1.14,0
-58.04,-122.51,-2,2,1.14,0
-58.76,-121.78,-2,2,1.14,0
-59.49,-121.06,-2,2,1.14,0
-60.28,-120.26,-2,2,1.14,0
-60.99,-119.56,-2,2,1.14,0
-61.42,-119.12,-2,2,1.14,0
-62.24,-118.31,-2,2,1.14,0
-62.85,-117.7,-2,2,1.14,0
-63.14,-117.41,-2,2,1.14,0
-64.0,-116.54,-2,2,1.14,0
-64.75,-115.79,-2,2,1.14,0
-65.21,-115.34,-2,2,1.14,0
-65.86,-114.68,-2,2,1.14,0
-66.28,-114.26,-2,2,1.14,0
-67.07,-113.47,-2,2,1.14,0
-67.6,-112.95,-2,2,1.14,0
-68.3,-112.25,-2,2,1.14,0
-69.07,-111.48,-2,2,1.14,0
-69.64,-110.9,-2,2,1.14,0
-70.12,-110.42,-2,2,1.14,0
-70.73,-109.82,-2,2,1.14,0
-71.59,-108.96,-2,2,1.14,0
-72.14,-108.4,-2,2,1.14,0
-72.74,-107.8,-2,2,1.14,0
-73.48,-107.06,-2,2,1.14,0
-74.3,-106.25,-2,2,1.14,0
-74.94,-105.61,-2,2,1.14,0
-75.42,-105.13,-2,2,1.14,0
-76.33,-104.22,-2,2,1.14,0
-76.94,-103.61,-2,2,1.14,0
-77.54,-103.0,-2,2,1.14,0
-78.15,-102.4,-2,2,1.14,0
-78.64,-101.91,-2,2,1.14,0
-79.2,-101.35,-2,2,1.14,0
-80.07,-100.47,-2,2,1.14,0
-80.44,-100.11,-2,2,1.14,0
-81.04,-99.51,-2,2,1.14,0
-81.77,-98.78,-2,2,1.14,0
-82.22,-98.33,-2,2,1.14,0
-83.2,-97.35,-2,2,1.14,0
-83.56,-96.99,-2,2,1.14,0
-84.48,-96.07,-2,2,1.14,0
-85.41,-95.14,-2,2,1.14,0
-86.16,-94.38,-2,2,1.14,0
-86.84,-93.71,-2,2,1.14,0
-87.26,-93.28,-2,2,1.14,0
-88.23,-92.31,-2,2,1.14,0
-88.8,-91.74,-2,2,1.14,0
-89.45,-91.1,-2,2,1.14,0
-90.09,-90.45,-2,2,1.14,0
-90.7,-89.85,-2,2,1.14,0
-91.09,-89.45,-2,2,1.14,0
-91.73,-88.82,-2,2,1.14,0
-92.63,-87.91,-2,2,1.14,0
-93.55,-87.0,-2,2,1.14,0
-93.97,-86.57,-2,2,1.14,0
-94.8,-85.74,-2,2,1.14,0
-95.17,-85.38,-2,2,1.14,0
-95.97,-84.58,-2,2,1.14,0
-96.55,-84.0,-2,2,1.14,0
-96.88,-83.67,-2,2,1.14,0
-97.64,-82.9,-2,2,1.14,0
-98.53,-82.02,-2,2,1.14,0
-98.93,-81.61,-2,2,1.14,0
-99.56,-80.98,-2,2,1.14,0
-100.22,-80.32,-2,2,1.14,0
-100.9,-79.65,-2,2,1.14,0
-101.56,-78.99,-2,2,1.14,0
-102.14,-78.4,-2,2,1.14,0
-102.63,-77.92,-2,2,1.14,0
-103.13,-77.42,-2,2,1.14,0
-104.1,-76.45,-2,2,1.14,0
-104.69,-75.85,-2,2,1.14,0
-105.31,-75.23,-2,2,1.14,0
-105.89,-74.65,-2,2,1.14,0
-106.47,-74.08,-2,2,1.14,0
-106.86,-73.68,-2,2,1.14,0
-107.46,-73.09,-2,2,1.14,0
-108.0,-72.54,-2,2,1.14,0
-108.78,-71.77,-2,2,1.14,0
-109.15,-71.4,-2,2,1.14,0
-110.06,-70.49,-2,2,1.14,0
-110.42,-70.13,-2,2,1.14,0
-111.21,-69.34,-2,2,1.14,0
-111.86,-68.69,-2,2,1.14,0
-112.34,-68.2,-2,2,1.14,0
-113.13,-67.41,-2,2,1.14,0
-113.8,-66.74,-2,2,1.14,0
-114.23,-66.31,-2,2,1.14,0
-114.8,-65.75,-2,2,1.14,0
-115.41,-65.14,-2,2,1.14,0
-116.22,-64.32,-2,2,1.14,0
-116.81,-63.74,-2,2,1.14,0
-117.57,-62.97,-2,2,1.14,0
-117.95,-62.6,-2,2,1.14,0
-118.58,-61.97,-2,2,1.14,0
-119.17,-61.37,-2,2,1.14,0
-119.74,-60.81,-2,2,1.14,0
-120.41,-60.13,-2,2,1.14,0
-121.16,-59.38,-2,2,1.14,0
-121.5,-59.05,-2,2,1.14,0
-122.05,-58.5,-2,2,1.14,0
-122.53,-58.01,-2,2,1.14,0
-123.02,-57.53,-2,2,1.14,0
-123.5,-57.05,-2,2,1.14,0
-124.49,-56.06,-2,2,1.14,0
-124.9,-55.64,-2,2,1.14,0
-125.82,-54.73,-2,2,1.14,0
-126.48,-54.07,-2,2,1.14,0
-126.84,-53.71,-2,2,1.14,0
-127.33,-53.22,-2,2,1.14,0
-128.26,-52.29,-2,2,1.14,0
-128.58,-51.97,-2,2,1.14,0
-129.47,-51.08,-2,2,1.14,0
-130.11,-50.43,-2,2,1.14,0
-130.48,-50.07,-2,2,1.14,0
-131.25,-49.29,-2,2,1.14,0
-131.91,-48.63,-2,2,1.14,0
-132.55,-47.99,-2,2,1.14,0
-133.18,-47.37,-2,2,1.14,0
-133.51,-47.03,-2,2,1.14,0
-134.05,-46.49,-2,2,1.14,0
-134.57,-45.98,-2,2,1.14,0
-135.03,-45.51,-2,2,1.14,0
-135.83,-44.72,-2,2,1.14,0
-136.19,-44.36,-2,2,1.14,0
-136.74,-43.8,-2,2,1.14,0
-137.34,-43.21,-2,2,1.14,0
-138.13,-42.42,-2,2,1.14,0
-138.77,-41.78,-2,2,1.14,0
-139.45,-41.09,-2,2,1.14,0
-139.85,-40.69,-2,2,1.14,0
-140.58,-39.97,-2,2,1.14,0
-141.26,-39.28,-2,2,1.14,0
-141.99,-38.56,-2,2,1.14,0
-142.43,-38.12,-2,2,1.14,0
-143.38,-37.17,-2,2,1.14,0
-143.72,-36.82,-2,2,1.14,0
-144.47,-36.08,-2,2,1.14,0
-145.11,-35.43,-2,2,1.14,0
-145.48,-35.06,-2,2,1.14,0
-146.02,-34.53,-2,2,1.14,0
-146.53,-34.01,-2,2,1.14,0
-147.27,-33.27,-2,2,1.14,0
-147.63,-32.91,-2,2,1.14,0
-148.51,-32.03,-2,2,1.14,0
-148.83,-31.71,-2,2,1.14,0
-149.44,-31.11,-2,2,1.14,0
-150.15,-30.4,-2,2,1.14,0
-151.02,-29.52,-2,2,1.14,0
-151.51,-29.03,-2,2,1.14,0
-152.03,-28.52,-2,2,1.14,0
-152.98,-27.57,-2,2,1.14,0
-153.35,-27.2,-2,2,1.14,0
-154.0,-26.54,-2,2,1.14,0
-154.48,-26.07,-2,2,1.14,0
-155.09,-25.46,-2,2,1.14,0
-155.45,-25.1,-2,2,1.14,0
-156.26,-24.29,-2,2,1.14,0
-156.93,-23.61,-2,2,1.14,0
-157.61,-22.94,-2,2,1.14,0
-158.38,-22.17,-2,2,1.14,0
-159.05,-21.5,-2,2,1.14,0
-159.36,-21.18,-2,2,1.14,0
-160.08,-20.46,-2,2,1.14,0
-160.49,-20.06,-2,2,1.14,0
-161.24,-19.31,-2,2,1.14,0
-162.13,-18.41,-2,2,1.14,0
-162.86,-17.69,-2,2,1.14,0
-163.5,-17.05,-2,2,1.14,0
-164.15,-16.4,-2,2,1.14,0
-164.81,-15.73,-2,2,1.14,0
-165.78,-14.77,-2,2,1.14,0
-166.41,-14.13,-2,2,1.14,0
-167.09,-13.45,-2,2,1.14,0
-167.94,-12.61,-2,2,1.14,0
-169.04,-11.51,-2,2,1.14,0
-169.81,-10.73,-2,2,1.14,0
-170.47,-10.07,-2,2,1.14,0
-171.18,-9.37,-2,2,1.14,0
-171.83,-8.72,-2,2,1.14,0
-172.55,-7.99,-2,2,1.14,0
-173.38,-7.17,-2,2,1.14,0
-173.94,-6.6,-2,2,1.14,0
-174.79,-5.75,-2,2,1.14,0
-175.36,-5.18,-2,2,1.14,0
-176.24,-4.31,-2,2,1.14,0
-177.07,-3.47,-2,2,1.14,0
-177.55,-2.99,-2,2,1.14,0
-178.28,-2.26,-2,2,1.14,0
-178.69,-1.85,-2,2,1.14,0
-179.17,-1.37,-2,2,1.14,0
-180.02,-0.53,-2,2,1.14,0
-180.86,0.31,-2,2,1.14,0
-181.47,0.92,-2,2,1.14,0
-182.2,1.65,-2,2,1.14,0
-182.83,2.29,-2,2,1.14,0
-183.45,2.91,-2,2,1.14,0
-184.18,3.63,-2,2,1.14,0
-184.58,4.04,-2,2,1.14,0
-185.3,4.75,-2,2,1.14,0
-186.06,5.51,-2,2,1.14,0
-186.55,6.01,-2,2,1.14,0
-187.18,6.63,-2,2,1.14,0
-187.81,7.26,-2,2,1.14,0
-188.51,7.97,-2,2,1.14,0
-189.21,8.66,-2,2,1.14,0
-189.87,9.32,-2,2,1.14,0
-190.53,9.99,-2,2,1.14,0
-191.02,10.47,-2,2,1.14,0
-191.76,11.21,-2,2,1.14,0
-192.43,11.88,-2,2,1.14,0
-192.91,12.36,-2,2,1.14,0
-193.54,12.99,-2,2,1.14,0
-194.04,13.49,-2,2,1.14,0
-194.65,14.1,-2,2,1.14,0
-195.26,14.71,-2,2,1.14,0
-195.62,15.08,-2,2,1.14,0
-196.42,15.88,-2,2,1.14,0
-196.83,16.28,-2,2,1.14,0
-197.32,16.78,-2,2,1.14,0
-197.81,17.27,-2,2,1.14,0
-198.56,18.02,-2,2,1.14,0
-199.07,18.53,-2,2,1.14,0
-199.96,19.42,-2,2,1.14,0
-200.62,20.07,-2,2,1.14,0
-200.98,20.44,-2,2,1.14,0
-201.84,21.29,-2,2,1.14,0
-202.33,21.79,-2,2,1.14,0
-202.82,22.27,-2,2,1.14,0
-203.35,22.81,-2,2,1.14,0
-204.17,23.62,-2,2,1.14,0
-204.65,24.1,-2,2,1.14,0
-205.3,24.76,-2,2,1.14,0
-206.26,25.72,-2,2,1.14,0
-206.91,26.37,-2,2,1.14,0
-207.58,27.03,-2,2,1.14,0
-208.33,27.78,-2,2,1.14,0
-208.82,28.27,-2,2,1.14,0
-209.43,28.88,-2,2,1.14,0
-209.95,29.4,-2,2,1.14,0
-210.47,29.92,-2,2,1.14,0
-211.33,30.79,-2,2,1.14,0
-211.69,31.14,-2,2,1.14,0
-212.66,32.12,-2,2,1.14,0
-213.27,32.72,-2,2,1.14,0
-213.76,33.21,-2,2,1.14,0
-214.24,33.69,-2,2,1.14,0
-214.99,34.44,-2,2,1.14,0
-215.58,35.03,-2,2,1.14,0
-216.54,36.0,-2,2,1.14,0
-217.22,36.67,-2,2,1.14,0
-217.7,37.16,-2,2,1.14,0
-218.48,37.93,-2,2,1.14,0
-218.97,38.42,-2,2,1.14,0
-219.7,39.15,-2,2,1.14,0
-220.43,39.88,-2,2,1.14,0
-220.91,40.37,-2,2,1.14,0
-221.4,40.85,-2,2,1.14,0
-222.12,41.57,-2,2,1.14,0
-222.7,42.15,-2,2,1.14,0
-223.19,42.64,-2,2,1.14,0
-223.67,43.12,-2,2,1.14,0
-224.52,43.97,-2,2,1.14,0
-224.88,44.33,-2,2,1.14,0
-225.56,45.02,-2,2,1.14,0
-226.42,45.87,-2,2,1.14,0
-227.03,46.48,-2,2,1.14,0
-227.63,47.08,-2,2,1.14,0
-228.36,47.81,-2,2,1.14,0
-228.84,48.3,-2,2,1.14,0
-229.71,49.17,-2,2,1.14,0
-230.2,49.65,-2,2,1.14,0
-230.69,50.14,-2,2,1.14,0
-231.29,50.75,-2,2,1.14,0
-231.82,51.27,-2,2,1.14,0
-232.38,51.84,-2,2,1.14,0
-233.0,52.45,-2,2,1.14,0
-233.61,53.06,-2,2,1.14,0
-234.1,53.56,-2,2,1.14,0
-234.99,54.44,-2,2,1.14,0
-235.67,55.12,-2,2,1.14,0
-236.42,55.87,-2,2,1.14,0
-237.41,56.87,-2,2,1.14,0
-237.75,57.2,-2,2,1.14,0
-238.38,57.84,-2,2,1.14,0
-239.25,58.71,-2,2,1.14,0
-240.01,59.46,-2,2,1.14,0
-241.07,60.52,-2,2,1.14,0
-241.56,61.01,-2,2,1.14,0
-242.48,61.94,-2,2,1.14,0
-242.84,62.3,-2,2,1.14,0
-243.66,63.11,-2,2,1.14,0
-244.42,63.88,-2,2,1.14,0
-244.98,64.43,-2,2,1.14,0
-245.91,65.36,-2,2,1.14,0
-246.68,66.14,-2,2,1.14,0
-247.35,66.81,-2,2,1.14,0
-247.77,67.23,-2,2,1.14,0
-248.7,68.15,-2,2,1.14,0
-249.31,68.76,-2,2,1.14,0
-249.88,69.34,-2,2,1.14,0
-250.25,69.71,-2,2,1.14,0
-250.98,70.43,-2,2,1.14,0
-251.58,71.03,-2,2,1.14,0
-252.32,71.78,-2,2,1.14,0
-252.93,72.38,-2,2,1.14,0
-253.35,72.8,-2,2,1.14,0
-254.31,73.76,-2,2,1.14,0
-254.71,74.16,-2,2,1.14,0
-255.42,74.87,-2,2,1.14,0
-256.4,75.86,-2,2,1.14,0
-256.98,76.43,-2,2,1.14,0
-257.59,77.05,-2,2,1.14,0
-258.0,77.45,-2,2,1.14,0
-258.85,78.31,-2,2,1.14,0
-259.22,78.67,-2,2,1.14,0
-259.78,79.23,-2,2,1.14,0
-260.68,80.13,-2,2,1.14,0
-261.29,80.74,-2,2,1.14,0
-261.9,81.35,-2,2,1.14,0
-262.47,81.93,-2,2,1.14,0
-262.86,82.31,-2,2,1.14,0
-263.84,83.29,-2,2,1.14,0
-264.57,84.02,-2,2,1.14,0
-265.16,84.62,-2,2,1.14,0
-265.82,85.28,-2,2,1.14,0
-266.46,85.91,-2,2,1.14,0
-267.08,86.53,-2,2,1.14,0
-267.67,87.12,-2,2,1.14,0
-268.28,87.73,-2,2,1.14,0
-268.74,88.2,-2,2,1.14,0
-269.53,88.99,-2,2,1.14,0
-270.2,89.66,-2,2,1.14,0
-270.57,90.02,-2,2,1.14,0
-271.15,90.6,-2,2,1.14,0
-272.02,91.47,-2,2,1.14,0
-272.69,92.15,-2,2,1.14,0
-273.3,92.75,-2,2,1.14,0
-273.86,93.31,-2,2,1.14,0
-274.46,93.91,-2,2,1.14,0
-275.11,94.57,-2,2,1.14,0
-275.92,95.38,-2,2,1.14,0
-276.64,96.09,-2,2,1.14,0
-277.46,96.91,-2,2,1.14,0
-278.19,97.64,-2,2,1.14,0
-278.65,98.1,-2,2,1.14,0
-279.56,99.01,-2,2,1.14,0
-279.92,99.38,-2,2,1.14,0
-280.93,100.38,-2,2,1.14,0
-281.29,100.75,-2,2,1.14,0
-282.08,101.53,-2,2,1.14,0
-282.71,102.17,-2,2,1.14,0
-283.41,102.86,-2,2,1.14,0
-284.17,103.62,-2,2,1.14,0
-285.01,104.47,-2,2,1.14,0
-285.62,105.07,-2,2,1.14,0
-286.28,105.73,-2,2,1.14,0
-286.94,106.4,-2,2,1.14,0
-287.78,107.24,-2,2,1.14,0
-288.41,107.86,-2,2,1.14,0
-289.28,108.74,-2,2,1.14,0
-290.01,109.46,-2,2,1.14,0
-290.86,110.32,-2,2,1.14,0
-291.57,111.02,-2,2,1.14,0
-292.42,111.87,-2,2,1.14,0
-293.4,112.85,-2,2,1.14,0
-294.03,113.48,-2,2,1.14,0
-294.87,114.33,-2,2,1.14,0
-295.55,115.01,-2,2,1.14,0
-296.39,115.85,-2,2,1.14,0
-297.0,116.45,-2,2,1.14,0
-297.69,117.14,-2,2,1.14,0
-298.33,117.79,-2,2,1.14,0
-298.99,118.45,-2,2,1.14,0
-299.72,119.17,-2,2,1.14,0
-300.44,119.89,-2,2,1.14,0
-301.54,120.99,-2,2,1.14,0
-302.14,121.59,-2,2,1.14,0
-302.85,122.31,-2,2,1.14,0
-303.33,122.78,-2,2,1.14,0
-303.98,123.43,-2,2,1.14,0
-304.65,124.1,-2,2,1.14,0
-305.27,124.73,-2,2,1.14,0
-305.95,125.41,-2,2,1.14,0
-306.62,126.07,-2,2,1.14,0
-307.24,126.69,-2,2,1.14,0
-308.25,127.71,-2,2,1.14,0
-308.84,128.29,-2,2,1.14,0
-309.71,129.16,-2,2,1.14,0
-310.58,130.03,-2,2,1.14,0
-311.51,130.97,-2,2,1.14,0
-312.1,131.55,-2,2,1.14,0
-312.81,132.26,-2,2,1.14,0
-313.81,133.27,-2,2,1.14,0
-314.48,133.94,-2,2,1.14,0
-315.13,134.59,-2,2,1.14,0
-315.87,135.32,-2,2,1.14,0
-316.23,135.69,-2,2,1.14,0
-317.02,136.47,-2,2,1.14,0
-317.39,136.84,-2,2,1.14,0
-317.99,137.45,-2,2,1.14,0
-318.6,138.05,-2,2,1.14,0
-319.29,138.74,-2,2,1.14,0
-319.98,139.43,-2,2,1.14,0
-320.52,139.98,-2,2,1.14,0
-320.91,140.37,-2,2,1.14,0
-321.79,141.24,-2,2,1.14,0
-322.42,141.88,-2,2,1.14,0
-322.97,142.42,-2,2,1.14,0
-323.58,143.04,-2,2,1.14,0
-324.35,143.8,-2,2,1.14,0
-325.01,144.47,-2,2,1.14,0
-325.5,144.95,-2,2,1.14,0
-326.23,145.68,-2,2,1.14,0
-326.9,146.35,-2,2,1.14,0
-327.64,147.09,-2,2,1.14,0
-328.24,147.7,-2,2,1.14,0
-328.95,148.4,-2,2,1.14,0
-329.31,148.77,-2,2,1.14,0
-329.83,149.28,-2,2,1.14,0
-330.68,150.13,-2,2,1.14,0
-329.41,150.72,2,2,1.14,0
-328.72,151.41,2,2,1.14,0
-328.08,152.05,2,2,1.14,0
-327.47,152.66,2,2,1.14,0
-326.83,153.3,2,2,1.14,0
-326.16,153.97,2,2,1.14,0
-325.59,154.54,2,2,1.14,0
-325.11,155.03,2,2,1.14,0
-324.73,155.41,2,2,1.14,0
-323.79,156.34,2,2,1.14,0
-323.41,156.73,2,2,1.14,0
-322.62,157.51,2,2,1.14,0
-321.91,158.22,2,2,1.14,0
-321.19,158.94,2,2,1.14,0
-320.48,159.65,2,2,1.14,0
-319.75,160.38,2,2,1.14,0
-319.15,160.99,2,2,1.14,0
-318.77,161.36,2,2,1.14,0
-318.29,161.85,2,2,1.14,0
-317.64,162.5,2,2,1.14,0
-316.99,163.14,2,2,1.14,0
-316.38,163.75,2,2,1.14,0
-315.6,164.53,2,2,1.14,0
-314.86,165.27,2,2,1.14,0
-314.3,165.84,2,2,1.14,0
-313.63,166.5,2,2,1.14,0
-313.27,166.87,2,2,1.14,0
-312.42,167.71,2,2,1.14,0
-312.04,168.09,2,2,1.14,0
-311.09,169.04,2,2,1.14,0
-310.48,169.65,2,2,1.14,0
-310.12,170.02,2,2,1.14,0
-309.38,170.75,2,2,1.14,0
-308.71,171.42,2,2,1.14,0
-308.02,172.11,2,2,1.14,0
-307.05,173.08,2,2,1.14,0
-306.38,173.75,2,2,1.14,0
-306.02,174.11,2,2,1.14,0
-305.53,174.61,2,2,1.14,0
-305.03,175.1,2,2,1.14,0
-304.28,175.85,2,2,1.14,0
-303.86,176.27,2,2,1.14,0
-303.31,176.83,2,2,1.14,0
-302.83,177.3,2,2,1.14,0
-302.33,177.81,2,2,1.14,0
-301.84,178.3,2,2,1.14,0
-301.28,178.85,2,2,1.14,0
-300.4,179.73,2,2,1.14,0
-299.59,180.54,2,2,1.14,0
-298.86,181.28,2,2,1.14,0
-298.32,181.81,2,2,1.14,0
-297.84,182.29,2,2,1.14,0
-297.03,183.11,2,2,1.14,0
-296.14,183.99,2,2,1.14,0
-295.54,184.59,2,2,1.14,0
-295.05,185.09,2,2,1.14,0
-294.32,185.81,2,2,1.14,0
-293.7,186.44,2,2,1.14,0
-293.28,186.85,2,2,1.14,0
-292.26,187.88,2,2,1.14,0
-291.59,188.54,2,2,1.14,0
-290.93,189.21,2,2,1.14,0
-290.53,189.6,2,2,1.14,0
-289.81,190.33,2,2,1.14,0
-289.05,191.08,2,2,1.14,0
-288.38,191.75,2,2,1.14,0
-288.0,192.13,2,2,1.14,0
-287.34,192.8,2,2,1.14,0
-286.94,193.19,2,2,1.14,0
-286.17,193.97,2,2,1.14,0
-285.85,194.29,2,2,1.14,0
-285.07,195.06,2,2,1.14,0
-284.41,195.72,2,2,1.14,0
-283.72,196.41,2,2,1.14,0
-283.24,196.89,2,2,1.14,0
-282.37,197.76,2,2,1.14,0
-281.89,198.24,2,2,1.14,0
-281.36,198.77,2,2,1.14,0
-280.85,199.28,2,2,1.14,0
-280.19,199.94,2,2,1.14,0
-279.47,200.67,2,2,1.14,0
-278.72,201.41,2,2,1.14,0
-278.4,201.73,2,2,1.14,0
-277.59,202.54,2,2,1.14,0
-277.23,202.9,2,2,1.14,0
-276.11,204.02,2,2,1.14,0
-275.46,204.67,2,2,1.14,0
-274.92,205.22,2,2,1.14,0
-274.42,205.71,2,2,1.14,0
-273.67,206.47,2,2,1.14,0
-272.98,207.15,2,2,1.14,0
-272.38,207.76,2,2,1.14,0
-271.61,208.53,2,2,1.14,0
-271.12,209.02,2,2,1.14,0
-270.4,209.74,2,2,1.14,0
-269.64,210.49,2,2,1.14,0
-268.97,211.16,2,2,1.14,0
-268.24,211.89,2,2,1.14,0
-267.76,212.37,2,2,1.14,0
-267.27,212.86,2,2,1.14,0
-266.78,213.36,2,2,1.14,0
-266.17,213.97,2,2,1.14,0
-265.68,214.46,2,2,1.14,0
-264.95,215.18,2,2,1.14,0
-264.11,216.03,2,2,1.14,0
-263.5,216.63,2,2,1.14,0
-262.89,217.24,2,2,1.14,0
-262.17,217.96,2,2,1.14,0
-261.88,218.25,2,2,1.14,0
-261.15,218.98,2,2,1.14,0
-260.39,219.75,2,2,1.14,0
-259.58,220.56,2,2,1.14,0
-259.08,221.06,2,2,1.14,0
-258.32,221.82,2,2,1.14,0
-257.71,222.42,2,2,1.14,0
-257.23,222.9,2,2,1.14,0
-256.44,223.69,2,2,1.14,0
-256.02,224.12,2,2,1.14,0
-255.28,224.85,2,2,1.14,0
-254.68,225.46,2,2,1.14,0
-254.05,226.09,2,2,1.14,0
-253.1,227.03,2,2,1.14,0
-252.47,227.67,2,2,1.14,0
-251.76,228.37,2,2,1.14,0
-251.11,229.02,2,2,1.14,0
-250.38,229.75,2,2,1.14,0
-249.76,230.37,2,2,1.14,0
-249.37,230.77,2,2,1.14,0
-248.56,231.58,2,2,1.14,0
-247.86,232.27,2,2,1.14,0
-247.5,232.64,2,2,1.14,0
-246.98,233.15,2,2,1.14,0
-246.37,233.76,2,2,1.14,0
-245.31,234.82,2,2,1.14,0
-244.99,235.15,2,2,1.14,0
-244.07,236.06,2,2,1.14,0
-243.46,236.67,2,2,1.14,0
-243.14,237.0,2,2,1.14,0
-242.51,237.62,2,2,1.14,0
-241.5,238.63,2,2,1.14,0
-240.82,239.32,2,2,1.14,0
-240.02,240.11,2,2,1.14,0
-239.36,240.77,2,2,1.14,0
-238.97,241.16,2,2,1.14,0
-238.21,241.92,2,2,1.14,0
-237.56,242.58,2,2,1.14,0
-236.94,243.2,2,2,1.14,0
-236.3,243.84,2,2,1.14,0
-235.77,244.37,2,2,1.14,0
-235.04,245.09,2,2,1.14,0
-234.58,245.55,2,2,1.14,0
-233.49,246.64,2,2,1.14,0
-233.11,247.03,2,2,1.14,0
-232.58,247.55,2,2,1.14,0
-231.69,248.44,2,2,1.14,0
-231.13,249.01,2,2,1.14,0
-230.71,249.43,2,2,1.14,0
-230.1,250.03,2,2,1.14,0
-229.47,250.66,2,2,1.14,0
-229.08,251.06,2,2,1.14,0
-228.41,251.72,2,2,1.14,0
-227.81,252.33,2,2,1.14,0
-227.2,252.94,2,2,1.14,0
-226.84,253.3,2,2,1.14,0
-225.98,254.16,2,2,1.14,0
-225.37,254.77,2,2,1.14,0
-224.77,255.37,2,2,1.14,0
-223.94,256.2,2,2,1.14,0
-223.46,256.68,2,2,1.14,0
-222.64,257.5,2,2,1.14,0
-222.33,257.81,2,2,1.14,0
-221.66,258.47,2,2,1.14,0
-220.78,259.35,2,2,1.14,0
-220.12,260.01,2,2,1.14,0
-219.52,260.62,2,2,1.14,0
-218.91,261.23,2,2,1.14,0
-218.5,261.63,2,2,1.14,0
-217.96,262.17,2,2,1.14,0
-217.17,262.97,2,2,1.14,0
-216.51,263.62,2,2,1.14,0
-216.02,264.11,2,2,1.14,0
-215.45,264.69,2,2,1.14,0
-214.67,265.47,2,2,1.14,0
-214.01,266.13,2,2,1.14,0
-213.58,266.56,2,2,1.14,0
-212.58,267.55,2,2,1.14,0
-212.25,267.88,2,2,1.14,0
-211.46,268.67,2,2,1.14,0
-210.98,269.16,2,2,1.14,0
-210.13,270.0,2,2,1.14,0
-209.81,270.32,2,2,1.14,0
-208.97,271.16,2,2,1.14,0
-208.26,271.87,2,2,1.14,0
-207.59,272.54,2,2,1.14,0
-207.23,272.91,2,2,1.14,0
-206.49,273.64,2,2,1.14,0
-206.08,274.05,2,2,1.14,0
-205.6,274.54,2,2,1.14,0
-204.65,275.49,2,2,1.14,0
-204.25,275.88,2,2,1.14,0
-203.59,276.54,2,2,1.14,0
-202.88,277.25,2,2,1.14,0
-201.87,278.27,2,2,1.14,0
-201.55,278.58,2,2,1.14,0
-200.94,279.19,2,2,1.14,0
-200.42,279.71,2,2,1.14,0
-199.7,280.44,2,2,1.14,0
-199.22,280.92,2,2,1.14,0
-198.47,281.67,2,2,1.14,0
-197.86,282.27,2,2,1.14,0
-197.5,282.63,2,2,1.14,0
-196.96,283.17,2,2,1.14,0
-196.39,283.74,2,2,1.14,0
-195.61,284.52,2,2,1.14,0
-195.14,284.99,2,2,1.14,0
-194.34,285.8,2,2,1.14,0
-193.68,286.45,2,2,1.14,0
-193.22,286.91,2,2,1.14,0
-192.86,287.28,2,2,1.14,0
-192.34,287.79,2,2,1.14,0
-191.81,288.33,2,2,1.14,0
-191.33,288.81,2,2,1.14,0
-190.72,289.41,2,2,1.14,0
-190.13,290.0,2,2,1.14,0
-189.49,289.36,2,-2,1.14,0
-188.89,288.75,2,-2,1.14,0
-188.27,288.14,2,-2,1.14,0
-187.47,287.33,2,-2,1.14,0
-186.92,286.79,2,-2,1.14,0
-186.42,286.29,2,-2,1.14,0
-185.58,285.44,2,-2,1.14,0
-185.22,285.08,2,-2,1.14,0
-184.54,284.41,2,-2,1.14,0
-183.59,283.46,2,-2,1.14,0
-183.23,283.1,2,-2,1.14,0
-182.62,282.49,2,-2,1.14,0
-182.06,281.93,2,-2,1.14,0
-181.56,281.42,2,-2,1.14,0
-181.0,280.87,2,-2,1.14,0
-180.26,280.13,2,-2,1.14,0
-179.52,279.39,2,-2,1.14,0
-179.19,279.05,2,-2,1.14,0
-178.58,278.45,2,-2,1.14,0
-177.72,277.58,2,-2,1.14,0
-177.4,277.27,2,-2,1.14,0
-176.9,276.76,2,-2,1.14,0
-176.11,275.97,2,-2,1.14,0
-175.44,275.31,2,-2,1.14,0
-174.91,274.77,2,-2,1.14,0
-174.27,274.13,2,-2,1.14,0
-173.9,273.77,2,-2,1.14,0
-173.42,273.29,2,-2,1.14,0
-172.62,272.49,2,-2,1.14,0
-172.19,272.05,2,-2,1.14,0
-171.68,271.54,2,-2,1.14,0
-171.2,271.06,2,-2,1.14,0
-170.51,270.38,2,-2,1.14,0
-169.78,269.65,2,-2,1.14,0
-169.06,268.92,2,-2,1.14,0
-168.33,268.2,2,-2,1.14,0
-167.69,267.56,2,-2,1.14,0
-167.13,267.0,2,-2,1.14,0
-166.77,266.64,2,-2,1.14,0
-166.14,266.01,2,-2,1.14,0
-165.25,265.11,2,-2,1.14,0
-164.77,264.64,2,-2,1.14,0
-164.01,263.88,2,-2,1.14,0
-163.39,263.26,2,-2,1.14,0
-162.79,262.65,2,-2,1.14,0
-162.18,262.05,2,-2,1.14,0
-161.77,261.63,2,-2,1.14,0
-161.16,261.03,2,-2,1.14,0
-160.29,260.16,2,-2,1.14,0
-159.69,259.55,2,-2,1.14,0
-159.33,259.19,2,-2,1.14,0
-158.46,258.33,2,-2,1.14,0
-157.83,257.7,2,-2,1.14,0
-157.21,257.07,2,-2,1.14,0
-156.55,256.41,2,-2,1.14,0
-155.95,255.81,2,-2,1.14,0
-155.56,255.42,2,-2,1.14,0
-154.94,254.81,2,-2,1.14,0
-154.46,254.33,2,-2,1.14,0
-153.85,253.72,2,-2,1.14,0
-153.5,253.37,2,-2,1.14,0
-153.02,252.88,2,-2,1.14,0
-152.41,252.28,2,-2,1.14,0
-151.73,251.59,2,-2,1.14,0
-151.36,251.22,2,-2,1.14,0
-150.73,250.6,2,-2,1.14,0
-149.94,249.8,2,-2,1.14,0
-149.35,249.22,2,-2,1.14,0
-148.94,248.8,2,-2,1.14,0
-148.45,248.32,2,-2,1.14,0
-147.79,247.66,2,-2,1.14,0
-147.38,247.24,2,-2,1.14,0
-146.76,246.63,2,-2,1.14,0
-146.2,246.07,2,-2,1.14,0
-145.33,245.2,2,-2,1.14,0
-144.96,244.83,2,-2,1.14,0
-144.22,244.08,2,-2,1.14,0
-143.56,243.43,2,-2,1.14,0
-142.81,242.68,2,-2,1.14,0
-142.38,242.24,2,-2,1.14,0
-141.9,241.77,2,-2,1.14,0
-141.43,241.3,2,-2,1.14,0
-140.95,240.82,2,-2,1.14,0
-140.38,240.24,2,-2,1.14,0
-139.78,239.65,2,-2,1.14,0
-139.18,239.05,2,-2,1.14,0
-138.68,238.54,2,-2,1.14,0
-138.07,237.94,2,-2,1.14,0
-137.43,237.3,2,-2,1.14,0
-136.95,236.82,2,-2,1.14,0
-136.43,236.3,2,-2,1.14,0
-135.76,235.63,2,-2,1.14,0
-135.03,234.89,2,-2,1.14,0
-134.47,234.34,2,-2,1.14,0
-133.85,233.71,2,-2,1.14,0
-133.33,233.19,2,-2,1.14,0
-132.81,232.68,2,-2,1.14,0
-132.18,232.05,2,-2,1.14,0
-131.66,231.53,2,-2,1.14,0
-131.17,231.03,2,-2,1.14,0
-130.43,230.29,2,-2,1.14,0
-129.77,229.64,2,-2,1.14,0
-129.36,229.23,2,-2,1.14,0
-128.88,228.74,2,-2,1.14,0
-128.0,227.86,2,-2,1.14,0
-127.41,227.27,2,-2,1.14,0
-126.99,226.85,2,-2,1.14,0
-126.49,226.35,2,-2,1.14,0
-125.88,225.74,2,-2,1.14,0
-125.39,225.25,2,-2,1.14,0
-124.58,224.45,2,-2,1.14,0
-124.29,224.16,2,-2,1.14,0
-123.46,223.33,2,-2,1.14,0
-122.78,222.65,2,-2,1.14,0
-122.42,222.29,2,-2,1.14,0
-121.55,221.42,2,-2,1.14,0
-120.91,220.77,2,-2,1.14,0
-120.3,220.16,2,-2,1.14,0
-119.96,219.82,2,-2,1.14,0
-119.1,218.97,2,-2,1.14,0
-118.41,218.27,2,-2,1.14,0
-117.67,217.54,2,-2,1.14,0
-117.05,216.92,2,-2,1.14,0
-116.45,216.31,2,-2,1.14,0
-115.82,215.68,2,-2,1.14,0
-115.06,214.93,2,-2,1.14,0
-114.36,214.22,2,-2,1.14,0
-113.98,213.85,2,-2,1.14,0
-113.14,213.0,2,-2,1.14,0
-112.41,212.28,2,-2,1.14,0
-111.68,211.55,2,-2,1.14,0
-111.18,211.05,2,-2,1.14,0
-110.69,210.56,2,-2,1.14,0
-109.95,209.81,2,-2,1.14,0
-109.44,209.3,2,-2,1.14,0
-108.66,208.53,2,-2,1.14,0
-107.92,207.78,2,-2,1.14,0
-107.38,207.24,2,-2,1.14,0
-106.65,206.52,2,-2,1.14,0
-106.15,206.02,2,-2,1.14,0
-105.33,205.2,2,-2,1.14,0
-104.82,204.69,2,-2,1.14,0
-104.1,203.97,2,-2,1.14,0
-103.36,203.23,2,-2,1.14,0
-102.86,202.72,2,-2,1.14,0
-102.08,201.95,2,-2,1.14,0
-101.49,201.35,2,-2,1.14,0
-101.09,200.95,2,-2,1.14,0
-100.22,200.09,2,-2,1.14,0
-99.49,199.35,2,-2,1.14,0
-99.08,198.95,2,-2,1.14,0
-98.59,198.46,2,-2,1.14,0
-97.94,197.81,2,-2,1.14,0
-97.52,197.38,2,-2,1.14,0
-97.01,196.88,2,-2,1.14,0
-96.19,196.05,2,-2,1.14,0
-95.46,195.33,2,-2,1.14,0
-94.98,194.85,2,-2,1.14,0
-94.26,194.12,2,-2,1.14,0
-93.68,193.55,2,-2,1.14,0
-92.95,192.82,2,-2,1.14,0
-92.47,192.34,2,-2,1.14,0
-91.99,191.85,2,-2,1.14,0
-91.43,191.29,2,-2,1.14,0
-90.64,190.5,2,-2,1.14,0
-90.15,190.02,2,-2,1.14,0
-89.62,189.48,2,-2,1.14,0
-89.15,189.01,2,-2,1.14,0
-88.41,188.28,2,-2,1.14,0
-87.6,187.46,2,-2,1.14,0
-87.1,186.96,2,-2,1.14,0
-86.38,186.24,2,-2,1.14,0
-85.88,185.75,2,-2,1.14,0
-85.13,185.0,2,-2,1.14,0
-84.37,184.24,2,-2,1.14,0
-83.89,183.75,2,-2,1.14,0
-83.34,183.21,2,-2,1.14,0
-82.82,182.69,2,-2,1.14,0
-82.08,181.95,2,-2,1.14,0
-81.36,181.22,2,-2,1.14,0
-80.86,180.72,2,-2,1.14,0
-80.14,180.0,2,-2,1.14,0
-79.61,179.47,2,-2,1.14,0
-79.11,178.97,2,-2,1.14,0
-78.62,178.49,2,-2,1.14,0
-78.14,178.0,2,-2,1.14,0
-77.77,177.64,2,-2,1.14,0
-77.15,177.02,2,-2,1.14,0
-76.82,176.69,2,-2,1.14,0
-76.1,175.97,2,-2,1.14,0
-75.7,175.56,2,-2,1.14,0
-74.92,174.79,2,-2,1.14,0
-74.52,174.39,2,-2,1.14,0
-73.89,173.76,2,-2,1.14,0
-73.2,173.06,2,-2,1.14,0
-72.49,172.35,2,-2,1.14,0
-71.81,171.67,2,-2,1.14,0
-71.19,171.05,2,-2,1.14,0
-70.7,170.56,2,-2,1.14,0
-70.32,170.18,2,-2,1.14,0
-69.81,169.68,2,-2,1.14,0
-69.31,169.18,2,-2,1.14,0
-68.41,168.28,2,-2,1.14,0
-67.8,167.66,2,-2,1.14,0
-67.07,166.94,2,-2,1.14,0
-66.68,166.55,2,-2,1.14,0
-66.1,165.97,2,-2,1.14,0
-65.38,165.25,2,-2,1.14,0
-64.92,164.78,2,-2,1.14,0
-64.09,163.96,2,-2,1.14,0
-63.53,163.39,2,-2,1.14,0
-63.05,162.91,2,-2,1.14,0
-62.32,162.19,2,-2,1.14,0
-61.59,161.46,2,-2,1.14,0
-61.11,160.97,2,-2,1.14,0
-60.26,160.13,2,-2,1.14,0
-59.66,159.52,2,-2,1.14,0
-58.94,158.8,2,-2,1.14,0
-58.29,158.15,2,-2,1.14,0
-57.92,157.79,2,-2,1.14,0
-57.03,156.9,2,-2,1.14,0
-56.19,156.05,2,-2,1.14,0
-55.65,155.52,2,-2,1.14,0
-54.81,154.68,2,-2,1.14,0
-54.09,153.95,2,-2,1.14,0
-53.72,153.59,2,-2,1.14,0
-52.88,152.74,2,-2,1.14,0
-52.23,152.09,2,-2,1.14,0
-51.81,151.68,2,-2,1.14,0
-51.13,150.99,2,-2,1.14,0
-50.52,150.38,2,-2,1.14,0
-49.72,149.59,2,-2,1.14,0
-49.3,149.16,2,-2,1.14,0
-48.42,148.28,2,-2,1.14,0
-47.74,147.6,2,-2,1.14,0
-46.8,146.67,2,-2,1.14,0
-46.2,146.06,2,-2,1.14,0
-45.62,145.49,2,-2,1.14,0
-44.94,144.8,2,-2,1.14,0
-44.04,143.91,2,-2,1.14,0
-43.45,143.32,2,-2,1.14,0
-42.95,142.82,2,-2,1.14,0
-41.94,141.81,2,-2,1.14,0
-41.21,141.08,2,-2,1.14,0
-40.72,140.59,2,-2,1.14,0
-40.0,139.86,2,-2,1.14,0
-39.27,139.14,2,-2,1.14,0
-38.78,138.64,2,-2,1.14,0
-38.25,138.12,2,-2,1.14,0
-37.77,137.64,2,-2,1.14,0
-37.11,136.98,2,-2,1.14,0
-36.46,136.32,2,-2,1.14,0
-35.81,135.68,2,-2,1.14,0
-35.33,135.2,2,-2,1.14,0
-34.32,134.19,2,-2,1.14,0
-33.74,133.61,2,-2,1.14,0
-33.11,132.97,2,-2,1.14,0
-32.5,132.37,2,-2,1.14,0
-32.03,131.9,2,-2,1.14,0
-31.16,131.03,2,-2,1.14,0
-30.5,130.36,2,-2,1.14,0
-29.89,129.76,2,-2,1.14,0
-29.41,129.28,2,-2,1.14,0
-28.89,128.75,2,-2,1.14,0
-28.28,128.15,2,-2,1.14,0
-27.6,127.46,2,-2,1.14,0
-26.98,126.84,2,-2,1.14,0
-26.49,126.36,2,-2,1.14,0
-25.97,125.83,2,-2,1.14,0
-25.24,125.11,2,-2,1.14,0
-24.66,124.52,2,-2,1.14,0
-24.09,123.95,2,-2,1.14,0
-23.44,123.31,2,-2,1.14,0
-23.04,122.91,2,-2,1.14,0
-22.44,122.3,2,-2,1.14,0
-21.8,121.67,2,-2,1.14,0
-21.16,121.03,2,-2,1.14,0
-20.25,120.12,2,-2,1.14,0
-19.85,119.71,2,-2,1.14,0
-18.87,118.73,2,-2,1.14,0
-18.28,118.14,2,-2,1.14,0
-17.79,117.66,2,-2,1.14,0
-17.01,116.87,2,-2,1.14,0
-16.27,116.14,2,-2,1.14,0
-15.63,115.5,2,-2,1.14,0
-14.91,114.78,2,-2,1.14,0
-14.58,114.45,2,-2,1.14,0
-14.07,113.94,2,-2,1.14,0
-13.26,113.13,2,-2,1.14,0
-12.44,112.31,2,-2,1.14,0
-12.07,111.93,2,-2,1.14,0
-11.29,111.16,2,-2,1.14,0
-10.49,110.35,2,-2,1.14,0
-9.75,109.62,2,-2,1.14,0
-9.1,108.96,2,-2,1.14,0
-8.43,108.29,2,-2,1.14,0
-7.42,107.29,2,-2,1.14,0
-7.03,106.89,2,-2,1.14,0
-6.34,106.2,2,-2,1.14,0
-5.55,105.41,2,-2,1.14,0
-4.78,104.64,2,-2,1.14,0
-4.2,104.07,2,-2,1.14,0
-3.8,103.67,2,-2,1.14,0
-3.32,103.19,2,-2,1.14,0
-2.57,102.43,2,-2,1.14,0
-2.16,102.02,2,-2,1.14,0
-1.55,101.41,2,-2,1.14,0
-1.04,100.9,2,-2,1.14,0
-0.36,100.22,2,-2,1.14,0
0.13,99.74,2,-2,1.14,0
0.85,99.01,2,-2,1.14,0
1.64,98.22,2,-2,1.14,0
2.16,97.71,2,-2,1.14,0
2.56,97.31,2,-2,1.14,0
3.34,96.52,2,-2,1.14,0
4.0,95.86,2,-2,1.14,0
4.91,94.96,2,-2,1.14,0
5.62,94.25,2,-2,1.14,0
6.22,93.64,2,-2,1.14,0
6.81,93.06,2,-2,1.14,0
7.61,92.26,2,-2,1.14,0
8.34,91.53,2,-2,1.14,0
9.2,90.66,2,-2,1.14,0
9.93,89.94,2,-2,1.14,0
10.34,89.52,2,-2,1.14,0
11.12,88.75,2,-2,1.14,0
11.99,87.88,2,-2,1.14,0
12.47,87.39,2,-2,1.14,0
13.12,86.75,2,-2,1.14,0
13.44,86.42,2,-2,1.14,0
14.21,85.66,2,-2,1.14,0
14.94,84.93,2,-2,1.14,0
15.83,84.04,2,-2,1.14,0
16.51,83.36,2,-2,1.14,0
17.22,82.65,2,-2,1.14,0
17.91,81.95,2,-2,1.14,0
18.49,81.38,2,-2,1.14,0
19.22,80.64,2,-2,1.14,0
20.07,79.8,2,-2,1.14,0
20.72,79.14,2,-2,1.14,0
21.63,78.24,2,-2,1.14,0
22.39,77.48,2,-2,1.14,0
22.99,76.88,2,-2,1.14,0
23.77,76.09,2,-2,1.14,0
24.42,75.45,2,-2,1.14,0
25.26,74.61,2,-2,1.14,0
25.82,74.04,2,-2,1.14,0
26.44,73.43,2,-2,1.14,0
27.25,72.62,2,-2,1.14,0
27.97,71.89,2,-2,1.14,0
28.78,71.09,2,-2,1.14,0
29.65,70.21,2,-2,1.14,0
30.46,69.4,2,-2,1.14,0
31.14,68.72,2,-2,1.14,0
31.93,67.94,2,-2,1.14,0
32.6,67.27,2,-2,1.14,0
33.02,66.85,2,-2,1.14,0
33.64,66.23,2,-2,1.14,0
34.12,65.75,2,-2,1.14,0
34.72,65.15,2,-2,1.14,0
35.09,64.78,2,-2,1.14,0
35.95,63.91,2,-2,1.14,0
36.57,63.29,2,-2,1.14,0
37.18,62.69,2,-2,1.14,0
37.89,61.98,2,-2,1.14,0
38.62,61.25,2,-2,1.14,0
39.39,60.48,2,-2,1.14,0
40.1,59.77,2,-2,1.14,0
41.04,58.83,2,-2,1.14,0
41.94,57.93,2,-2,1.14,0
42.55,57.32,2,-2,1.14,0
43.54,56.33,2,-2,1.14,0
44.73,55.13,2,-2,-1.35,2
45.34,54.53,2,-2,-2.61,2
45.89,53.98,2,-2,-3.75,2
46.74,53.12,2,-2,-5.54,2
47.66,52.2,2,-2,-7.45,2
48.24,51.63,2,-2,-8.65,2
49.25,50.62,2,-2,-10.75,2
49.66,50.2,2,-2,-11.62,2
50.37,49.49,2,-2,-13.1,2
51.29,48.58,2,-2,-15.0,2
51.96,47.91,2,-2,-16.4,2
52.32,47.55,2,-2,-17.15,2
53.04,46.83,2,-2,-18.66,2
53.68,46.18,2,-2,-20.0,2
54.02,45.85,2,-2,-20.69,2
54.73,45.13,2,-2,-22.18,2
55.44,44.42,2,-2,-23.66,2
56.11,43.76,2,-2,-25.04,2
56.72,43.15,2,-2,-26.31,2
57.29,42.58,2,-2,-27.5,2
57.69,42.18,2,-2,-28.33,2
58.52,41.35,2,-2,-30.07,2
59.19,40.67,2,-2,-31.48,2
59.76,40.1,2,-2,-32.66,2
60.56,39.31,2,-2,-34.32,2
61.23,38.64,2,-2,-35.71,2
61.99,37.88,2,-2,-37.29,2
62.78,37.09,2,-2,-38.95,2
63.35,36.51,2,-2,-40.14,2
63.95,35.91,2,-2,-41.39,2
64.68,35.18,2,-2,-42.91,2
65.32,34.54,2,-2,-44.24,2
66.02,33.84,2,-2,-45.71,2
66.87,32.99,2,-2,-47.47,2
67.63,32.23,2,-2,-49.06,2
68.23,31.64,2,-2,-50.29,2
68.84,31.03,2,-2,-51.57,2
69.85,30.02,2,-2,-53.68,2
70.52,29.35,2,-2,-55.07,2
71.43,28.44,2,-2,-56.97,2
72.08,27.79,2,-2,-58.32,2
72.45,27.42,2,-2,-59.09,2
73.06,26.81,2,-2,-60.36,2
73.92,25.94,2,-2,-62.16,2
74.58,25.29,2,-2,-63.53,2
75.59,24.28,2,-2,-65.64,2
76.33,23.54,2,-2,-67.17,2
77.05,22.81,2,-2,-68.68,2
77.95,21.92,2,-2,-70.55,2
78.57,21.3,2,-2,-71.84,2
78.93,20.94,2,-2,-72.59,2
79.67,20.19,2,-2,-74.14,2
80.26,19.61,2,-2,-75.35,2
81.13,18.74,2,-2,-77.17,2
81.71,18.15,2,-2,-78.39,2
82.51,17.35,2,-2,-80.06,2
83.15,16.71,2,-2,-81.39,2
83.72,16.15,2,-2,-82.56,2
84.41,15.46,2,-2,-84.01,2
85.21,14.65,2,-2,-85.68,2
85.83,14.04,2,-2,-86.97,2
86.31,13.55,2,-2,-87.98,2
86.8,13.06,2,-2,-88.99,2
87.58,12.28,2,-2,-90.62,2
88.16,11.71,2,-2,-91.82,2
88.72,11.15,2,-2,-92.99,2
89.49,10.38,2,-2,-94.59,2
89.98,9.89,2,-2,-95.62,2
90.83,9.04,2,-2,-97.38,2
91.47,8.4,2,-2,-98.71,2
92.19,7.68,2,-2,-100.21,2
92.67,7.2,2,-2,-101.22,2
93.07,6.8,2,-2,-102.04,2
93.58,6.29,2,-2,-103.11,2
94.08,5.78,2,-2,-104.16,2
94.79,5.08,2,-2,-105.64,2
95.19,4.68,2,-2,-106.46,2
96.03,3.84,2,-2,-108.21,2
96.66,3.2,2,-2,-109.54,2
97.3,2.56,2,-2,-110.87,2
97.73,2.14,2,-2,-111.75,2
98.6,1.27,2,-2,-113.57,2
99.3,0.57,2,-2,-115.02,2
99.86,0.0,2,-2,-116.21,2
100.56,-0.69,2,-2,-117.65,2
101.18,-1.31,2,-2,-118.94,2
101.58,-1.72,2,-2,-119.79,2
102.37,-2.5,2,-2,-121.43,2
103.02,-3.16,2,-2,-122.79,2
103.7,-3.84,2,-2,-124.21,2
104.23,-4.37,2,-2,-125.31,2
105.09,-5.22,2,-2,-127.09,2
105.48,-5.62,2,-2,-127.91,2
106.09,-6.23,2,-2,-129.18,2
106.7,-6.83,2,-2,-130.44,2
107.32,-7.45,2,-2,-131.73,2
108.03,-8.16,2,-2,-133.21,2
108.63,-8.76,2,-2,-134.47,2
109.12,-9.25,2,-2,-135.48,2
109.85,-9.98,2,-2,-137.0,2
110.34,-10.47,2,-2,-138.03,2
111.22,-11.35,2,-2,-139.87,2
111.95,-12.08,2,-2,-141.38,2
112.68,-12.81,2,-2,-142.9,2
113.17,-13.31,2,-2,-143.93,2
113.69,-13.83,2,-2,-145.02,2
114.25,-14.38,2,-2,-146.17,2
115.13,-15.27,2,-2,-148.01,2
115.8,-15.93,2,-2,-149.4,2
116.44,-16.58,2,-2,-150.74,2
117.25,-17.38,2,-2,-152.42,2
117.73,-17.86,2,-2,-153.42,2
118.55,-18.69,2,-2,-155.14,2
119.04,-19.17,2,-2,-156.15,2
119.88,-20.02,2,-2,-157.91,2
120.37,-20.5,2,-2,-158.92,2
121.15,-21.29,2,-2,-160.56,2
121.71,-21.84,2,-2,-161.71,2
122.4,-22.54,2,-2,-163.17,2
122.77,-22.9,2,-2,-163.92,2
123.61,-23.74,2,-2,-165.68,2
124.36,-24.49,2,-2,-167.24,2
124.85,-24.99,2,-2,-168.27,2
125.58,-25.71,2,-2,-169.77,2
126.19,-26.32,2,-2,-171.05,2
126.85,-26.98,2,-2,-172.43,2
127.38,-27.51,2,-2,-173.53,2
128.29,-28.42,2,-2,-175.42,2
128.89,-29.03,2,-2,-176.69,2
129.21,-29.35,2,-2,-177.35,2
129.9,-30.04,2,-2,-178.79,2
130.31,-30.45,2,-2,-179.64,2
131.19,-31.33,2,-2,-181.47,2
131.86,-31.99,2,-2,-182.86,2
132.49,-32.63,2,-2,-184.18,2
132.97,-33.11,2,-2,-185.18,2
133.7,-33.83,2,-2,-186.69,2
134.19,-34.32,2,-2,-187.72,2
134.92,-35.06,2,-2,-189.25,2
135.66,-35.79,2,-2,-190.77,2
136.14,-36.28,2,-2,-191.78,2
136.62,-36.76,2,-2,-192.79,2
137.35,-37.49,2,-2,-194.31,2
138.01,-38.14,2,-2,-195.68,2
138.79,-38.93,2,-2,-197.31,2
139.4,-39.53,2,-2,-198.56,2
140.11,-40.24,2,-2,-200.05,2
140.47,-40.6,2,-2,-200.8,2
141.43,-41.56,2,-2,-202.79,2
142.03,-42.16,2,-2,-204.04,2
142.75,-42.89,2,-2,-205.56,2
143.17,-43.3,2,-2,-206.43,2
144.08,-44.21,2,-2,-206.43,0
144.59,-44.72,2,-2,-206.43,0
145.08,-45.21,2,-2,-206.43,0
145.62,-45.75,2,-2,-206.43,0
146.38,-46.51,2,-2,-206.43,0
146.94,-47.08,2,-2,-206.43,0
147.44,-47.57,2,-2,-206.43,0
148.2,-48.33,2,-2,-206.43,0
148.75,-48.88,2,-2,-206.43,0
149.55,-49.69,2,-2,-206.43,0
150.15,-50.28,2,-2,-206.43,0
150.87,-51.0,2,-2,-206.43,0
151.51,-51.65,2,-2,-206.43,0
152.36,-52.5,2,-2,-206.43,0
153.36,-53.49,2,-2,-206.43,0
153.93,-54.07,2,-2,-206.43,0
154.44,-54.58,2,-2,-206.43,0
154.93,-55.06,2,-2,-206.43,0
155.71,-55.84,2,-2,-206.43,0
156.19,-56.32,2,-2,-206.43,0
156.85,-56.98,2,-2,-206.43,0
157.69,-57.83,2,-2,-206.43,0
158.1,-58.24,2,-2,-206.43,0
158.59,-58.72,2,-2,-206.43,0
159.07,-59.21,2,-2,-206.43,0
159.6,-59.73,2,-2,-206.43,0
160.33,-60.47,2,-2,-206.43,0
160.94,-61.07,2,-2,-206.43,0
161.33,-61.46,2,-2,-206.43,0
161.93,-62.06,2,-2,-206.43,0
162.47,-62.6,2,-2,-206.43,0
163.38,-63.52,2,-2,-206.43,0
163.82,-63.96,2,-2,-206.43,0
164.51,-64.64,2,-2,-206.43,0
165.32,-65.45,2,-2,-206.43,0
165.94,-66.08,2,-2,-206.43,0
166.34,-66.47,2,-2,-206.43,0
166.82,-66.96,2,-2,-206.43,0
167.49,-67.62,2,-2,-206.43,0
168.08,-68.21,2,-2,-206.43,0
168.7,-68.83,2,-2,-206.43,0
169.19,-69.33,2,-2,-206.43,0
169.7,-69.83,2,-2,-206.43,0
170.35,-70.48,2,-2,-206.43,0
171.08,-71.22,2,-2,-206.43,0
171.71,-71.85,2,-2,-206.43,0
172.14,-72.27,2,-2,-206.43,0
172.75,-72.88,2,-2,-206.43,0
173.61,-73.74,2,-2,-206.43,0
174.21,-74.35,2,-2,-206.43,0
174.85,-74.99,2,-2,-206.43,0
175.53,-75.67,2,-2,-206.43,0
176.13,-76.26,2,-2,-206.43,0
176.53,-76.66,2,-2,-206.43,0
177.12,-77.26,2,-2,-206.43,0
177.82,-77.96,2,-2,-206.43,0
178.18,-78.31,2,-2,-206.43,0
178.93,-79.07,2,-2,-206.43,0
179.54,-79.67,2,-2,-206.43,0
179.9,-80.04,2,-2,-206.43,0
180.43,-80.56,2,-2,-206.43,0
181.32,-81.45,2,-2,-206.43,0
181.71,-81.85,2,-2,-206.43,0
182.35,-82.48,2,-2,-206.43,0
182.7,-82.83,2,-2,-206.43,0
183.15,-83.29,2,-2,-206.43,0
183.64,-83.77,2,-2,-206.43,0
184.49,-84.63,2,-2,-206.43,0
184.86,-84.99,2,-2,-206.43,0
185.48,-85.62,2,-2,-206.43,0
186.25,-86.38,2,-2,-206.43,0
186.85,-86.99,2,-2,-206.43,0
187.37,-87.5,2,-2,-206.43,0
188.14,-88.27,2,-2,-206.43,0
188.86,-88.99,2,-2,-206.43,0
189.18,-89.31,2,-2,-206.43,0
190.06,-90.19,2,-2,-206.43,0
190.48,-90.61,2,-2,-206.43,0
191.41,-91.54,2,-2,-206.43,0
192.46,-92.6,2,-2,-206.43,0
193.37,-93.51,2,-2,-206.43,0
193.92,-94.06,2,-2,-206.43,0
194.73,-94.86,2,-2,-206.43,0
195.09,-95.23,2,-2,-206.43,0
196.02,-96.15,2,-2,-206.43,0
196.56,-96.69,2,-2,-206.43,0
196.94,-97.07,2,-2,-206.43,0
197.56,-97.7,2,-2,-206.43,0
198.11,-98.24,2,-2,-206.43,0
198.69,-98.83,2,-2,-206.43,0
199.19,-99.33,2,-2,-206.43,0
199.8,-99.94,2,-2,-206.43,0
200.28,-100.42,2,-2,-206.43,0
200.78,-100.91,2,-2,-206.43,0
201.45,-101.59,2,-2,-206.43,0
202.19,-102.32,2,-2,-206.43,0
202.92,-103.05,2,-2,-206.43,0
203.61,-103.74,2,-2,-206.43,0
204.18,-104.31,2,-2,-206.43,0
204.57,-104.71,2,-2,-206.43,0
205.42,-105.56,2,-2,-206.43,0
205.82,-105.96,2,-2,-206.43,0
206.33,-106.47,2,-2,-206.43,0
207.08,-107.21,2,-2,-206.43,0
207.61,-107.74,2,-2,-206.43,0
208.64,-108.78,2,-2,-206.43,0
209.26,-109.39,2,-2,-206.43,0
209.63,-109.76,2,-2,-206.43,0
210.24,-110.37,2,-2,-206.43,0
210.75,-110.88,2,-2,-206.43,0
211.35,-111.48,2,-2,-206.43,0
211.95,-112.08,2,-2,-206.43,0
212.61,-112.75,2,-2,-206.43,0
213.27,-113.41,2,-2,-206.43,0
213.95,-114.08,2,-2,-206.43,0
214.35,-114.49,2,-2,-206.43,0
214.89,-115.02,2,-2,-206.43,0
215.54,-115.68,2,-2,-206.43,0
216.35,-116.48,2,-2,-206.43,0
216.94,-117.07,2,-2,-206.43,0
217.58,-117.71,2,-2,-206.43,0
218.01,-118.15,2,-2,-206.43,0
218.49,-118.63,2,-2,-206.43,0
219.1,-119.24,2,-2,-206.43,0
219.57,-119.71,2,-2,-206.43,0
220.07,-120.2,2,-2,-206.43,0
220.54,-120.67,2,-2,-206.43,0
221.13,-121.26,2,-2,-206.43,0
221.77,-121.9,2,-2,-206.43,0
222.13,-122.27,2,-2,-206.43,0
222.76,-122.9,2,-2,-206.43,0
223.15,-123.29,2,-2,-206.43,0
223.94,-124.07,2,-2,-206.43,0
224.42,-124.55,2,-2,-206.43,0
225.18,-125.32,2,-2,-206.43,0
225.97,-126.1,2,-2,-206.43,0
226.33,-126.47,2,-2,-206.43,0
226.85,-126.99,2,-2,-206.43,0
227.48,-127.61,2,-2,-206.43,0
227.96,-128.09,2,-2,-206.43,0
228.77,-128.9,2,-2,-206.43,0
229.13,-129.26,2,-2,-206.43,0
229.71,-129.84,2,-2,-206.43,0
230.35,-130.48,2,-2,-206.43,0
230.8,-130.94,2,-2,-206.43,0
231.55,-131.69,2,-2,-206.43,0
232.22,-132.36,2,-2,-206.43,0
232.71,-132.85,2,-2,-206.43,0
233.32,-133.46,2,-2,-206.43,0
233.66,-133.79,2,-2,-206.43,0
234.47,-134.6,2,-2,-206.43,0
234.83,-134.97,2,-2,-206.43,0
235.81,-135.94,2,-2,-206.43,0
236.74,-136.87,2,-2,-206.43,0
237.37,-137.51,2,-2,-206.43,0
237.85,-137.98,2,-2,-206.43,0
238.79,-138.93,2,-2,-206.43,0
239.48,-139.62,2,-2,-206.43,0
240.08,-140.22,2,-2,-206.43,0
240.69,-140.82,2,-2,-206.43,0
241.22,-141.35,2,-2,-206.43,0
242.01,-142.15,2,-2,-206.43,0
242.8,-142.93,2,-2,-206.43,0
243.22,-143.35,2,-2,-206.43,0
244.2,-144.33,2,-2,-206.43,0
244.56,-144.7,2,-2,-206.43,0
245.29,-145.43,2,-2,-206.43,0
245.68,-145.81,2,-2,-206.43,0
246.58,-146.71,2,-2,-206.43,0
247.22,-147.35,2,-2,-206.43,0
247.79,-147.92,2,-2,-206.43,0
248.5,-148.63,2,-2,-206.43,0
248.86,-148.99,2,-2,-206.43,0
249.61,-149.75,2,-2,-206.43,0
249.93,-150.06,2,-2,-206.43,0
250.88,-151.01,2,-2,-206.43,0
251.64,-151.77,2,-2,-206.43,0
252.22,-152.35,2,-2,-206.43,0
253.02,-153.15,2,-2,-206.43,0
253.58,-153.71,2,-2,-206.43,0
254.17,-154.3,2,-2,-206.43,0
254.85,-154.98,2,-2,-206.43,0
255.58,-155.71,2,-2,-206.43,0
256.16,-156.3,2,-2,-206.43,0
256.89,-157.03,2,-2,-206.43,0
257.56,-157.69,2,-2,-206.43,0
258.28,-158.41,2,-2,-206.43,0
259.0,-159.14,2,-2,-206.43,0
259.68,-159.82,2,-2,-206.43,0
260.32,-160.45,2,-2,-206.43,0
261.04,-161.17,2,-2,-206.43,0
261.63,-161.77,2,-2,-206.43,0
262.29,-162.42,2,-2,-206.43,0
263.01,-163.14,2,-2,-206.43,0
263.85,-163.98,2,-2,-206.43,0
264.52,-164.65,2,-2,-206.43,0
265.15,-165.29,2,-2,-206.43,0
265.83,-165.96,2,-2,-206.43,0
266.5,-166.63,2,-2,-206.43,0
267.18,-167.31,2,-2,-206.43,0
267.9,-168.04,2,-2,-206.43,0
268.92,-169.05,2,-2,-206.43,0
269.55,-169.68,2,-2,-206.43,0
270.27,-170.41,2,-2,-206.43,0
270.95,-171.08,2,-2,-206.43,0
271.84,-171.98,2,-2,-206.43,0
272.79,-172.92,2,-2,-206.43,0
273.63,-173.76,2,-2,-206.43,0
274.16,-174.29,2,-2,-206.43,0
274.87,-175.0,2,-2,-206.43,0
275.72,-175.85,2,-2,-206.43,0
276.45,-176.58,2,-2,-206.43,0
277.18,-177.32,2,-2,-206.43,0
277.82,-177.96,2,-2,-206.43,0
278.46,-178.6,2,-2,-206.43,0
279.19,-179.33,2,-2,-206.43,0
280.15,-180.29,2,-2,-206.43,0
280.81,-180.94,2,-2,-206.43,0
281.55,-181.69,2,-2,-206.43,0
282.16,-182.29,2,-2,-206.43,0
282.82,-182.95,2,-2,-206.43,0
283.46,-183.6,2,-2,-206.43,0
284.55,-184.68,2,-2,-206.43,0
285.09,-185.22,2,-2,-206.43,0
285.73,-185.86,2,-2,-206.43,0
286.35,-186.48,2,-2,-206.43,0
286.83,-186.96,2,-2,-206.43,0
287.84,-187.97,2,-2,-206.43,0
288.58,-188.71,2,-2,-206.43,0
288.98,-189.11,2,-2,-206.43,0
289.58,-189.71,2,-2,-206.43,0
290.35,-190.49,2,-2,-206.43,0
290.95,-191.09,2,-2,-206.43,0
291.86,-191.99,2,-2,-206.43,0
292.47,-192.6,2,-2,-206.43,0
292.96,-193.09,2,-2,-206.43,0
293.44,-193.57,2,-2,-206.43,0
294.21,-194.34,2,-2,-206.43,0
294.81,-194.95,2,-2,-206.43,0
295.53,-195.66,2,-2,-206.43,0
295.94,-196.07,2,-2,-206.43,0
296.9,-197.03,2,-2,-206.43,0
297.38,-197.51,2,-2,-206.43,0
298.13,-198.26,2,-2,-206.43,0
299.0,-199.13,2,-2,-206.43,0
299.72,-199.86,2,-2,-206.43,0
300.38,-200.51,2,-2,-206.43,0
301.17,-201.31,2,-2,-206.43,0
301.75,-201.89,2,-2,-206.43,0
302.39,-202.52,2,-2,-206.43,0
303.1,-203.23,2,-2,-206.43,0
303.83,-203.96,2,-2,-206.43,0
304.58,-204.72,2,-2,-206.43,0
305.01,-205.14,2,-2,-206.43,0
305.55,-205.69,2,-2,-206.43,0
306.28,-206.41,2,-2,-206.43,0
306.82,-206.96,2,-2,-206.43,0
307.8,-207.93,2,-2,-206.43,0
308.4,-208.54,2,-2,-206.43,0
309.01,-209.14,2,-2,-206.43,0
310.0,-210.13,2,-2,-206.43,0
310.79,-210.92,2,-2,-206.43,0
311.75,-211.88,2,-2,-206.43,0
312.4,-212.54,2,-2,-206.43,0
313.31,-213.44,2,-2,-206.43,0
314.05,-214.19,2,-2,-206.43,0
314.66,-214.79,2,-2,-206.43,0
315.63,-215.76,2,-2,-206.43,0
316.53,-216.66,2,-2,-206.43,0
317.14,-217.27,2,-2,-206.43,0
317.88,-218.01,2,-2,-206.43,0
318.97,-219.1,2,-2,-206.43,0
319.81,-219.94,2,-2,-206.43,0
320.5,-220.63,2,-2,-206.43,0
321.46,-221.6,2,-2,-206.43,0
322.19,-222.33,2,-2,-206.43,0
322.86,-223.0,2,-2,-206.43,0
323.5,-223.63,2,-2,-206.43,0
324.41,-224.54,2,-2,-206.43,0
325.13,-225.27,2,-2,-206.43,0
325.8,-225.94,2,-2,-206.43,0
326.46,-226.59,2,-2,-206.43,0
327.61,-227.74,2,-2,-206.43,0
328.24,-228.37,2,-2,-206.43,0
329.2,-229.34,2,-2,-206.43,0
329.93,-230.06,2,-2,-206.43,0
330.65,-230.78,2,-2,-206.43,0
329.22,-231.56,-2,-2,-206.43,0
328.23,-232.55,-2,-2,-206.43,0
327.39,-233.39,-2,-2,-206.43,0
326.76,-234.02,-2,-2,-206.43,0
325.92,-234.86,-2,-2,-206.43,0
324.83,-235.95,-2,-2,-206.43,0
323.99,-236.79,-2,-2,-206.43,0
323.33,-237.45,-2,-2,-206.43,0
322.62,-238.16,-2,-2,-206.43,0
319.21,-241.57,-2,-2,-206.43,0
318.37,-242.41,-2,-2,-206.43,0
317.52,-243.26,-2,-2,-206.43,0
316.64,-244.14,-2,-2,-206.43,0
315.8,-244.98,-2,-2,-206.43,0
315.2,-245.58,-2,-2,-206.43,0
314.6,-246.18,-2,-2,-206.43,0
313.88,-246.9,-2,-2,-206.43,0
313.16,-247.62,-2,-2,-206.43,0
312.29,-248.49,-2,-2,-206.43,0
311.72,-249.06,-2,-2,-206.43,0
310.99,-249.79,-2,-2,-206.43,0
310.57,-250.21,-2,-2,-206.43,0
309.77,-251.01,-2,-2,-206.43,0
309.05,-251.73,-2,-2,-206.43,0
308.33,-252.45,-2,-2,-206.43,0
307.45,-253.33,-2,-2,-206.43,0
306.45,-254.33,-2,-2,-206.43,0
305.84,-254.94,-2,-2,-206.43,0
305.0,-255.78,-2,-2,-206.43,0
304.24,-256.54,-2,-2,-206.43,0
303.34,-257.44,-2,-2,-206.43,0
302.61,-258.17,-2,-2,-206.43,0
302.01,-258.77,-2,-2,-206.43,0
301.3,-259.48,-2,-2,-206.43,0
300.69,-260.09,-2,-2,-206.43,0
300.08,-260.7,-2,-2,-206.43,0
299.47,-261.31,-2,-2,-206.43,0
298.98,-261.8,-2,-2,-206.43,0
298.23,-262.55,-2,-2,-206.43,0
297.87,-262.91,-2,-2,-206.43,0
297.14,-263.64,-2,-2,-206.43,0
296.41,-264.37,-2,-2,-206.43,0
295.92,-264.86,-2,-2,-206.43,0
295.2,-265.59,-2,-2,-206.43,0
294.7,-266.08,-2,-2,-206.43,0
294.05,-266.73,-2,-2,-206.43,0
293.51,-267.27,-2,-2,-206.43,0
292.9,-267.88,-2,-2,-206.43,0
292.48,-268.3,-2,-2,-206.43,0
291.73,-269.05,-2,-2,-206.43,0
291.12,-269.66,-2,-2,-206.43,0
290.64,-270.14,-2,-2,-206.43,0
289.88,-270.9,-2,-2,-206.43,0
289.23,-271.56,-2,-2,-206.43,0
288.49,-272.29,-2,-2,-206.43,0
287.76,-273.02,-2,-2,-206.43,0
287.04,-273.74,-2,-2,-206.43,0
286.31,-274.48,-2,-2,-206.43,0
285.63,-275.15,-2,-2,-206.43,0
285.01,-275.77,-2,-2,-206.43,0
284.38,-276.4,-2,-2,-206.43,0
283.73,-277.05,-2,-2,-206.43,0
283.35,-277.43,-2,-2,-206.43,0
282.28,-278.5,-2,-2,-206.43,0
281.42,-279.36,-2,-2,-206.43,0
280.64,-280.14,-2,-2,-206.43,0
280.03,-280.75,-2,-2,-206.43,0
279.17,-281.61,-2,-2,-206.43,0
278.44,-282.34,-2,-2,-206.43,0
277.82,-282.96,-2,-2,-206.43,0
276.94,-283.84,-2,-2,-206.43,0
276.01,-284.77,-2,-2,-206.43,0
275.28,-285.5,-2,-2,-206.43,0
274.64,-286.14,-2,-2,-206.43,0
274.02,-286.76,-2,-2,-206.43,0
273.0,-287.78,-2,-2,-206.43,0
272.37,-288.41,-2,-2,-206.43,0
271.73,-289.05,-2,-2,-206.43,0
271.1,-289.68,-2,-2,-206.43,0
270.36,-290.42,-2,-2,-206.43,0
269.34,-288.98,-2,2,-206.43,0
268.68,-288.32,-2,2,-206.43,0
268.07,-287.71,-2,2,-206.43,0
267.42,-287.07,-2,2,-206.43,0
266.47,-286.11,-2,2,-204.44,1
265.86,-285.51,-2,2,-203.18,1
265.33,-284.98,-2,2,-202.07,1
264.79,-284.43,-2,2,-200.93,1
264.04,-283.68,-2,2,-199.38,1
263.35,-283.0,-2,2,-197.95,1
262.71,-282.35,-2,2,-196.61,1
262.08,-281.72,-2,2,-195.29,1
261.08,-280.72,-2,2,-193.21,1
260.6,-280.24,-2,2,-192.21,1
260.1,-279.74,-2,2,-191.17,1
259.61,-279.26,-2,2,-190.15,1
259.13,-278.77,-2,2,-189.15,1
258.65,-278.3,-2,2,-188.16,1
258.02,-277.66,-2,2,-186.83,1
257.12,-276.76,-2,2,-184.97,1
256.28,-275.92,-2,2,-183.21,1
255.54,-275.18,-2,2,-181.66,1
254.86,-274.5,-2,2,-180.25,1
253.9,-273.54,-2,2,-178.25,1
253.17,-272.81,-2,2,-176.73,1
252.52,-272.16,-2,2,-175.38,1
251.88,-271.52,-2,2,-174.04,1
251.51,-271.15,-2,2,-173.27,1
251.03,-270.67,-2,2,-172.27,1
250.53,-270.17,-2,2,-171.23,1
249.89,-269.53,-2,2,-169.89,1
249.02,-268.66,-2,2,-168.09,1
248.28,-267.92,-2,2,-166.55,1
247.88,-267.52,-2,2,-165.71,1
247.0,-266.64,-2,2,-163.87,1
246.37,-266.02,-2,2,-162.57,1
245.77,-265.41,-2,2,-161.31,1
245.05,-264.69,-2,2,-159.82,1
244.69,-264.34,-2,2,-159.07,1
243.68,-263.32,-2,2,-156.96,1
243.04,-262.68,-2,2,-155.62,1
242.41,-262.05,-2,2,-154.32,1
241.78,-261.42,-2,2,-153.0,1
241.1,-260.74,-2,2,-151.58,1
240.54,-260.18,-2,2,-150.41,1
239.92,-259.57,-2,2,-149.14,1
239.27,-258.91,-2,2,-147.77,1
238.57,-258.21,-2,2,-146.31,1
237.78,-257.43,-2,2,-144.68,1
237.06,-256.71,-2,2,-143.18,1
236.38,-256.02,-2,2,-141.75,1
235.86,-255.5,-2,2,-140.67,1
235.32,-254.97,-2,2,-139.56,1
234.72,-254.36,-2,2,-138.29,1
233.96,-253.6,-2,2,-136.71,1
233.36,-253.01,-2,2,-135.47,1
232.74,-252.38,-2,2,-134.17,1
232.3,-251.95,-2,2,-133.26,1
231.65,-251.29,-2,2,-131.9,1
231.02,-250.66,-2,2,-130.58,1
230.14,-249.78,-2,2,-128.75,1
229.51,-249.15,-2,2,-127.44,1
228.86,-248.5,-2,2,-126.09,1
228.22,-247.86,-2,2,-124.75,1
227.84,-247.48,-2,2,-123.95,1
226.97,-246.61,-2,2,-122.15,1
226.39,-246.03,-2,2,-120.94,1
225.71,-245.35,-2,2,-119.52,1
225.08,-244.73,-2,2,-118.22,1
224.4,-244.05,-2,2,-116.8,1
223.86,-243.51,-2,2,-115.68,1
223.46,-243.1,-2,2,-114.83,1
222.8,-242.44,-2,2,-113.47,1
222.31,-241.95,-2,2,-112.45,1
221.86,-241.5,-2,2,-111.5,1
221.41,-241.05,-2,2,-110.56,1
220.94,-240.59,-2,2,-109.6,1
220.3,-239.94,-2,2,-108.24,1
219.95,-239.59,-2,2,-107.53,1
219.49,-239.13,-2,2,-106.57,1
218.78,-238.42,-2,2,-105.08,1
218.33,-237.97,-2,2,-104.14,1
217.86,-237.5,-2,2,-103.17,1
217.39,-237.03,-2,2,-102.19,1
216.89,-236.53,-2,2,-101.15,1
216.44,-236.09,-2,2,-100.22,1
216.0,-235.64,-2,2,-99.3,1
215.34,-234.98,-2,2,-97.91,1
214.98,-234.62,-2,2,-97.16,1
214.35,-233.99,-2,2,-95.86,1
214.02,-233.66,-2,2,-95.16,1
213.38,-233.03,-2,2,-93.85,1
212.89,-232.54,-2,2,-92.83,1
212.43,-232.07,-2,2,-91.85,1
211.92,-231.56,-2,2,-90.79,1
210.28,-229.92,-2,2,-87.38,1
209.92,-229.56,-2,2,-86.62,1
209.38,-229.02,-2,2,-85.5,1
208.72,-228.36,-2,2,-84.12,1
208.27,-227.92,-2,2,-83.2,1
207.74,-227.39,-2,2,-82.1,1
207.12,-226.76,-2,2,-80.79,1
206.67,-226.31,-2,2,-79.86,1
206.03,-225.67,-2,2,-78.52,1
205.69,-225.33,-2,2,-77.81,1
205.15,-224.79,-2,2,-76.69,1
204.53,-224.17,-2,2,-75.39,1
204.13,-223.77,-2,2,-74.57,1
203.68,-223.33,-2,2,-73.64,1
203.19,-222.84,-2,2,-72.62,1
202.66,-222.31,-2,2,-71.51,1
202.21,-221.85,-2,2,-70.56,1
201.57,-221.21,-2,2,-69.23,1
201.26,-220.9,-2,2,-68.59,1
200.52,-220.16,-2,2,-67.05,1
200.04,-219.68,-2,2,-66.05,1
199.66,-219.3,-2,2,-65.25,1
199.18,-218.82,-2,2,-64.25,1
198.57,-218.21,-2,2,-62.98,1
198.22,-217.87,-2,2,-62.26,1
197.73,-217.38,-2,2,-61.24,1
197.27,-216.92,-2,2,-60.28,1
196.67,-216.31,-2,2,-59.02,1
195.81,-215.45,-2,2,-57.23,1
195.13,-214.77,-2,2,-55.81,1
194.57,-214.22,-2,2,-54.66,1
193.94,-213.59,-2,2,-53.34,1
193.3,-212.94,-2,2,-52.01,1
192.76,-212.41,-2,2,-50.88,1
192.11,-211.76,-2,2,-49.53,1
191.67,-211.32,-2,2,-48.61,1
190.94,-210.58,-2,2,-47.09,1
190.59,-210.24,-2,2,-46.36,1
189.87,-209.51,-2,2,-44.86,1
188.91,-208.55,-2,2,-42.85,1
188.09,-207.73,-2,2,-41.15,1
187.66,-207.3,-2,2,-40.26,1
187.0,-206.64,-2,2,-38.87,1
186.24,-205.88,-2,2,-37.29,1
185.62,-205.26,-2,2,-36.0,1
184.95,-204.59,-2,2,-34.6,1
184.29,-203.93,-2,2,-33.24,1
183.43,-203.08,-2,2,-31.45,1
182.71,-202.35,-2,2,-29.94,1
182.4,-202.05,-2,2,-29.3,1
181.45,-201.1,-2,2,-27.33,1
180.27,-199.91,-2,2,-24.86,1
179.52,-199.16,-2,2,-23.3,1
178.95,-198.59,-2,2,-22.1,1
178.24,-197.89,-2,2,-20.63,1
177.61,-197.25,-2,2,-19.32,1
176.65,-196.29,-2,2,-17.31,1
176.04,-195.69,-2,2,-16.05,1
175.41,-195.05,-2,2,-14.73,1
174.29,-193.93,-2,2,-14.73,0
173.51,-193.15,-2,2,-14.73,0
172.91,-192.55,-2,2,-14.73,0
172.43,-192.08,-2,2,-14.73,0
171.95,-191.59,-2,2,-14.73,0
171.37,-191.01,-2,2,-14.73,0
170.56,-190.2,-2,2,-14.73,0
169.84,-189.48,-2,2,-14.73,0
169.11,-188.76,-2,2,-14.73,0
168.63,-188.27,-2,2,-14.73,0
167.9,-187.55,-2,2,-14.73,0
167.39,-187.04,-2,2,-14.73,0
166.43,-186.07,-2,2,-14.73,0
165.76,-185.4,-2,2,-14.73,0
165.03,-184.67,-2,2,-14.73,0
164.55,-184.19,-2,2,-14.73,0
163.76,-183.41,-2,2,-14.73,0
163.28,-182.92,-2,2,-14.73,0
162.51,-182.15,-2,2,-14.73,0
161.87,-181.51,-2,2,-14.73,0
161.08,-180.72,-2,2,-14.73,0
160.45,-180.09,-2,2,-14.73,0
160.09,-179.73,-2,2,-14.73,0
159.2,-178.84,-2,2,-14.73,0
158.78,-178.43,-2,2,-14.73,0
158.08,-177.73,-2,2,-14.73,0
157.73,-177.38,-2,2,-14.73,0
156.99,-176.64,-2,2,-14.73,0
156.33,-175.98,-2,2,-14.73,0
155.55,-175.19,-2,2,-14.73,0
155.05,-174.7,-2,2,-14.73,0
154.57,-174.21,-2,2,-14.73,0
154.05,-173.69,-2,2,-14.73,0
153.19,-172.83,-2,2,-14.73,0
152.59,-172.23,-2,2,-14.73,0
152.08,-171.72,-2,2,-14.73,0
151.35,-170.99,-2,2,-14.73,0
150.73,-170.37,-2,2,-14.73,0
150.24,-169.89,-2,2,-14.73,0
149.56,-169.2,-2,2,-14.73,0
149.16,-168.8,-2,2,-14.73,0
148.58,-168.22,-2,2,-14.73,0
147.91,-167.55,-2,2,-14.73,0
147.44,-167.08,-2,2,-14.73,0
146.82,-166.47,-2,2,-14.73,0
146.34,-165.98,-2,2,-14.73,0
145.64,-165.29,-2,2,-14.73,0
144.8,-164.44,-2,2,-14.73,0
144.05,-163.7,-2,2,-14.73,0
143.38,-163.03,-2,2,-14.73,0
143.02,-162.66,-2,2,-14.73,0
142.41,-162.05,-2,2,-14.73,0
141.98,-161.62,-2,2,-14.73,0
141.01,-160.65,-2,2,-14.73,0
140.41,-160.05,-2,2,-14.73,0
140.05,-159.69,-2,2,-14.73,0
139.56,-159.21,-2,2,-14.73,0
139.08,-158.72,-2,2,-14.73,0
138.61,-158.25,-2,2,-14.73,0
137.9,-157.55,-2,2,-14.73,0
137.37,-157.02,-2,2,-14.73,0
136.64,-156.29,-2,2,-14.73,0
136.07,-155.71,-2,2,-14.73,0
135.35,-154.99,-2,2,-14.73,0
134.97,-154.61,-2,2,-14.73,0
134.48,-154.12,-2,2,-14.73,0
133.86,-153.51,-2,2,-14.73,0
133.06,-152.7,-2,2,-14.73,0
132.44,-152.09,-2,2,-14.73,0
132.1,-151.74,-2,2,-14.73,0
131.5,-151.14,-2,2,-14.73,0
130.94,-150.58,-2,2,-14.73,0
130.27,-149.92,-2,2,-14.73,0
129.65,-149.29,-2,2,-14.73,0
129.02,-148.66,-2,2,-14.73,0
128.39,-148.03,-2,2,-14.73,0
127.78,-147.42,-2,2,-14.73,0
127.14,-146.79,-2,2,-14.73,0
126.47,-146.11,-2,2,-14.73,0
125.64,-145.29,-2,2,-14.73,0
124.94,-144.58,-2,2,-14.73,0
123.94,-143.58,-2,2,-14.73,0
123.14,-142.78,-2,2,-14.73,0
122.53,-142.17,-2,2,-14.73,0
121.68,-141.32,-2,2,-14.73,0
121.01,-140.66,-2,2,-14.73,0
120.12,-139.77,-2,2,-14.73,0
119.64,-139.28,-2,2,-14.73,0
118.92,-138.56,-2,2,-14.73,0
118.41,-138.05,-2,2,-14.73,0
117.69,-137.33,-2,2,-14.73,0
117.2,-136.84,-2,2,-14.73,0
116.44,-136.08,-2,2,-14.73,0
115.85,-135.49,-2,2,-14.73,0
115.32,-134.96,-2,2,-14.73,0
114.58,-134.23,-2,2,-14.73,0
114.09,-133.73,-2,2,-14.73,0
113.35,-132.99,-2,2,-14.73,0
112.82,-132.46,-2,2,-14.73,0
112.33,-131.98,-2,2,-14.73,0
111.59,-131.24,-2,2,-14.73,0
111.11,-130.75,-2,2,-14.73,0
110.48,-130.13,-2,2,-14.73,0
110.1,-129.74,-2,2,-14.73,0
109.23,-128.88,-2,2,-14.73,0
108.61,-128.25,-2,2,-14.73,0
107.97,-127.61,-2,2,-14.73,0
107.49,-127.14,-2,2,-14.73,0
106.99,-126.63,-2,2,-14.73,0
106.24,-125.89,-2,2,-14.73,0
105.83,-125.47,-2,2,-14.73,0
104.81,-124.46,-2,2,-14.73,0
104.48,-124.12,-2,2,-14.73,0
103.87,-123.51,-2,2,-14.73,0
103.37,-123.02,-2,2,-14.73,0
102.65,-122.29,-2,2,-14.73,0
102.27,-121.91,-2,2,-14.73,0
101.64,-121.28,-2,2,-14.73,0
100.91,-120.56,-2,2,-14.73,0
100.31,-119.96,-2,2,-14.73,0
99.69,-119.33,-2,2,-14.73,0
98.79,-118.43,-2,2,-14.73,0
98.47,-118.11,-2,2,-14.73,0
97.74,-117.39,-2,2,-14.73,0
96.79,-116.43,-2,2,-14.73,0
96.1,-115.74,-2,2,-14.73,0
95.46,-115.11,-2,2,-14.73,0
94.65,-114.3,-2,2,-14.73,0
94.02,-113.66,-2,2,-14.73,0
93.38,-113.02,-2,2,-14.73,0
92.72,-112.37,-2,2,-14.73,0
92.12,-111.76,-2,2,-14.73,0
91.75,-111.39,-2,2,-14.73,0
91.13,-110.78,-2,2,-14.73,0
90.74,-110.39,-2,2,-14.73,0
90.14,-109.78,-2,2,-14.73,0
89.65,-109.3,-2,2,-14.73,0
88.85,-108.49,-2,2,-14.73,0
88.21,-107.86,-2,2,-14.73,0
87.72,-107.36,-2,2,-14.73,0
87.1,-106.74,-2,2,-14.73,0
86.24,-105.88,-2,2,-14.73,0
85.63,-105.28,-2,2,-14.73,0
84.98,-104.62,-2,2,-14.73,0
84.63,-104.28,-2,2,-14.73,0
83.76,-103.41,-2,2,-14.73,0
83.16,-102.8,-2,2,-14.73,0
82.68,-102.32,-2,2,-14.73,0
82.05,-101.69,-2,2,-14.73,0
81.4,-101.04,-2,2,-14.73,0
81.04,-100.68,-2,2,-14.73,0
80.45,-100.09,-2,2,-14.73,0
79.73,-99.37,-2,2,-14.73,0
79.06,-98.7,-2,2,-14.73,0
78.45,-98.1,-2,2,-14.73,0
78.06,-97.7,-2,2,-14.73,0
77.13,-96.77,-2,2,-14.73,0
76.55,-96.2,-2,2,-14.73,0
75.97,-95.62,-2,2,-14.73,0
75.25,-94.89,-2,2,-14.73,0
74.58,-94.22,-2,2,-14.73,0
73.94,-93.58,-2,2,-14.73,0
73.16,-92.81,-2,2,-14.73,0
72.48,-92.12,-2,2,-14.73,0
71.83,-91.48,-2,2,-14.73,0
71.21,-90.85,-2,2,-14.73,0
70.86,-90.51,-2,2,-14.73,0
69.94,-89.59,-2,2,-14.73,0
69.27,-88.91,-2,2,-14.73,0
68.81,-88.45,-2,2,-14.73,0
68.05,-87.69,-2,2,-14.73,0
67.41,-87.06,-2,2,-14.73,0
67.1,-86.74,-2,2,-14.73,0
66.24,-85.89,-2,2,-14.73,0
65.48,-85.13,-2,2,-14.73,0
64.87,-84.51,-2,2,-14.73,0
64.2,-83.84,-2,2,-14.73,0
63.47,-83.11,-2,2,-14.73,0
62.8,-82.45,-2,2,-14.73,0
61.91,-81.55,-2,2,-14.73,0
61.32,-80.96,-2,2,-14.73,0
60.64,-80.28,-2,2,-14.73,0
59.91,-79.56,-2,2,-14.73,0
59.31,-78.95,-2,2,-14.73,0
58.67,-78.31,-2,2,-14.73,0
58.19,-77.83,-2,2,-14.73,0
57.37,-77.01,-2,2,-14.73,0
56.94,-76.59,-2,2,-14.73,0
56.14,-75.78,-2,2,-14.73,0
55.5,-75.14,-2,2,-14.73,0
54.89,-74.53,-2,2,-14.73,0
54.47,-74.11,-2,2,-14.73,0
53.86,-73.5,-2,2,-14.73,0
53.39,-73.04,-2,2,-14.73,0
52.79,-72.43,-2,2,-14.73,0
52.16,-71.8,-2,2,-14.73,0
51.54,-71.18,-2,2,-14.73,0
50.97,-70.61,-2,2,-14.73,0
50.34,-69.98,-2,2,-14.73,0
49.98,-69.62,-2,2,-14.73,0
49.1,-68.74,-2,2,-14.73,0
48.71,-68.35,-2,2,-14.73,0
48.21,-67.85,-2,2,-14.73,0
47.59,-67.24,-2,2,-14.73,0
47.03,-66.67,-2,2,-14.73,0
46.13,-65.78,-2,2,-14.73,0
45.72,-65.36,-2,2,-14.73,0
44.85,-64.49,-2,2,-14.73,0
44.12,-63.76,-2,2,-14.73,0
43.77,-63.42,-2,2,-14.73,0
43.28,-62.93,-2,2,-14.73,0
42.8,-62.44,-2,2,-14.73,0
41.91,-61.55,-2,2,-14.73,0
41.3,-60.94,-2,2,-14.73,0
40.89,-60.53,-2,2,-14.73,0
40.28,-59.92,-2,2,-14.73,0
39.42,-59.07,-2,2,-14.73,0
39.1,-58.75,-2,2,-14.73,0
38.18,-57.82,-2,2,-14.73,0
37.88,-57.52,-2,2,-14.73,0
37.01,-56.65,-2,2,-14.73,0
36.28,-55.92,-2,2,-14.73,0
35.72,-55.36,-2,2,-14.73,0
35.23,-54.87,-2,2,-14.73,0
34.71,-54.36,-2,2,-14.73,0
34.22,-53.86,-2,2,-14.73,0
33.46,-53.1,-2,2,-14.73,0
32.86,-52.5,-2,2,-14.73,0
32.46,-52.11,-2,2,-14.73,0
31.74,-51.39,-2,2,-14.73,0
31.31,-50.95,-2,2,-14.73,0
30.75,-50.4,-2,2,-14.73,0
30.2,-49.85,-2,2,-14.73,0
29.7,-49.34,-2,2,-14.73,0
29.05,-48.69,-2,2,-14.73,0
28.56,-48.21,-2,2,-14.73,0
27.76,-47.4,-2,2,-14.73,0
27.41,-47.05,-2,2,-14.73,0
26.53,-46.18,-2,2,-14.73,0
25.89,-45.54,-2,2,-14.73,0
25.29,-44.94,-2,2,-14.73,0
24.8,-44.44,-2,2,-14.73,0
23.96,-43.61,-2,2,-14.73,0
23.29,-42.93,-2,2,-14.73,0
22.78,-42.42,-2,2,-14.73,0
21.99,-41.63,-2,2,-14.73,0
21.43,-41.07,-2,2,-14.73,0
20.66,-40.31,-2,2,-14.73,0
20.06,-39.71,-2,2,-14.73,0
19.5,-39.14,-2,2,-14.73,0
19.07,-38.71,-2,2,-14.73,0
18.57,-38.21,-2,2,-14.73,0
18.04,-37.69,-2,2,-14.73,0
17.56,-37.2,-2,2,-14.73,0
17.09,-36.73,-2,2,-14.73,0
16.47,-36.11,-2,2,-14.73,0
15.74,-35.38,-2,2,-14.73,0
15.14,-34.78,-2,2,-14.73,0
14.49,-34.13,-2,2,-14.73,0
13.82,-33.46,-2,2,-14.73,0
13.07,-32.71,-2,2,-14.73,0
12.59,-32.23,-2,2,-14.73,0
11.9,-31.54,-2,2,-14.73,0
11.54,-31.18,-2,2,-14.73,0
10.66,-30.3,-2,2,-14.73,0
9.71,-29.35,-2,2,-14.73,0
9.39,-29.04,-2,2,-14.73,0
8.4,-28.04,-2,2,-14.73,0
7.88,-27.52,-2,2,-14.73,0
7.04,-26.69,-2,2,-14.73,0
6.06,-25.7,-2,2,-14.73,0
5.72,-25.36,-2,2,-14.73,0
4.84,-24.48,-2,2,-14.73,0
4.41,-24.06,-2,2,-14.73,0
3.48,-23.12,-2,2,-14.73,0
3.1,-22.75,-2,2,-14.73,0
2.46,-22.1,-2,2,-14.73,0
1.71,-21.36,-2,2,-14.73,0
1.03,-20.68,-2,2,-14.73,0
0.32,-19.96,-2,2,-14.73,0
-0.45,-19.2,-2,2,-14.73,0
-1.17,-18.47,-2,2,-14.73,0
-1.66,-17.99,-2,2,-14.73,0
-2.39,-17.25,-2,2,-14.73,0
-3.12,-16.53,-2,2,-14.73,0
-3.63,-16.01,-2,2,-14.73,0
-4.36,-15.28,-2,2,-14.73,0
-5.08,-14.56,-2,2,-14.73,0
-5.57,-14.08,-2,2,-14.73,0
-6.28,-13.37,-2,2,-14.73,0
-7.23,-12.42,-2,2,-14.73,0
-7.78,-11.86,-2,2,-14.73,0
-8.58,-11.06,-2,2,-14.73,0
-9.11,-10.53,-2,2,-14.73,0
-9.9,-9.74,-2,2,-14.73,0
-10.38,-9.26,-2,2,-14.73,0
-10.87,-8.78,-2,2,-14.73,0
-11.73,-7.92,-2,2,-14.73,0
-12.45,-7.19,-2,2,-14.73,0
-12.98,-6.66,-2,2,-14.73,0
-13.75,-5.89,-2,2,-14.73,0
-14.28,-5.37,-2,2,-14.73,0
-15.17,-4.47,-2,2,-14.73,0
-15.9,-3.74,-2,2,-14.73,0
-16.5,-3.14,-2,2,-14.73,0
-16.99,-2.65,-2,2,-14.73,0
-17.47,-2.17,-2,2,-14.73,0
-17.96,-1.69,-2,2,-14.73,0
-18.42,-1.22,-2,2,-14.73,0
-19.21,-0.43,-2,2,-14.73,0
-19.62,-0.02,-2,2,-14.73,0
-20.14,0.5,-2,2,-14.73,0
-20.79,1.14,-2,2,-14.73,0
-21.16,1.52,-2,2,-14.73,0
-21.63,1.98,-2,2,-14.73,0
-22.34,2.7,-2,2,-14.73,0
-23.06,3.42,-2,2,-14.73,0
-23.72,4.08,-2,2,-14.73,0
-24.24,4.6,-2,2,-14.73,0
-24.87,5.22,-2,2,-14.73,0
-25.47,5.83,-2,2,-14.73,0
-26.31,6.67,-2,2,-14.73,0
-27.04,7.4,-2,2,-14.73,0
-27.77,8.13,-2,2,-14.73,0
-28.26,8.62,-2,2,-14.73,0
-29.0,9.36,-2,2,-14.73,0
-29.71,10.07,-2,2,-14.73,0
-30.1,10.46,-2,2,-14.73,0
-30.91,11.27,-2,2,-14.73,0
-31.47,11.83,-2,2,-14.73,0
-31.98,12.34,-2,2,-14.73,0
-32.48,12.83,-2,2,-14.73,0
-33.25,13.6,-2,2,-14.73,0
-33.85,14.21,-2,2,-14.73,0
-34.34,14.7,-2,2,-14.73,0
-35.11,15.47,-2,2,-14.73,0
-35.6,15.96,-2,2,-14.73,0
-36.25,16.61,-2,2,-14.73,0
-36.86,17.22,-2,2,-14.73,0
-37.35,17.7,-2,2,-14.73,0
-38.07,18.43,-2,2,-14.73,0
-38.91,19.27,-2,2,-14.73,0
-39.51,19.87,-2,2,-14.73,0
-40.01,20.37,-2,2,-14.73,0
-40.79,21.15,-2,2,-14.73,0
-41.13,21.49,-2,2,-14.73,0
-41.94,22.29,-2,2,-14.73,0
-42.46,22.81,-2,2,-14.73,0
-43.18,23.54,-2,2,-14.73,0
-43.67,24.02,-2,2,-14.73,0
-44.48,24.83,-2,2,-14.73,0
-45.27,25.63,-2,2,-14.73,0
-45.93,26.28,-2,2,-14.73,0
-46.27,26.62,-2,2,-14.73,0
-47.03,27.39,-2,2,-14.73,0
-47.53,27.88,-2,2,-14.73,0
-48.13,28.49,-2,2,-14.73,0
-48.98,29.34,-2,2,-14.73,0
-49.39,29.75,-2,2,-14.73,0
-50.12,30.47,-2,2,-14.73,0
-50.93,31.29,-2,2,-14.73,0
-51.56,31.92,-2,2,-14.73,0
-51.93,32.28,-2,2,-14.73,0
-52.8,33.15,-2,2,-14.73,0
-53.54,33.89,-2,2,-14.73,0
-53.85,34.21,-2,2,-14.73,0
-54.88,35.23,-2,2,-14.73,0
-55.29,35.65,-2,2,-14.73,0
-55.92,36.27,-2,2,-14.73,0
-56.59,36.95,-2,2,-14.73,0
-57.19,37.55,-2,2,-14.73,0
-57.8,38.16,-2,2,-14.73,0
-58.16,38.52,-2,2,-14.73,0
-58.62,38.98,-2,2,-14.73,0
-59.31,39.67,-2,2,-14.73,0
-59.92,40.28,-2,2,-14.73,0
-60.49,40.84,-2,2,-14.73,0
-61.27,41.63,-2,2,-14.73,0
-61.76,42.12,-2,2,-14.73,0
-62.25,42.6,-2,2,-14.73,0
-62.99,43.34,-2,2,-14.73,0
-63.72,44.08,-2,2,-14.73,0
-64.65,45.01,-2,2,-14.73,0
-65.29,45.65,-2,2,-14.73,0
-66.1,46.45,-2,2,-14.73,0
-66.83,47.19,-2,2,-14.73,0
-67.45,47.8,-2,2,-14.73,0
-68.23,48.59,-2,2,-14.73,0
-68.89,49.25,-2,2,-14.73,0
-69.68,50.04,-2,2,-14.73,0
-70.09,50.45,-2,2,-14.73,0
-71.12,51.48,-2,2,-14.73,0
-71.77,52.12,-2,2,-14.73,0
-72.37,52.73,-2,2,-14.73,0
-72.82,53.18,-2,2,-14.73,0
-73.45,53.81,-2,2,-14.73,0
-74.07,54.43,-2,2,-14.73,0
-75.06,55.41,-2,2,-14.73,0
-75.54,55.9,-2,2,-14.73,0
-76.51,56.87,-2,2,-14.73,0
-77.25,57.61,-2,2,-14.73,0
-77.74,58.09,-2,2,-14.73,0
-78.22,58.58,-2,2,-14.73,0
-79.06,59.41,-2,2,-14.73,0
-79.55,59.91,-2,2,-14.73,0
-80.29,60.65,-2,2,-14.73,0
-81.03,61.38,-2,2,-14.73,0
-81.77,62.12,-2,2,-14.73,0
-82.66,63.02,-2,2,-14.73,0
-83.3,63.65,-2,2,-14.73,0
-84.19,64.55,-2,2,-14.73,0
-84.55,64.91,-2,2,-14.73,0
-85.16,65.52,-2,2,-14.73,0
-86.11,66.47,-2,2,-14.73,0
-86.95,67.31,-2,2,-14.73,0
-87.86,68.22,-2,2,-14.73,0
-88.66,69.01,-2,2,-14.73,0
-89.86,70.22,-2,2,-14.73,0
-90.45,70.81,-2,2,-14.73,0
-91.43,71.78,-2,2,-14.73,0
-92.44,72.79,-2,2,-14.73,0
-93.06,73.42,-2,2,-14.73,0
-93.67,74.03,-2,2,-14.73,0
-94.27,74.63,-2,2,-14.73,0
-94.62,74.98,-2,2,-14.73,0
-95.62,75.98,-2,2,-14.73,0
-96.28,76.64,-2,2,-14.73,0
-96.93,77.28,-2,2,-14.73,0
-97.47,77.83,-2,2,-14.73,0
-98.08,78.44,-2,2,-14.73,0
-98.56,78.92,-2,2,-14.73,0
-99.41,79.77,-2,2,-14.73,0
-99.96,80.32,-2,2,-14.73,0
-100.63,80.99,-2,2,-14.73,0
-101.29,81.65,-2,2,-14.73,0
-101.98,82.34,-2,2,-14.73,0
-102.59,82.95,-2,2,-14.73,0
-103.2,83.55,-2,2,-14.73,0
-104.02,84.37,-2,2,-14.73,0
-104.58,84.94,-2,2,-14.73,0
-105.3,85.66,-2,2,-14.73,0
-106.06,86.42,-2,2,-14.73,0
-106.88,87.23,-2,2,-14.73,0
-107.5,87.85,-2,2,-14.73,0
-108.49,88.84,-2,2,-14.73,0
-109.21,89.57,-2,2,-14.73,0
-109.59,89.94,-2,2,-14.73,0
-110.31,90.67,-2,2,-14.73,0
-110.92,91.28,-2,2,-14.73,0
-111.69,92.05,-2,2,-14.73,0
-112.06,92.42,-2,2,-14.73,0
-113.06,93.42,-2,2,-14.73,0
-113.81,94.17,-2,2,-14.73,0
-114.57,94.93,-2,2,-14.73,0
-115.18,95.54,-2,2,-14.73,0
-116.0,96.35,-2,2,-14.73,0
-116.61,96.96,-2,2,-14.73,0
-117.21,97.57,-2,2,-14.73,0
-117.69,98.05,-2,2,-14.73,0
-118.54,98.9,-2,2,-14.73,0
-119.19,99.55,-2,2,-14.73,0
-119.75,100.11,-2,2,-14.73,0
-120.11,100.47,-2,2,-14.73,0
-120.96,101.31,-2,2,-14.73,0
-121.62,101.98,-2,2,-14.73,0
-122.26,102.62,-2,2,-14.73,0
-122.87,103.22,-2,2,-14.73,0
-123.54,103.9,-2,2,-14.73,0
-124.16,104.51,-2,2,-14.73,0
-124.84,105.19,-2,2,-14.73,0
-125.44,105.8,-2,2,-14.73,0
-126.11,106.47,-2,2,-14.73,0
-126.58,106.94,-2,2,-14.73,0
-127.26,107.62,-2,2,-14.73,0
-127.93,108.28,-2,2,-14.73,0
-128.57,108.92,-2,2,-14.73,0
-129.23,109.59,-2,2,-14.73,0
-129.9,110.26,-2,2,-14.73,0
-130.4,110.76,-2,2,-14.73,0
-131.39,111.75,-2,2,-14.73,0
-132.06,112.42,-2,2,-14.73,0
-132.6,112.96,-2,2,-14.73,0
-133.39,113.74,-2,2,-14.73,0
-134.11,114.47,-2,2,-14.73,0
-134.71,115.07,-2,2,-14.73,0
-135.45,115.8,-2,2,-14.73,0
-136.1,116.46,-2,2,-14.73,0
-136.74,117.1,-2,2,-14.73,0
-137.12,117.48,-2,2,-14.73,0
-137.72,118.08,-2,2,-14.73,0
-138.09,118.45,-2,2,-14.73,0
-138.96,119.31,-2,2,-14.73,0
-139.29,119.65,-2,2,-14.73,0
-140.14,120.49,-2,2,-14.73,0
-140.74,121.1,-2,2,-14.73,0
-141.22,121.58,-2,2,-14.73,0
-141.88,122.23,-2,2,-14.73,0
-142.29,122.65,-2,2,-14.73,0
-143.15,123.51,-2,2,-14.73,0
-143.74,124.1,-2,2,-14.73,0
-144.13,124.49,-2,2,-14.73,0
-144.7,125.06,-2,2,-14.73,0
-145.37,125.73,-2,2,-14.73,0
-145.97,126.33,-2,2,-14.73,0
-146.83,127.19,-2,2,-14.73,0
-147.21,127.57,-2,2,-14.73,0
-148.17,128.53,-2,2,-14.73,0
-148.65,129.0,-2,2,-14.73,0
-149.6,129.96,-2,2,-14.73,0
-149.95,130.3,-2,2,-14.73,0
-150.68,131.03,-2,2,-14.73,0
-151.4,131.75,-2,2,-14.73,0
-152.01,132.36,-2,2,-14.73,0
-152.41,132.76,-2,2,-14.73,0
-153.01,133.37,-2,2,-14.73,0
-153.53,133.89,-2,2,-14.73,0
-154.17,134.53,-2,2,-14.73,0
-154.94,135.3,-2,2,-14.73,0
-155.43,135.78,-2,2,-14.73,0
-156.04,136.39,-2,2,-14.73,0
-156.9,137.25,-2,2,-14.73,0
-157.3,137.66,-2,2,-14.73,0
-157.8,138.16,-2,2,-14.73,0
-158.32,138.68,-2,2,-14.73,0
-159.18,139.54,-2,2,-14.73,0
-159.62,139.97,-2,2,-14.73,0
-160.13,140.49,-2,2,-14.73,0
-160.74,141.1,-2,2,-14.73,0
-161.22,141.58,-2,2,-14.73,0
-161.71,142.07,-2,2,-14.73,0
-162.22,142.58,-2,2,-14.73,0
-162.82,143.18,-2,2,-14.73,0
-163.44,143.8,-2,2,-14.73,0
-164.17,144.52,-2,2,-14.73,0
-164.56,144.92,-2,2,-14.73,0
-165.29,145.64,-2,2,-14.73,0
-165.92,146.28,-2,2,-14.73,0
-166.5,146.86,-2,2,-14.73,0
-167.18,147.53,-2,2,-14.73,0
-167.72,148.08,-2,2,-14.73,0
-168.19,148.55,-2,2,-14.73,0
-168.75,149.1,-2,2,-14.73,0
-169.54,149.9,-2,2,-14.73,0
-170.18,150.54,-2,2,-14.73,0
-170.63,150.99,-2,2,-14.73,0
-171.35,151.7,-2,2,-14.73,0
-171.96,152.31,-2,2,-14.73,0
-172.43,152.79,-2,2,-14.73,0
-172.94,153.3,-2,2,-14.73,0
-173.44,153.79,-2,2,-14.73,0
-174.04,154.4,-2,2,-14.73,0
-174.56,154.91,-2,2,-14.73,0
-175.54,155.89,-2,2,-14.73,0
-176.13,156.49,-2,2,-14.73,0
-176.79,157.15,-2,2,-14.73,0
-177.43,157.79,-2,2,-14.73,0
-177.79,158.15,-2,2,-14.73,0
-178.56,158.92,-2,2,-14.73,0
-179.19,159.55,-2,2,-14.73,0
-179.61,159.97,-2,2,-14.73,0
-180.22,160.58,-2,2,-14.73,0
-180.67,161.02,-2,2,-14.73,0
-181.17,161.52,-2,2,-14.73,0
-181.63,161.99,-2,2,-14.73,0
-182.27,162.63,-2,2,-14.73,0
-182.76,163.12,-2,2,-14.73,0
-183.56,163.91,-2,2,-14.73,0
-184.16,164.52,-2,2,-14.73,0
-184.58,164.93,-2,2,-14.73,0
-185.3,165.66,-2,2,-14.73,0
-185.95,166.3,-2,2,-14.73,0
-186.35,166.7,-2,2,-14.73,0
-187.21,167.57,-2,2,-14.73,0
-187.75,168.11,-2,2,-14.73,0
-188.49,168.84,-2,2,-14.73,0
-188.9,169.26,-2,2,-14.73,0
-189.66,170.02,-2,2,-14.73,0
-190.27,170.63,-2,2,-14.73,0
-190.88,171.23,-2,2,-14.73,0
-191.58,171.93,-2,2,-14.73,0
-192.43,172.78,-2,2,-14.73,0
-192.95,173.31,-2,2,-14.73,0
-193.44,173.79,-2,2,-14.73,0
-194.25,174.6,-2,2,-14.73,0
-195.0,175.35,-2,2,-14.73,0
-195.84,176.2,-2,2,-14.73,0
-196.45,176.8,-2,2,-14.73,0
-197.17,177.53,-2,2,-14.73,0
-197.83,178.19,-2,2,-14.73,0
-198.53,178.89,-2,2,-14.73,0
-199.51,179.86,-2,2,-14.73,0
-200.1,180.46,-2,2,-14.73,0
-200.83,181.18,-2,2,-14.73,0
-201.23,181.58,-2,2,-14.73,0
-202.19,182.55,-2,2,-14.73,0
-202.81,183.17,-2,2,-14.73,0
-203.33,183.69,-2,2,-14.73,0
-204.03,184.39,-2,2,-14.73,0
-204.85,185.21,-2,2,-14.73,0
-205.42,185.77,-2,2,-14.73,0
-206.08,186.44,-2,2,-14.73,0
-206.96,187.32,-2,2,-14.73,0
-207.68,188.04,-2,2,-14.73,0
-208.5,188.86,-2,2,-14.73,0
-208.9,189.26,-2,2,-14.73,0
-209.39,189.75,-2,2,-14.73,0
-209.98,190.34,-2,2,-14.73,0
-210.77,191.13,-2,2,-14.73,0
-211.43,191.79,-2,2,-14.73,0
-212.03,192.39,-2,2,-14.73,0
-212.63,192.99,-2,2,-14.73,0
-213.51,193.87,-2,2,-14.73,0
-214.2,194.55,-2,2,-14.73,0
-214.87,195.22,-2,2,-14.73,0
-215.3,195.66,-2,2,-14.73,0
-215.9,196.26,-2,2,-14.73,0
-216.74,197.1,-2,2,-14.73,0
-217.49,197.85,-2,2,-14.73,0
-217.83,198.19,-2,2,-14.73,0
-218.32,198.68,-2,2,-14.73,0
-219.23,199.59,-2,2,-14.73,0
-219.55,199.91,-2,2,-14.73,0
-220.28,200.64,-2,2,-14.73,0
-220.77,201.12,-2,2,-14.73,0
-221.44,201.8,-2,2,-14.73,0
-222.16,202.52,-2,2,-14.73,0
-222.82,203.18,-2,2,-14.73,0
-223.53,203.89,-2,2,-14.73,0
-224.27,204.62,-2,2,-14.73,0
-224.78,205.13,-2,2,-14.73,0
-225.56,205.92,-2,2,-14.73,0
-226.05,206.4,-2,2,-14.73,0
-226.78,207.14,-2,2,-14.73,0
-227.28,207.64,-2,2,-14.73,0
-228.0,208.36,-2,2,-14.73,0
-228.78,209.14,-2,2,-14.73,0
-229.27,209.62,-2,2,-14.73,0
-229.89,210.25,-2,2,-14.73,0
-230.87,211.23,-2,2,-14.73,0
-231.46,211.82,-2,2,-14.73,0
-231.89,212.25,-2,2,-14.73,0
-232.41,212.77,-2,2,-14.73,0
-233.17,213.53,-2,2,-14.73,0
-234.08,214.44,-2,2,-14.73,0
-235.02,215.37,-2,2,-14.73,0
-235.64,215.99,-2,2,-14.73,0
-236.55,216.9,-2,2,-14.73,0
-237.24,217.59,-2,2,-14.73,0
-237.88,218.24,-2,2,-14.73,0
-238.52,218.88,-2,2,-14.73,0
-239.27,219.63,-2,2,-14.73,0
-240.0,220.35,-2,2,-14.73,0
-240.73,221.09,-2,2,-14.73,0
-241.21,221.57,-2,2,-14.73,0
-241.7,222.05,-2,2,-14.73,0
-242.46,222.81,-2,2,-14.73,0
-243.21,223.57,-2,2,-14.73,0
-244.05,224.41,-2,2,-14.73,0
-244.66,225.01,-2,2,-14.73,0
-245.59,225.95,-2,2,-14.73,0
-246.28,226.64,-2,2,-14.73,0
-246.89,227.25,-2,2,-14.73,0
-247.38,227.74,-2,2,-14.73,0
-248.14,228.5,-2,2,-14.73,0
-248.76,229.11,-2,2,-14.73,0
-249.38,229.74,-2,2,-14.73,0
-249.98,230.34,-2,2,-14.73,0
-250.85,231.21,-2,2,-14.73,0
-251.75,232.11,-2,2,-14.73,0
-252.12,232.48,-2,2,-14.73,0
-253.1,233.46,-2,2,-14.73,0
-253.66,234.01,-2,2,-14.73,0
-254.47,234.83,-2,2,-14.73,0
-255.17,235.53,-2,2,-14.73,0
-255.67,236.02,-2,2,-14.73,0
-256.49,236.85,-2,2,-14.73,0
-257.33,237.69,-2,2,-14.73,0
-257.97,238.32,-2,2,-14.73,0
-258.33,238.69,-2,2,-14.73,0
-259.13,239.49,-2,2,-14.73,0
-259.74,240.09,-2,2,-14.73,0
-260.27,240.62,-2,2,-14.73,0
-260.85,241.21,-2,2,-14.73,0
-261.52,241.87,-2,2,-14.73,0
-262.13,242.49,-2,2,-14.73,0
-262.81,243.17,-2,2,-14.73,0
-263.55,243.9,-2,2,-14.73,0
-264.21,244.56,-2,2,-14.73,0
-265.0,245.35,-2,2,-14.73,0
-265.6,245.96,-2,2,-14.73,0
-265.98,246.33,-2,2,-14.73,0
-266.75,247.11,-2,2,-14.73,0
-267.46,247.82,-2,2,-14.73,0
-268.34,248.7,-2,2,-14.73,0
-268.92,249.28,-2,2,-14.73,0
-269.28,249.64,-2,2,-14.73,0
-270.08,250.43,-2,2,-14.73,0
-270.6,250.96,-2,2,-14.73,0
-271.27,251.63,-2,2,-14.73,0
-271.98,252.33,-2,2,-14.73,0
-272.7,253.05,-2,2,-14.73,0
-273.2,253.56,-2,2,-14.73,0
-273.96,254.32,-2,2,-14.73,0
-274.49,254.84,-2,2,-14.73,0
-275.58,255.94,-2,2,-14.73,0
-276.07,256.43,-2,2,-14.73,0
-276.81,257.17,-2,2,-14.73,0
-277.31,257.67,-2,2,-14.73,0
-278.04,258.4,-2,2,-14.73,0
-278.6,258.95,-2,2,-14.73,0
-279.24,259.6,-2,2,-14.73,0
-279.9,260.26,-2,2,-14.73,0
-280.54,260.9,-2,2,-14.73,0
-280.99,261.35,-2,2,-14.73,0
-282.04,262.39,-2,2,-14.73,0
-282.73,263.08,-2,2,-14.73,0
-283.09,263.45,-2,2,-14.73,0
-283.82,264.17,-2,2,-14.73,0
-284.45,264.8,-2,2,-14.73,0
-285.18,265.53,-2,2,-14.73,0
-285.54,265.89,-2,2,-14.73,0
-286.02,266.38,-2,2,-14.73,0
-286.89,267.25,-2,2,-14.73,0
-287.53,267.88,-2,2,-14.73,0
-288.01,268.37,-2,2,-14.73,0
-288.76,269.11,-2,2,-14.73,0
-289.43,269.79,-2,2,-14.73,0
-290.28,270.64,-2,2,-14.73,0
-290.88,271.24,-2,2,-14.73,0
-291.53,271.89,-2,2,-14.73,0
-292.13,272.49,-2,2,-14.73,0
-292.78,273.14,-2,2,-14.73,0
-293.52,273.88,-2,2,-14.73,0
-294.17,274.53,-2,2,-14.73,0
-294.78,275.14,-2,2,-14.73,0
-295.5,275.86,-2,2,-14.73,0
-296.11,276.46,-2,2,-14.73,0
-296.53,276.88,-2,2,-14.73,0
-297.48,277.84,-2,2,-14.73,0
-298.05,278.41,-2,2,-14.73,0
-298.65,279.0,-2,2,-14.73,0
-299.3,279.66,-2,2,-14.73,0
-299.73,280.08,-2,2,-14.73,0
-300.59,280.95,-2,2,-14.73,0
-301.34,281.7,-2,2,-14.73,0
-301.91,282.27,-2,2,-14.73,0
-302.56,282.92,-2,2,-14.73,0
-303.05,283.4,-2,2,-14.73,0
-303.66,284.01,-2,2,-14.73,0
-304.6,284.96,-2,2,-14.73,0
-304.96,285.31,-2,2,-14.73,0
-305.56,285.92,-2,2,-14.73,0
-306.34,286.69,-2,2,-14.73,0
-306.87,287.22,-2,2,-14.73,0
-307.35,287.71,-2,2,-14.73,0
-308.06,288.42,-2,2,-14.73,0
-308.74,289.1,-2,2,-14.73,0
-309.17,289.53,-2,2,-14.73,0
-309.92,290.27,-2,2,-14.73,0
-310.58,289.34,-2,-2,-14.73,0
-310.94,288.97,-2,-2,-14.73,0
-311.85,288.07,-2,-2,-14.73,0
-312.5,287.42,-2,-2,-14.73,0
-313.06,286.86,-2,-2,-14.73,0
-313.49,286.43,-2,-2,-14.73,0
-314.0,285.92,-2,-2,-14.73,0
-314.89,285.03,-2,-2,-14.73,0
-315.22,284.7,-2,-2,-14.73,0
-315.94,283.97,-2,-2,-14.73,0
-316.74,283.18,-2,-2,-14.73,0
-317.15,282.77,-2,-2,-14.73,0
-317.71,282.21,-2,-2,-14.73,0
-318.27,281.64,-2,-2,-14.73,0
-319.12,280.8,-2,-2,-14.73,0
-319.72,280.19,-2,-2,-14.73,0
-320.39,279.53,-2,-2,-14.73,0
-321.13,278.79,-2,-2,-14.73,0
-321.67,278.25,-2,-2,-14.73,0
-322.28,277.64,-2,-2,-14.73,0
-322.74,277.18,-2,-2,-14.73,0
-323.47,276.45,-2,-2,-14.73,0
-323.85,276.07,-2,-2,-14.73,0
-324.33,275.59,-2,-2,-14.73,0
-324.93,274.99,-2,-2,-14.73,0
-325.29,274.63,-2,-2,-14.73,0
-326.03,273.88,-2,-2,-14.73,0
-326.42,273.49,-2,-2,-14.73,0
-327.11,272.81,-2,-2,-14.73,0
-327.42,272.49,-2,-2,-14.73,0
-328.13,271.78,-2,-2,-14.73,0
-328.49,271.42,-2,-2,-14.73,0
-328.97,270.95,-2,-2,-14.73,0
-329.58,270.34,-2,-2,-14.73,0
-330.44,269.48,-2,-2,-14.73,0
-329.28,268.75,2,-2,-14.73,0
-328.71,268.19,2,-2,-14.73,0
-328.08,267.56,2,-2,-14.73,0
-327.3,266.78,2,-2,-14.73,0
-326.97,266.45,2,-2,-14.73,0
-326.11,265.59,2,-2,-14.73,0
-325.19,264.66,2,-2,-14.73,0
-324.87,264.35,2,-2,-14.73,0
-324.34,263.82,2,-2,-14.73,0
-323.52,262.99,2,-2,-14.73,0
-323.09,262.57,2,-2,-14.73,0
-322.36,261.84,2,-2,-14.73,0
-321.76,261.24,2,-2,-14.73,0
-321.43,260.9,2,-2,-14.73,0
-320.77,260.25,2,-2,-14.73,0
-320.17,259.65,2,-2,-14.73,0
-319.52,258.99,2,-2,-14.73,0
-318.99,258.47,2,-2,-14.73,0
-318.24,257.72,2,-2,-14.73,0
-317.88,257.36,2,-2,-14.73,0
-317.32,256.79,2,-2,-14.73,0
-316.46,255.93,2,-2,-14.73,0
-315.86,255.33,2,-2,-14.73,0
-314.95,254.42,2,-2,-14.73,0
-314.1,253.57,2,-2,-14.73,0
-313.44,252.92,2,-2,-14.73,0
-312.81,252.29,2,-2,-14.73,0
-312.22,251.69,2,-2,-14.73,0
-311.48,250.95,2,-2,-14.73,0
-310.87,250.35,2,-2,-14.73,0
-310.2,249.68,2,-2,-14.73,0
-309.5,248.97,2,-2,-14.73,0
-308.81,248.29,2,-2,-14.73,0
-308.09,247.56,2,-2,-14.73,0
-307.42,246.89,2,-2,-14.73,0
-306.69,246.17,2,-2,-14.73,0
-306.06,245.54,2,-2,-14.73,0
-305.32,244.79,2,-2,-14.73,0
-304.59,244.07,2,-2,-14.73,0
-303.99,243.47,2,-2,-14.73,0
-303.15,242.62,2,-2,-14.73,0
-302.52,242.0,2,-2,-14.73,0
-302.03,241.51,2,-2,-14.73,0
-301.16,240.64,2,-2,-14.73,0
-300.76,240.24,2,-2,-14.73,0
-300.05,239.53,2,-2,-14.73,0
-299.71,239.19,2,-2,-14.73,0
-298.83,238.3,2,-2,-14.73,0
-298.25,237.73,2,-2,-14.73,0
-297.41,236.89,2,-2,-14.73,0
-296.83,236.3,2,-2,-14.73,0
-296.09,235.56,2,-2,-14.73,0
-295.49,234.97,2,-2,-14.73,0
-294.89,234.37,2,-2,-14.73,0
-294.25,233.73,2,-2,-14.73,0
-293.89,233.36,2,-2,-14.73,0
-293.16,232.63,2,-2,-14.73,0
-292.43,231.91,2,-2,-14.73,0
-292.11,231.59,2,-2,-14.73,0
-291.43,230.91,2,-2,-14.73,0
-290.95,230.42,2,-2,-14.73,0
-290.34,229.82,2,-2,-14.73,0
-289.86,229.34,2,-2,-14.73,0
-289.07,228.54,2,-2,-14.73,0
-288.57,228.04,2,-2,-14.73,0
-288.15,227.63,2,-2,-14.73,0
-287.53,227.01,2,-2,-14.73,0
-287.16,226.64,2,-2,-14.73,0
-286.7,226.18,2,-2,-14.73,0
-286.12,225.59,2,-2,-14.73,0
-285.64,225.11,2,-2,-14.73,0
-284.92,224.4,2,-2,-14.73,0
-284.18,223.65,2,-2,-14.73,0
-283.85,223.32,2,-2,-14.73,0
-283.03,222.5,2,-2,-14.73,0
-282.35,221.83,2,-2,-14.73,0
-281.67,221.15,2,-2,-14.73,0
-280.94,220.42,2,-2,-14.73,0
-280.19,219.66,2,-2,-14.73,0
-279.87,219.35,2,-2,-14.73,0
-279.35,218.83,2,-2,-14.73,0
-278.75,218.23,2,-2,-14.73,0
-278.39,217.87,2,-2,-14.73,0
-277.63,217.1,2,-2,-14.73,0
-277.26,216.74,2,-2,-14.73,0
-276.37,215.84,2,-2,-14.73,0
-275.76,215.24,2,-2,-14.73,0
-275.04,214.52,2,-2,-14.73,0
-274.65,214.13,2,-2,-14.73,0
-273.87,213.35,2,-2,-14.73,0
-273.18,212.66,2,-2,-14.73,0
-272.53,212.0,2,-2,-14.73,0
-272.17,211.64,2,-2,-14.73,0
-271.42,210.9,2,-2,-14.73,0
-270.68,210.16,2,-2,-14.73,0
-270.37,209.85,2,-2,-14.73,0
-269.62,209.1,2,-2,-14.73,0
-269.03,208.5,2,-2,-14.73,0
-268.29,207.76,2,-2,-14.73,0
-267.54,207.02,2,-2,-14.73,0
-267.06,206.54,2,-2,-14.73,0
-266.46,205.94,2,-2,-14.73,0
-265.98,205.45,2,-2,-14.73,0
-265.2,204.68,2,-2,-14.73,0
-264.65,204.13,2,-2,-14.73,0
-264.15,203.63,2,-2,-14.73,0
-263.53,203.01,2,-2,-14.73,0
-262.95,202.42,2,-2,-14.73,0
-262.4,201.88,2,-2,-14.73,0
-261.56,201.03,2,-2,-14.73,0
-260.93,200.41,2,-2,-14.73,0
-260.57,200.05,2,-2,-14.73,0
-259.92,199.39,2,-2,-14.73,0
-259.47,198.95,2,-2,-14.73,0
-258.86,198.34,2,-2,-14.73,0
-258.47,197.95,2,-2,-14.73,0
-257.74,197.22,2,-2,-14.73,0
-257.34,196.81,2,-2,-14.73,0
-256.62,196.1,2,-2,-14.73,0
-256.13,195.61,2,-2,-14.73,0
-255.51,194.99,2,-2,-14.73,0
-254.72,194.2,2,-2,-14.73,0
-254.36,193.83,2,-2,-14.73,0
-253.75,193.23,2,-2,-14.73,0
-252.87,192.35,2,-2,-14.73,0
-252.04,191.51,2,-2,-14.73,0
-251.52,191.0,2,-2,-14.73,0
-251.03,190.5,2,-2,-14.73,0
-250.54,190.01,2,-2,-14.73,0
-250.05,189.53,2,-2,-14.73,0
-249.3,188.77,2,-2,-14.73,0
-248.45,187.92,2,-2,-14.73,0
-247.78,187.26,2,-2,-14.73,0
-247.26,186.73,2,-2,-14.73,0
-246.73,186.2,2,-2,-14.73,0
-246.2,185.68,2,-2,-14.73,0
-245.23,184.7,2,-2,-14.73,0
-244.46,183.93,2,-2,-14.73,0
-243.74,183.22,2,-2,-14.73,0
-243.32,182.8,2,-2,-14.73,0
-242.53,182.01,2,-2,-14.73,0
-242.1,181.58,2,-2,-14.73,0
-241.48,180.96,2,-2,-14.73,0
-240.94,180.42,2,-2,-14.73,0
-240.14,179.62,2,-2,-14.73,0
-239.82,179.3,2,-2,-14.73,0
-239.33,178.81,2,-2,-14.73,0
-238.6,178.08,2,-2,-14.73,0
-238.24,177.71,2,-2,-14.73,0
-237.52,177.0,2,-2,-14.73,0
-237.14,176.61,2,-2,-14.73,0
-236.28,175.75,2,-2,-14.73,0
-235.87,175.35,2,-2,-14.73,0
-235.37,174.85,2,-2,-14.73,0
-234.57,174.05,2,-2,-14.73,0
-234.25,173.73,2,-2,-14.73,0
-233.51,172.99,2,-2,-14.73,0
-233.16,172.63,2,-2,-14.73,0
-232.2,171.68,2,-2,-14.73,0
-231.8,171.28,2,-2,-14.73,0
-231.31,170.78,2,-2,-14.73,0
-230.64,170.12,2,-2,-14.73,0
-230.25,169.73,2,-2,-14.73,0
-229.36,168.84,2,-2,-14.73,0
-229.0,168.47,2,-2,-14.73,0
-228.35,167.83,2,-2,-14.73,0
-227.78,167.25,2,-2,-14.73,0
-227.3,166.78,2,-2,-14.73,0
-226.69,166.17,2,-2,-14.73,0
-225.93,165.41,2,-2,-14.73,0
-225.32,164.8,2,-2,-14.73,0
-224.72,164.2,2,-2,-14.73,0
-223.98,163.46,2,-2,-14.73,0
-223.33,162.81,2,-2,-14.73,0
-222.92,162.4,2,-2,-14.73,0
-222.29,161.77,2,-2,-14.73,0
-221.53,161.0,2,-2,-14.73,0
-220.53,160.01,2,-2,-14.73,0
-219.97,159.45,2,-2,-14.73,0
-219.62,159.09,2,-2,-14.73,0
-219.01,158.48,2,-2,-14.73,0
-218.35,157.83,2,-2,-14.73,0
-217.46,156.94,2,-2,-14.73,0
-215.5,154.97,2,-2,-14.73,0
-215.07,154.54,2,-2,-14.73,0
-214.44,153.91,2,-2,-14.73,0
-213.86,153.33,2,-2,-14.73,0
-213.05,152.53,2,-2,-14.73,0
-212.55,152.03,2,-2,-14.73,0
-212.07,151.55,2,-2,-14.73,0
-211.59,151.06,2,-2,-14.73,0
-211.1,150.58,2,-2,-14.73,0
-210.58,150.05,2,-2,-14.73,0
-210.07,149.55,2,-2,-14.73,0
-209.26,148.74,2,-2,-14.73,0
-208.73,148.2,2,-2,-14.73,0
-208.22,147.7,2,-2,-14.73,0
-207.45,146.93,2,-2,-14.73,0
-206.74,146.21,2,-2,-14.73,0
-205.57,145.05,2,-2,-14.73,0
-204.61,144.09,2,-2,-14.73,0
-204.22,143.7,2,-2,-14.73,0
-203.21,142.69,2,-2,-14.73,0
-202.73,142.2,2,-2,-14.73,0
-202.19,141.66,2,-2,-14.73,0
-201.3,140.77,2,-2,-14.73,0
-200.94,140.42,2,-2,-14.73,0
-200.34,139.82,2,-2,-14.73,0
-199.61,139.09,2,-2,-14.73,0
-199.22,138.7,2,-2,-14.73,0
-198.33,137.81,2,-2,-14.73,0
-197.78,137.25,2,-2,-14.73,0
-197.11,136.59,2,-2,-14.73,0
-196.63,136.1,2,-2,-14.73,0
-195.75,135.22,2,-2,-14.73,0
-195.39,134.86,2,-2,-14.73,0
-194.73,134.21,2,-2,-14.73,0
-194.23,133.71,2,-2,-14.73,0
-193.51,132.99,2,-2,-14.73,0
-193.01,132.49,2,-2,-14.73,0
-192.4,131.87,2,-2,-14.73,0
-191.91,131.39,2,-2,-14.73,0
-191.3,130.78,2,-2,-14.73,0
-190.82,130.3,2,-2,-14.73,0
-190.12,129.6,2,-2,-14.73,0
-189.55,129.03,2,-2,-14.73,0
-188.91,128.38,2,-2,-14.73,0
-188.18,127.66,2,-2,-14.73,0
-187.56,127.04,2,-2,-14.73,0
-187.11,126.59,2,-2,-14.73,0
-186.63,126.11,2,-2,-14.73,0
-185.57,125.05,2,-2,-14.73,0
-185.14,124.62,2,-2,-14.73,0
-184.33,123.81,2,-2,-14.73,0
-183.77,123.25,2,-2,-14.73,0
-183.01,122.49,2,-2,-14.73,0
-182.7,122.17,2,-2,-14.73,0
-182.16,121.64,2,-2,-14.73,0
-181.45,120.93,2,-2,-14.73,0
-181.09,120.57,2,-2,-14.73,0
-180.45,119.93,2,-2,-14.73,0
-179.82,119.3,2,-2,-14.73,0
-179.34,118.81,2,-2,-14.73,0
-178.71,118.18,2,-2,-14.73,0
-178.1,117.57,2,-2,-14.73,0
-177.45,116.93,2,-2,-14.73,0
-176.58,116.06,2,-2,-14.73,0
-175.86,115.33,2,-2,-14.73,0
-175.51,114.99,2,-2,-14.73,0
-174.54,114.01,2,-2,-14.73,0
-174.18,113.66,2,-2,-14.73,0
-173.33,112.81,2,-2,-14.73,0
-172.65,112.13,2,-2,-14.73,0
-172.02,111.49,2,-2,-14.73,0
-171.41,110.89,2,-2,-14.73,0
-170.78,110.25,2,-2,-14.73,0
-170.01,109.49,2,-2,-14.73,0
-169.37,108.85,2,-2,-14.73,0
-169.04,108.52,2,-2,-14.73,0
-168.48,107.96,2,-2,-14.73,0
-167.92,107.4,2,-2,-14.73,0
-167.28,106.75,2,-2,-14.73,0
-166.78,106.25,2,-2,-14.73,0
-166.29,105.77,2,-2,-14.73,0
-165.41,104.89,2,-2,-14.73,0
-164.78,104.25,2,-2,-14.73,0
-164.41,103.89,2,-2,-14.73,0
-163.84,103.31,2,-2,-14.73,0
-163.36,102.84,2,-2,-14.73,0
-162.73,102.21,2,-2,-14.73,0
-162.23,101.71,2,-2,-14.73,0
-161.46,100.94,2,-2,-14.73,0
-160.98,100.46,2,-2,-14.73,0
-160.6,100.08,2,-2,-14.73,0
-160.1,99.58,2,-2,-14.73,0
-159.63,99.11,2,-2,-14.73,0
-158.91,98.39,2,-2,-14.73,0
-158.29,97.77,2,-2,-14.73,0
-157.89,97.36,2,-2,-14.73,0
-157.33,96.81,2,-2,-14.73,0
-156.84,96.31,2,-2,-14.73,0
-156.23,95.71,2,-2,-14.73,0
-155.87,95.34,2,-2,-14.73,0
-154.98,94.46,2,-2,-14.73,0
-154.58,94.06,2,-2,-14.73,0
-154.1,93.58,2,-2,-14.73,0
-153.24,92.72,2,-2,-14.73,0
-152.92,92.4,2,-2,-14.73,0
-152.22,91.7,2,-2,-14.73,0
-151.83,91.31,2,-2,-14.73,0
-151.23,90.71,2,-2,-14.73,0
-150.78,90.26,2,-2,-14.73,0
-150.02,89.5,2,-2,-14.73,0
-149.66,89.14,2,-2,-14.73,0
-148.74,88.22,2,-2,-14.73,0
-148.42,87.89,2,-2,-14.73,0
-147.77,87.25,2,-2,-14.73,0
-147.14,86.61,2,-2,-14.73,0
-146.73,86.21,2,-2,-14.73,0
-145.88,85.35,2,-2,-14.73,0
-145.17,84.64,2,-2,-14.73,0
-144.75,84.22,2,-2,-14.73,0
-144.14,83.62,2,-2,-14.73,0
-143.27,82.75,2,-2,-14.73,0
-142.45,81.93,2,-2,-14.73,0
-142.12,81.6,2,-2,-14.73,0
-141.28,80.75,2,-2,-14.73,0
-140.94,80.42,2,-2,-14.73,0
-140.22,79.69,2,-2,-14.73,0
-139.55,79.03,2,-2,-14.73,0
-139.19,78.67,2,-2,-14.73,0
-138.22,77.7,2,-2,-14.73,0
-137.48,76.95,2,-2,-14.73,0
-136.9,76.38,2,-2,-14.73,0
-136.32,75.8,2,-2,-14.73,0
-135.61,75.09,2,-2,-14.73,0
-134.96,74.44,2,-2,-14.73,0
-134.62,74.1,2,-2,-14.73,0
-133.88,73.36,2,-2,-14.73,0
-133.52,73.0,2,-2,-14.73,0
-132.9,72.38,2,-2,-14.73,0
-132.19,71.67,2,-2,-14.73,0
-131.83,71.31,2,-2,-14.73,0
-131.23,70.7,2,-2,-14.73,0
-130.81,70.29,2,-2,-14.73,0
-130.2,69.68,2,-2,-14.73,0
-129.48,68.96,2,-2,-14.73,0
-129.14,68.61,2,-2,-14.73,0
-128.53,68.01,2,-2,-14.73,0
-128.16,67.64,2,-2,-14.73,0
-127.12,66.6,2,-2,-14.73,0
-126.35,65.82,2,-2,-14.73,0
-125.74,65.22,2,-2,-14.73,0
-125.06,64.54,2,-2,-14.73,0
-124.21,63.69,2,-2,-14.73,0
-123.59,63.07,2,-2,-14.73,0
-123.19,62.67,2,-2,-14.73,0
-122.33,61.81,2,-2,-14.73,0
-121.74,61.22,2,-2,-14.73,0
-121.26,60.74,2,-2,-14.73,0
-120.64,60.12,2,-2,-14.73,0
-119.85,59.33,2,-2,-14.73,0
-119.22,58.7,2,-2,-14.73,0
-118.86,58.34,2,-2,-14.73,0
-117.96,57.44,2,-2,-14.73,0
-117.36,56.84,2,-2,-14.73,0
-116.98,56.46,2,-2,-14.73,0
-116.33,55.81,2,-2,-14.73,0
-115.86,55.34,2,-2,-14.73,0
-114.99,54.46,2,-2,-14.73,0
-114.6,54.07,2,-2,-14.73,0
-113.82,53.3,2,-2,-14.73,0
-113.14,52.62,2,-2,-14.73,0
-112.42,51.9,2,-2,-14.73,0
-111.78,51.25,2,-2,-14.73,0
-111.29,50.77,2,-2,-14.73,0
-110.64,50.11,2,-2,-14.73,0
-110.19,49.66,2,-2,-14.73,0
-109.34,48.81,2,-2,-14.73,0
-108.76,48.23,2,-2,-14.73,0
-108.17,47.65,2,-2,-14.73,0
-107.29,46.77,2,-2,-14.73,0
-106.92,46.4,2,-2,-14.73,0
-106.27,45.75,2,-2,-14.73,0
-105.3,44.78,2,-2,-14.73,0
-104.89,44.37,2,-2,-14.73,0
-104.0,43.47,2,-2,-14.73,0
-103.64,43.11,2,-2,-14.73,0
-102.99,42.47,2,-2,-14.73,0
-102.48,41.96,2,-2,-14.73,0
-101.47,40.95,2,-2,-14.73,0
-101.11,40.59,2,-2,-14.73,0
-100.23,39.71,2,-2,-14.73,0
-99.56,39.04,2,-2,-14.73,0
-99.08,38.56,2,-2,-14.73,0
-98.08,37.55,2,-2,-14.73,0
-97.34,36.82,2,-2,-14.73,0
-96.74,36.22,2,-2,-14.73,0
-95.84,35.32,2,-2,-14.73,0
-95.16,34.64,2,-2,-14.73,0
-94.74,34.21,2,-2,-14.73,0
-94.15,33.63,2,-2,-14.73,0
-93.43,32.9,2,-2,-14.73,0
-93.01,32.48,2,-2,-14.73,0
-92.16,31.64,2,-2,-14.73,0
-91.59,31.06,2,-2,-14.73,0
-91.09,30.57,2,-2,-14.73,0
-90.47,29.94,2,-2,-14.73,0
-89.48,28.96,2,-2,-14.73,0
-88.83,28.31,2,-2,-14.73,0
-88.19,27.66,2,-2,-14.73,0
-87.61,27.09,2,-2,-14.73,0
-87.1,26.58,2,-2,-14.73,0
-86.35,25.83,2,-2,-14.73,0
-85.68,25.16,2,-2,-14.73,0
-85.07,24.55,2,-2,-14.73,0
-84.27,23.75,2,-2,-14.73,0
-83.91,23.38,2,-2,-14.73,0
-82.96,22.43,2,-2,-14.73,0
-82.55,22.03,2,-2,-14.73,0
-81.56,21.03,2,-2,-14.73,0
-80.9,20.37,2,-2,-14.73,0
-80.28,19.76,2,-2,-14.73,0
-79.86,19.34,2,-2,-14.73,0
-79.36,18.83,2,-2,-14.73,0
-78.75,18.23,2,-2,-14.73,0
-78.23,17.71,2,-2,-14.73,0
-77.39,16.86,2,-2,-14.73,0
-76.76,16.24,2,-2,-14.73,0
-76.01,15.48,2,-2,-14.73,0
-75.26,14.74,2,-2,-14.73,0
-74.39,13.86,2,-2,-14.73,0
-73.78,13.26,2,-2,-14.73,0
-72.97,12.45,2,-2,-14.73,0
-72.43,11.9,2,-2,-14.73,0
-71.7,11.18,2,-2,-14.73,0
-71.21,10.69,2,-2,-14.73,0
-70.77,10.25,2,-2,-14.73,0
-70.22,9.7,2,-2,-14.73,0
-69.35,8.83,2,-2,-14.73,0
-68.86,8.34,2,-2,-14.73,0
-68.13,7.61,2,-2,-14.73,0
-67.65,7.13,2,-2,-14.73,0
-66.96,6.43,2,-2,-14.73,0
-66.44,5.92,2,-2,-14.73,0
-65.74,5.22,2,-2,-14.73,0
-64.92,4.4,2,-2,-14.73,0
-64.54,4.01,2,-2,-14.73,0
-63.69,3.17,2,-2,-14.73,0
-63.05,2.53,2,-2,-14.73,0
-62.35,1.83,2,-2,-14.73,0
-61.58,1.05,2,-2,-14.73,0
-60.96,0.44,2,-2,-14.73,0
-60.34,-0.18,2,-2,-14.73,0
-59.86,-0.67,2,-2,-14.73,0
-59.1,-1.43,2,-2,-14.73,0
-58.47,-2.05,2,-2,-14.73,0
-58.07,-2.45,2,-2,-14.73,0
-57.25,-3.27,2,-2,-14.73,0
-56.77,-3.75,2,-2,-14.73,0
-56.01,-4.51,2,-2,-14.73,0
-55.52,-5.01,2,-2,-14.73,0
-55.03,-5.49,2,-2,-14.73,0
-54.48,-6.04,2,-2,-14.73,0
-53.71,-6.81,2,-2,-14.73,0
-53.12,-7.41,2,-2,-14.73,0
-52.4,-8.13,2,-2,-14.73,0
-51.88,-8.65,2,-2,-14.73,0
-51.26,-9.26,2,-2,-14.73,0
-50.88,-9.64,2,-2,-14.73,0
-50.02,-10.5,2,-2,-14.73,0
-49.34,-11.18,2,-2,-14.73,0
-48.73,-11.79,2,-2,-14.73,0
-47.95,-12.57,2,-2,-14.73,0
-47.53,-12.99,2,-2,-14.73,0
-46.73,-13.8,2,-2,-14.73,0
-45.94,-14.59,2,-2,-14.73,0
-45.09,-15.43,2,-2,-14.73,0
-44.47,-16.05,2,-2,-14.73,0
-43.99,-16.54,2,-2,-14.73,0
-43.32,-17.2,2,-2,-14.73,0
-42.98,-17.54,2,-2,-14.73,0
-41.99,-18.54,2,-2,-14.73,0
-41.24,-19.28,2,-2,-14.73,0
-40.52,-20.0,2,-2,-14.73,0
-39.88,-20.65,2,-2,-14.73,0
-39.39,-21.13,2,-2,-14.73,0
-38.79,-21.74,2,-2,-14.73,0
-38.07,-22.46,2,-2,-14.73,0
-37.42,-23.1,2,-2,-14.73,0
-36.82,-23.71,2,-2,-14.73,0
-36.07,-24.45,2,-2,-14.73,0
-35.31,-25.21,2,-2,-14.73,0
-34.99,-25.53,2,-2,-14.73,0
-34.42,-26.1,2,-2,-14.73,0
-33.3,-27.22,2,-2,-14.73,0
-32.89,-27.63,2,-2,-14.73,0
-32.16,-28.36,2,-2,-14.73,0
-31.51,-29.01,2,-2,-14.73,0
-30.9,-29.62,2,-2,-14.73,0
-30.3,-30.22,2,-2,-14.73,0
-29.73,-30.79,2,-2,-14.73,0
-29.07,-31.45,2,-2,-14.73,0
-28.31,-32.21,2,-2,-14.73,0
-27.82,-32.71,2,-2,-14.73,0
-27.3,-33.23,2,-2,-14.73,0
-26.56,-33.97,2,-2,-14.73,0
-25.95,-34.58,2,-2,-14.73,0
-25.54,-34.99,2,-2,-14.73,0
-24.96,-35.56,2,-2,-14.73,0
-24.33,-36.2,2,-2,-14.73,0
-23.56,-36.96,2,-2,-14.73,0
-22.72,-37.8,2,-2,-14.73,0
-22.0,-38.53,2,-2,-14.73,0
-21.27,-39.25,2,-2,-14.73,0
-20.56,-39.96,2,-2,-14.73,0
-19.87,-40.65,2,-2,-14.73,0
-19.5,-41.03,2,-2,-14.73,0
-18.89,-41.64,2,-2,-14.73,0
-18.24,-42.28,2,-2,-14.73,0
-17.58,-42.94,2,-2,-14.73,0
-16.97,-43.55,2,-2,-14.73,0
-16.33,-44.19,2,-2,-14.73,0
-15.91,-44.61,2,-2,-14.73,0
-15.28,-45.25,2,-2,-14.73,0
-14.8,-45.72,2,-2,-14.73,0
-14.19,-46.33,2,-2,-14.73,0
-13.56,-46.97,2,-2,-14.73,0
-12.89,-47.63,2,-2,-14.73,0
-12.25,-48.27,2,-2,-14.73,0
-11.6,-48.92,2,-2,-14.73,0
-11.0,-49.53,2,-2,-14.73,0
-10.32,-50.2,2,-2,-14.73,0
-9.55,-50.97,2,-2,-14.73,0
-9.03,-51.5,2,-2,-14.73,0
-8.18,-52.34,2,-2,-14.73,0
-7.79,-52.73,2,-2,-14.73,0
-6.94,-53.59,2,-2,-14.73,0
-6.51,-54.01,2,-2,-14.73,0
-5.74,-54.79,2,-2,-14.73,0
-5.32,-55.21,2,-2,-14.73,0
-4.5,-56.03,2,-2,-14.73,0
-3.98,-56.55,2,-2,-14.73,0
-3.33,-57.19,2,-2,-14.73,0
-2.92,-57.6,2,-2,-14.73,0
-2.2,-58.32,2,-2,-14.73,0
-1.8,-58.72,2,-2,-14.73,0
-1.08,-59.45,2,-2,-14.73,0
-0.34,-60.18,2,-2,-14.73,0
0.02,-60.54,2,-2,-14.73,0
0.64,-61.16,2,-2,-14.73,0
1.37,-61.89,2,-2,-14.73,0
2.02,-62.54,2,-2,-14.73,0
2.75,-63.27,2,-2,-14.73,0
3.15,-63.67,2,-2,-14.73,0
3.87,-64.4,2,-2,-14.73,0
4.47,-65.0,2,-2,-14.73,0
4.96,-65.48,2,-2,-14.73,0
5.48,-66.0,2,-2,-14.73,0
6.32,-66.85,2,-2,-14.73,0
6.73,-67.26,2,-2,-14.73,0
7.44,-67.97,2,-2,-14.73,0
7.96,-68.49,2,-2,-14.73,0
8.82,-69.35,2,-2,-14.73,0
9.41,-69.93,2,-2,-14.73,0
10.06,-70.59,2,-2,-14.73,0
10.72,-71.25,2,-2,-14.73,0
11.08,-71.61,2,-2,-14.73,0
11.73,-72.26,2,-2,-14.73,0
12.31,-72.83,2,-2,-14.73,0
12.92,-73.44,2,-2,-14.73,0
13.78,-74.3,2,-2,-14.73,0
14.48,-75.0,2,-2,-14.73,0
14.8,-75.32,2,-2,-14.73,0
15.41,-75.93,2,-2,-14.73,0
15.93,-76.45,2,-2,-14.73,0
16.39,-76.92,2,-2,-14.73,0
16.88,-77.4,2,-2,-14.73,0
17.49,-78.02,2,-2,-14.73,0
17.86,-78.39,2,-2,-14.73,0
18.59,-79.11,2,-2,-14.73,0
19.0,-79.53,2,-2,-14.73,0
19.61,-80.13,2,-2,-14.73,0
20.38,-80.91,2,-2,-14.73,0
20.75,-81.27,2,-2,-14.73,0
21.24,-81.76,2,-2,-14.73,0
22.19,-82.71,2,-2,-14.73,0
23.03,-83.55,2,-2,-14.73,0
23.87,-84.39,2,-2,-14.73,0
24.28,-84.81,2,-2,-14.73,0
25.16,-85.68,2,-2,-14.73,0
25.68,-86.2,2,-2,-14.73,0
26.43,-86.95,2,-2,-14.73,0
27.16,-87.69,2,-2,-14.73,0
27.89,-88.41,2,-2,-14.73,0
28.55,-89.07,2,-2,-14.73,0
29.16,-89.68,2,-2,-14.73,0
29.48,-90.01,2,-2,-14.73,0
30.34,-90.86,2,-2,-14.73,0
31.06,-91.58,2,-2,-14.73,0
31.42,-91.95,2,-2,-14.73,0
31.94,-92.46,2,-2,-14.73,0
32.52,-93.04,2,-2,-14.73,0
33.16,-93.68,2,-2,-14.73,0
33.67,-94.19,2,-2,-14.73,0
34.52,-95.05,2,-2,-14.73,0
35.02,-95.54,2,-2,-14.73,0
35.65,-96.18,2,-2,-14.73,0
36.38,-96.9,2,-2,-14.73,0
36.91,-97.43,2,-2,-14.73,0
37.56,-98.09,2,-2,-14.73,0
38.1,-98.62,2,-2,-14.73,0
38.75,-99.28,2,-2,-14.73,0
39.43,-99.95,2,-2,-14.73,0
40.35,-100.87,2,-2,-14.73,0
40.75,-101.27,2,-2,-14.73,0
41.36,-101.88,2,-2,-14.73,0
42.26,-102.78,2,-2,-14.73,0
42.67,-103.2,2,-2,-14.73,0
43.29,-103.81,2,-2,-14.73,0
43.85,-104.37,2,-2,-14.73,0
44.33,-104.86,2,-2,-14.73,0
44.79,-105.32,2,-2,-14.73,0
45.29,-105.81,2,-2,-14.73,0
45.88,-106.4,2,-2,-14.73,0
46.64,-107.16,2,-2,-14.73,0
47.03,-107.55,2,-2,-14.73,0
47.68,-108.2,2,-2,-14.73,0
48.67,-109.19,2,-2,-14.73,0
49.13,-109.66,2,-2,-14.73,0
49.76,-110.28,2,-2,-14.73,0
50.39,-110.91,2,-2,-14.73,0
51.11,-111.64,2,-2,-14.73,0
51.42,-111.94,2,-2,-14.73,0
51.92,-112.44,2,-2,-14.73,0
52.41,-112.93,2,-2,-14.73,0
53.29,-113.81,2,-2,-14.73,0
53.6,-114.12,2,-2,-14.73,0
54.34,-114.86,2,-2,-14.73,0
54.77,-115.29,2,-2,-14.73,0
55.43,-115.95,2,-2,-14.73,0
55.81,-116.34,2,-2,-14.73,0
56.31,-116.84,2,-2,-14.73,0
56.92,-117.44,2,-2,-14.73,0
57.73,-118.25,2,-2,-14.73,0
58.31,-118.83,2,-2,-14.73,0
59.1,-119.63,2,-2,-14.73,0
59.79,-120.31,2,-2,-14.73,0
60.4,-120.92,2,-2,-14.73,0
61.02,-121.54,2,-2,-14.73,0
61.38,-121.9,2,-2,-14.73,0
62.27,-122.79,2,-2,-14.73,0
62.68,-123.21,2,-2,-14.73,0
63.34,-123.86,2,-2,-14.73,0
63.82,-124.35,2,-2,-14.73,0
64.45,-124.97,2,-2,-14.73,0
64.94,-125.46,2,-2,-14.73,0
65.54,-126.07,2,-2,-14.73,0
66.33,-126.85,2,-2,-14.73,0
66.97,-127.49,2,-2,-14.73,0
67.51,-128.04,2,-2,-14.73,0
68.01,-128.53,2,-2,-14.73,0
68.49,-129.01,2,-2,-14.73,0
69.18,-129.71,2,-2,-14.73,0
69.68,-130.2,2,-2,-14.73,0
70.46,-130.98,2,-2,-14.73,0
70.93,-131.45,2,-2,-14.73,0
71.32,-131.84,2,-2,-14.73,0
71.95,-132.47,2,-2,-14.73,0
72.45,-132.97,2,-2,-14.73,0
73.09,-133.61,2,-2,-14.73,0
73.97,-134.5,2,-2,-14.73,0
74.62,-135.14,2,-2,-14.73,0
75.0,-135.52,2,-2,-14.73,0
75.57,-136.09,2,-2,-14.73,0
76.3,-136.82,2,-2,-14.73,0
76.88,-137.41,2,-2,-14.73,0
77.59,-138.12,2,-2,-14.73,0
78.01,-138.54,2,-2,-14.73,0
78.62,-139.14,2,-2,-14.73,0
79.23,-139.76,2,-2,-14.73,0
80.13,-140.65,2,-2,-14.73,0
80.52,-141.04,2,-2,-14.73,0
81.02,-141.54,2,-2,-14.73,0
81.62,-142.15,2,-2,-14.73,0
82.16,-142.68,2,-2,-14.73,0
82.84,-143.37,2,-2,-14.73,0
83.39,-143.91,2,-2,-14.73,0
84.2,-144.73,2,-2,-14.73,0
84.9,-145.42,2,-2,-14.73,0
85.25,-145.77,2,-2,-14.73,0
85.9,-146.42,2,-2,-14.73,0
86.51,-147.04,2,-2,-14.73,0
87.23,-147.75,2,-2,-14.73,0
87.6,-148.12,2,-2,-14.73,0
88.2,-148.72,2,-2,-14.73,0
88.78,-149.3,2,-2,-14.73,0
89.51,-150.04,2,-2,-14.73,0
90.11,-150.64,2,-2,-14.73,0
90.59,-151.12,2,-2,-14.73,0
91.64,-152.16,2,-2,-14.73,0
92.31,-152.84,2,-2,-14.73,0
92.75,-153.27,2,-2,-14.73,0
93.62,-154.15,2,-2,-14.73,0
94.28,-154.8,2,-2,-14.73,0
95.15,-155.68,2,-2,-14.73,0
95.49,-156.01,2,-2,-14.73,0
96.1,-156.63,2,-2,-14.73,0
96.81,-157.33,2,-2,-14.73,0
97.2,-157.72,2,-2,-14.73,0
97.74,-158.27,2,-2,-14.73,0
98.62,-159.14,2,-2,-14.73,0
98.98,-159.5,2,-2,-14.73,0
99.94,-160.46,2,-2,-14.73,0
100.6,-161.13,2,-2,-14.73,0
100.92,-161.44,2,-2,-14.73,0
101.55,-162.07,2,-2,-14.73,0
102.15,-162.68,2,-2,-14.73,0
102.89,-163.41,2,-2,-14.73,0
103.61,-164.13,2,-2,-14.73,0
104.27,-164.79,2,-2,-14.73,0
105.03,-165.55,2,-2,-14.73,0
105.42,-165.94,2,-2,-14.73,0
106.34,-166.86,2,-2,-14.73,0
107.11,-167.63,2,-2,-14.73,0
107.68,-168.2,2,-2,-14.73,0
108.41,-168.93,2,-2,-14.73,0
108.89,-169.41,2,-2,-14.73,0
109.61,-170.13,2,-2,-14.73,0
110.22,-170.74,2,-2,-14.73,0
110.95,-171.47,2,-2,-14.73,0
111.67,-172.2,2,-2,-14.73,0
112.16,-172.68,2,-2,-14.73,0
112.96,-173.48,2,-2,-14.73,0
113.48,-174.0,2,-2,-14.73,0
114.34,-174.87,2,-2,-16.54,2
114.95,-175.47,2,-2,-17.8,2
115.72,-176.25,2,-2,-19.41,2
116.21,-176.73,2,-2,-20.42,2
116.94,-177.46,2,-2,-21.94,2
117.24,-177.76,2,-2,-22.57,2
118.04,-178.56,2,-2,-24.24,2
118.77,-179.29,2,-2,-25.76,2
119.26,-179.79,2,-2,-26.79,2
120.09,-180.61,2,-2,-28.51,2
120.45,-180.97,2,-2,-29.25,2
120.94,-181.46,2,-2,-30.27,2
121.43,-181.95,2,-2,-31.29,2
122.36,-182.89,2,-2,-33.24,2
123.13,-183.65,2,-2,-34.84,2
123.73,-184.25,2,-2,-36.09,2
124.51,-185.03,2,-2,-37.72,2
125.24,-185.76,2,-2,-39.24,2
125.9,-186.43,2,-2,-40.62,2
126.56,-187.08,2,-2,-41.98,2
127.04,-187.56,2,-2,-42.98,2
127.74,-188.26,2,-2,-44.45,2
128.47,-188.99,2,-2,-45.97,2
128.95,-189.48,2,-2,-46.98,2
129.43,-189.96,2,-2,-47.97,2
130.35,-190.87,2,-2,-49.89,2
130.77,-191.3,2,-2,-50.77,2
131.3,-191.83,2,-2,-51.87,2
132.07,-192.59,2,-2,-53.47,2
132.62,-193.14,2,-2,-54.61,2
133.15,-193.67,2,-2,-55.72,2
133.89,-194.41,2,-2,-57.25,2
134.63,-195.16,2,-2,-58.81,2
135.19,-195.72,2,-2,-59.97,2
135.96,-196.48,2,-2,-61.58,2
136.51,-197.03,2,-2,-62.72,2
137.13,-197.65,2,-2,-64.01,2
137.88,-198.4,2,-2,-65.57,2
138.39,-198.91,2,-2,-66.63,2
138.87,-199.4,2,-2,-67.64,2
139.74,-200.27,2,-2,-69.45,2
140.2,-200.72,2,-2,-70.4,2
141.06,-201.58,2,-2,-72.19,2
141.54,-202.06,2,-2,-73.2,2
142.42,-202.94,2,-2,-75.03,2
142.76,-203.29,2,-2,-75.75,2
143.34,-203.86,2,-2,-76.94,2
143.98,-204.51,2,-2,-78.29,2
144.97,-205.49,2,-2,-80.34,2
145.63,-206.15,2,-2,-81.72,2
146.21,-206.73,2,-2,-82.93,2
146.81,-207.34,2,-2,-84.18,2
147.23,-207.75,2,-2,-85.05,2
147.88,-208.4,2,-2,-86.4,2
148.73,-209.26,2,-2,-88.18,2
149.17,-209.7,2,-2,-89.1,2
149.73,-210.25,2,-2,-90.25,2
150.47,-211.0,2,-2,-91.81,2
151.2,-211.72,2,-2,-93.32,2
151.82,-212.34,2,-2,-94.61,2
152.31,-212.84,2,-2,-95.64,2
153.06,-213.58,2,-2,-97.2,2
153.79,-214.31,2,-2,-98.71,2
154.67,-215.19,2,-2,-100.55,2
155.28,-215.8,2,-2,-101.81,2
156.14,-216.66,2,-2,-103.61,2
156.87,-217.39,2,-2,-105.13,2
157.27,-217.79,2,-2,-105.96,2
158.22,-218.74,2,-2,-107.94,2
158.97,-219.49,2,-2,-109.51,2
159.69,-220.21,2,-2,-111.0,2
160.64,-221.17,2,-2,-113.0,2
161.27,-221.79,2,-2,-114.3,2
161.91,-222.43,2,-2,-115.64,2
162.78,-223.3,2,-2,-117.45,2
163.47,-223.99,2,-2,-118.88,2
164.27,-224.79,2,-2,-120.54,2
164.63,-225.15,2,-2,-121.29,2
165.31,-225.83,2,-2,-122.71,2
166.11,-226.64,2,-2,-124.39,2
166.9,-227.42,2,-2,-126.02,2
167.51,-228.03,2,-2,-127.3,2
168.35,-228.87,2,-2,-129.05,2
168.71,-229.23,2,-2,-129.8,2
169.34,-229.86,2,-2,-131.12,2
170.46,-230.98,2,-2,-133.44,2
171.3,-231.83,2,-2,-135.21,2
171.91,-232.43,2,-2,-136.46,2
172.56,-233.08,2,-2,-137.82,2
173.17,-233.69,2,-2,-139.08,2
173.65,-234.18,2,-2,-140.1,2
174.48,-235.0,2,-2,-141.82,2
174.95,-235.47,2,-2,-142.79,2
175.7,-236.23,2,-2,-144.37,2
176.43,-236.95,2,-2,-145.88,2
177.16,-237.68,2,-2,-147.4,2
177.8,-238.32,2,-2,-148.74,2
178.49,-239.02,2,-2,-150.18,2
179.17,-239.69,2,-2,-151.58,2
179.82,-240.34,2,-2,-152.95,2
180.55,-241.07,2,-2,-154.46,2
181.03,-241.55,2,-2,-155.46,2
181.69,-242.21,2,-2,-156.84,2
182.37,-242.9,2,-2,-158.27,2
183.1,-243.62,2,-2,-159.78,2
183.72,-244.25,2,-2,-161.08,2
184.33,-244.85,2,-2,-162.34,2
184.89,-245.41,2,-2,-163.51,2
185.65,-246.17,2,-2,-165.1,2
186.4,-246.92,2,-2,-166.66,2
186.92,-247.45,2,-2,-167.75,2
187.53,-248.06,2,-2,-169.02,2
188.14,-248.66,2,-2,-170.28,2
188.8,-249.33,2,-2,-171.66,2
189.28,-249.81,2,-2,-172.66,2
189.87,-250.39,2,-2,-173.87,2
190.47,-250.99,2,-2,-175.13,2
191.43,-251.96,2,-2,-177.14,2
192.02,-252.54,2,-2,-178.36,2
192.34,-252.86,2,-2,-179.03,2
193.45,-253.97,2,-2,-181.34,2
194.24,-254.77,2,-2,-182.99,2
195.17,-255.69,2,-2,-184.92,2
196.01,-256.53,2,-2,-186.67,2
196.64,-257.16,2,-2,-187.99,2
197.5,-258.02,2,-2,-189.77,2
198.17,-258.69,2,-2,-191.18,2
198.89,-259.42,2,-2,-192.68,2
199.62,-260.14,2,-2,-194.2,2
200.35,-260.87,2,-2,-195.71,2
201.15,-261.68,2,-2,-197.39,2
201.85,-262.37,2,-2,-198.84,2
202.42,-262.95,2,-2,-200.04,2
202.8,-263.32,2,-2,-200.82,2
203.56,-264.09,2,-2,-202.41,2
204.17,-264.7,2,-2,-203.69,2
204.55,-265.07,2,-2,-204.46,2
205.15,-265.68,2,-2,-205.72,2
205.5,-266.02,2,-2,-206.45,2
206.15,-266.67,2,-2,-207.79,2
206.63,-267.15,2,-2,-208.8,2
207.26,-267.79,2,-2,-210.12,2
208.1,-268.63,2,-2,-210.12,0
208.59,-269.12,2,-2,-210.12,0
209.12,-269.64,2,-2,-210.12,0
209.79,-270.31,2,-2,-210.12,0
210.39,-270.91,2,-2,-210.12,0
211.32,-271.84,2,-2,-210.12,0
211.92,-272.45,2,-2,-210.12,0
212.64,-273.16,2,-2,-210.12,0
213.05,-273.57,2,-2,-210.12,0
213.77,-274.29,2,-2,-210.12,0
214.44,-274.97,2,-2,-210.12,0
214.87,-275.39,2,-2,-210.12,0
215.66,-276.18,2,-2,-210.12,0
216.39,-276.91,2,-2,-210.12,0
217.12,-277.64,2,-2,-210.12,0
217.7,-278.22,2,-2,-210.12,0
218.45,-278.97,2,-2,-210.12,0
219.18,-279.71,2,-2,-210.12,0
219.83,-280.35,2,-2,-210.12,0
220.48,-281.0,2,-2,-210.12,0
220.97,-281.49,2,-2,-210.12,0
221.62,-282.14,2,-2,-210.12,0
221.97,-282.49,2,-2,-210.12,0
222.62,-283.15,2,-2,-210.12,0
223.22,-283.74,2,-2,-210.12,0
223.89,-284.41,2,-2,-210.12,0
224.28,-284.8,2,-2,-210.12,0
224.81,-285.33,2,-2,-210.12,0
225.53,-286.06,2,-2,-210.12,0
226.31,-286.83,2,-2,-210.12,0
226.71,-287.23,2,-2,-210.12,0
227.35,-287.87,2,-2,-210.12,0
228.11,-288.63,2,-2,-210.12,0
228.53,-289.05,2,-2,-210.12,0
228.99,-289.51,2,-2,-210.12,0
229.87,-290.39,2,-2,-210.12,0
230.62,-289.25,2,2,-210.12,0
231.23,-288.64,2,2,-210.12,0
231.83,-288.04,2,2,-210.12,0
232.15,-287.72,2,2,-210.12,0
232.64,-287.23,2,2,-210.12,0
233.44,-286.43,2,2,-210.12,0
233.83,-286.04,2,2,-210.12,0
234.44,-285.44,2,2,-210.12,0
235.19,-284.68,2,2,-210.12,0
235.91,-283.96,2,2,-210.12,0
236.51,-283.36,2,2,-210.12,0
236.94,-282.93,2,2,-210.12,0
237.61,-282.26,2,2,-210.12,0
238.43,-281.44,2,2,-210.12,0
239.09,-280.78,2,2,-210.12,0
239.75,-280.12,2,2,-210.12,0
240.36,-279.51,2,2,-210.12,0
240.7,-279.17,2,2,-210.12,0
241.36,-278.51,2,2,-210.12,0
242.0,-277.87,2,2,-210.12,0
242.68,-277.19,2,2,-210.12,0
243.43,-276.44,2,2,-210.12,0
243.81,-276.06,2,2,-210.12,0
244.29,-275.58,2,2,-210.12,0
244.76,-275.11,2,2,-210.12,0
245.67,-274.2,2,2,-210.12,0
246.49,-273.38,2,2,-210.12,0
247.09,-272.78,2,2,-210.12,0
247.51,-272.36,2,2,-210.12,0
248.36,-271.51,2,2,-210.12,0
248.68,-271.19,2,2,-210.12,0
249.68,-270.19,2,2,-210.12,0
250.26,-269.61,2,2,-210.12,0
250.86,-269.01,2,2,-210.12,0
251.6,-268.27,2,2,-210.12,0
252.25,-267.62,2,2,-210.12,0
252.67,-267.2,2,2,-210.12,0
253.67,-266.2,2,2,-210.12,0
254.47,-265.4,2,2,-210.12,0
255.06,-264.81,2,2,-210.12,0
255.67,-264.2,2,2,-210.12,0
256.27,-263.6,2,2,-210.12,0
256.95,-262.93,2,2,-210.12,0
257.37,-262.5,2,2,-210.12,0
258.14,-261.73,2,2,-210.12,0
258.74,-261.13,2,2,-210.12,0
259.58,-260.29,2,2,-210.12,0
260.0,-259.87,2,2,-210.12,0
260.86,-259.01,2,2,-210.12,0
261.46,-258.41,2,2,-210.12,0
262.11,-257.76,2,2,-210.12,0
262.51,-257.36,2,2,-210.12,0
263.04,-256.83,2,2,-210.12,0
263.76,-256.11,2,2,-210.12,0
264.43,-255.44,2,2,-210.12,0
264.79,-255.08,2,2,-210.12,0
265.63,-254.24,2,2,-210.12,0
266.23,-253.64,2,2,-210.12,0
266.98,-252.89,2,2,-210.12,0
267.52,-252.35,2,2,-210.12,0
268.17,-251.7,2,2,-210.12,0
268.53,-251.34,2,2,-210.12,0
269.13,-250.74,2,2,-210.12,0
270.0,-249.87,2,2,-210.12,0
270.63,-249.24,2,2,-210.12,0
271.24,-248.63,2,2,-210.12,0
271.98,-247.89,2,2,-210.12,0
272.65,-247.22,2,2,-210.12,0
273.36,-246.52,2,2,-210.12,0
273.98,-245.89,2,2,-210.12,0
274.6,-245.27,2,2,-210.12,0
275.35,-244.52,2,2,-210.12,0
276.17,-243.7,2,2,-210.12,0
276.53,-243.34,2,2,-210.12,0
277.32,-242.55,2,2,-210.12,0
277.67,-242.2,2,2,-210.12,0
278.28,-241.59,2,2,-210.12,0
279.03,-240.84,2,2,-210.12,0
279.52,-240.35,2,2,-210.12,0
279.92,-239.95,2,2,-210.12,0
280.78,-239.09,2,2,-210.12,0
281.14,-238.73,2,2,-210.12,0
282.02,-237.85,2,2,-210.12,0
282.94,-236.93,2,2,-210.12,0
283.54,-236.33,2,2,-210.12,0
283.94,-235.93,2,2,-210.12,0
284.58,-235.29,2,2,-210.12,0
285.09,-234.78,2,2,-210.12,0
285.83,-234.04,2,2,-210.12,0
286.51,-233.36,2,2,-210.12,0
287.16,-232.71,2,2,-210.12,0
287.86,-232.01,2,2,-210.12,0
288.53,-231.34,2,2,-210.12,0
288.85,-231.02,2,2,-210.12,0
289.74,-230.13,2,2,-210.12,0
290.46,-229.41,2,2,-210.12,0
291.26,-228.61,2,2,-210.12,0
291.87,-228.0,2,2,-210.12,0
292.5,-227.37,2,2,-210.12,0
293.1,-226.77,2,2,-210.12,0
293.82,-226.05,2,2,-210.12,0
294.5,-225.37,2,2,-210.12,0
295.32,-224.55,2,2,-210.12,0
295.88,-223.99,2,2,-210.12,0
296.66,-223.21,2,2,-210.12,0
297.67,-222.2,2,2,-208.02,1
298.37,-221.5,2,2,-206.57,1
298.96,-220.91,2,2,-205.33,1
299.68,-220.19,2,2,-203.83,1
300.17,-219.7,2,2,-202.81,1
300.91,-218.96,2,2,-201.27,1
301.67,-218.2,2,2,-199.69,1
302.42,-217.45,2,2,-198.12,1
302.95,-216.92,2,2,-197.03,1
303.68,-216.19,2,2,-195.51,1
303.99,-215.88,2,2,-194.85,1
304.5,-215.37,2,2,-193.79,1
305.45,-214.42,2,2,-191.81,1
305.89,-213.98,2,2,-190.9,1
306.78,-213.09,2,2,-189.04,1
307.43,-212.44,2,2,-187.69,1
308.04,-211.83,2,2,-186.41,1
308.4,-211.47,2,2,-185.66,1
308.95,-210.92,2,2,-184.53,1
309.64,-210.23,2,2,-183.09,1
310.31,-209.56,2,2,-181.68,1
311.04,-208.83,2,2,-180.17,1
311.52,-208.35,2,2,-179.17,1
312.26,-207.61,2,2,-177.62,1
312.78,-207.09,2,2,-176.53,1
313.51,-206.36,2,2,-175.01,1
314.48,-205.39,2,2,-173.0,1
315.2,-204.67,2,2,-171.49,1
315.93,-203.94,2,2,-169.97,1
316.67,-203.2,2,2,-168.43,1
317.4,-202.47,2,2,-166.91,1
318.37,-201.5,2,2,-164.89,1
318.86,-201.01,2,2,-163.88,1
319.58,-200.29,2,2,-162.37,1
320.31,-199.56,2,2,-160.86,1
321.16,-198.71,2,2,-159.09,1
321.9,-197.97,2,2,-157.53,1
322.41,-197.46,2,2,-156.48,1
323.24,-196.63,2,2,-154.75,1
323.92,-195.95,2,2,-153.33,1
324.41,-195.46,2,2,-152.32,1
325.29,-194.58,2,2,-150.48,1
326.0,-193.87,2,2,-148.99,1
326.75,-193.12,2,2,-147.44,1
327.5,-192.37,2,2,-145.87,1
328.39,-191.48,2,2,-144.03,1
328.99,-190.88,2,2,-142.78,1
329.84,-190.03,2,2,-141.0,1
330.53,-189.34,2,2,-139.57,1
329.22,-188.56,-2,2,-137.94,1
328.59,-187.93,-2,2,-136.62,1
328.1,-187.44,-2,2,-136.62,0
327.37,-186.71,-2,2,-136.62,0
326.73,-186.07,-2,2,-136.62,0
325.86,-185.2,-2,2,-136.62,0
325.25,-184.59,-2,2,-136.62,0
324.49,-183.83,-2,2,-136.62,0
323.8,-183.14,-2,2,-136.62,0
323.2,-182.54,-2,2,-136.62,0
322.8,-182.14,-2,2,-136.62,0
321.74,-181.08,-2,2,-136.62,0
321.34,-180.68,-2,2,-136.62,0
320.61,-179.95,-2,2,-136.62,0
320.16,-179.51,-2,2,-136.62,0
319.27,-178.61,-2,2,-136.62,0
318.7,-178.04,-2,2,-136.62,0
317.95,-177.29,-2,2,-136.62,0
317.37,-176.71,-2,2,-136.62,0
316.89,-176.23,-2,2,-136.62,0
316.39,-175.74,-2,2,-136.62,0
315.79,-175.13,-2,2,-136.62,0
315.43,-174.77,-2,2,-136.62,0
314.9,-174.24,-2,2,-136.62,0
314.17,-173.51,-2,2,-136.62,0
313.2,-172.54,-2,2,-136.62,0
312.46,-171.8,-2,2,-136.62,0
311.88,-171.22,-2,2,-136.62,0
311.3,-170.64,-2,2,-136.62,0
310.65,-169.99,-2,2,-136.62,0
309.85,-169.19,-2,2,-136.62,0
309.51,-168.85,-2,2,-136.62,0
308.69,-168.03,-2,2,-136.62,0
308.1,-167.44,-2,2,-136.62,0
307.74,-167.08,-2,2,-136.62,0
307.13,-166.48,-2,2,-136.62,0
306.33,-165.67,-2,2,-136.62,0
305.59,-164.94,-2,2,-136.62,0
304.74,-164.09,-2,2,-136.62,0
303.99,-163.33,-2,2,-136.62,0
303.35,-162.69,-2,2,-136.62,0
302.96,-162.3,-2,2,-136.62,0
302.34,-161.68,-2,2,-136.62,0
301.7,-161.04,-2,2,-136.62,0
301.1,-160.44,-2,2,-136.62,0
300.61,-159.95,-2,2,-136.62,0
299.91,-159.25,-2,2,-136.62,0
299.31,-158.65,-2,2,-136.62,0
298.04,-157.39,-2,2,-136.62,0
297.47,-156.81,-2,2,-136.62,0
296.74,-156.08,-2,2,-136.62,0
296.34,-155.68,-2,2,-136.62,0
295.8,-155.15,-2,2,-136.62,0
295.29,-154.64,-2,2,-136.62,0
294.42,-153.76,-2,2,-136.62,0
293.78,-153.12,-2,2,-136.62,0
293.45,-152.79,-2,2,-136.62,0
292.72,-152.06,-2,2,-136.62,0
292.12,-151.46,-2,2,-136.62,0
291.5,-150.84,-2,2,-136.62,0
290.92,-150.26,-2,2,-136.62,0
290.01,-149.36,-2,2,-136.62,0
289.18,-148.52,-2,2,-136.62,0
288.4,-147.75,-2,2,-136.62,0
287.73,-147.07,-2,2,-136.62,0
286.92,-146.26,-2,2,-136.62,0
286.1,-145.44,-2,2,-136.62,0
285.42,-144.76,-2,2,-136.62,0
284.93,-144.28,-2,2,-136.62,0
284.42,-143.76,-2,2,-136.62,0
283.73,-143.07,-2,2,-136.62,0
282.93,-142.27,-2,2,-136.62,0
282.16,-141.5,-2,2,-136.62,0
281.67,-141.01,-2,2,-136.62,0
280.93,-140.27,-2,2,-136.62,0
280.54,-139.89,-2,2,-136.62,0
279.66,-139.01,-2,2,-136.62,0
278.9,-138.24,-2,2,-136.62,0
278.23,-137.58,-2,2,-136.62,0
277.44,-136.78,-2,2,-136.62,0
276.76,-136.1,-2,2,-136.62,0
275.94,-135.28,-2,2,-136.62,0
275.29,-134.63,-2,2,-136.62,0
274.66,-134.0,-2,2,-136.62,0
274.09,-133.43,-2,2,-136.62,0
273.4,-132.74,-2,2,-136.62,0
272.79,-132.13,-2,2,-136.62,0
272.43,-131.77,-2,2,-136.62,0
271.5,-130.84,-2,2,-136.62,0
270.64,-129.99,-2,2,-136.62,0
269.87,-129.21,-2,2,-136.62,0
269.23,-128.57,-2,2,-136.62,0
268.66,-128.0,-2,2,-136.62,0
267.8,-127.15,-2,2,-136.62,0
267.36,-126.7,-2,2,-136.62,0
266.44,-125.78,-2,2,-136.62,0
266.05,-125.39,-2,2,-136.62,0
265.43,-124.77,-2,2,-136.62,0
264.82,-124.16,-2,2,-136.62,0
264.44,-123.78,-2,2,-136.62,0
263.97,-123.31,-2,2,-136.62,0
263.34,-122.68,-2,2,-136.62,0
262.86,-122.2,-2,2,-136.62,0
262.34,-121.69,-2,2,-136.62,0
261.57,-120.91,-2,2,-136.62,0
261.04,-120.38,-2,2,-136.62,0
260.43,-119.77,-2,2,-136.62,0
259.85,-119.19,-2,2,-136.62,0
259.48,-118.82,-2,2,-136.62,0
258.98,-118.32,-2,2,-136.62,0
258.17,-117.51,-2,2,-136.62,0
257.69,-117.03,-2,2,-136.62,0
257.08,-116.42,-2,2,-136.62,0
256.49,-115.83,-2,2,-136.62,0
255.96,-115.3,-2,2,-136.62,0
255.46,-114.8,-2,2,-136.62,0
254.76,-114.1,-2,2,-136.62,0
254.13,-113.47,-2,2,-136.62,0
253.5,-112.84,-2,2,-136.62,0
252.87,-112.21,-2,2,-136.62,0
252.27,-111.61,-2,2,-136.62,0
251.82,-111.17,-2,2,-136.62,0
251.2,-110.54,-2,2,-136.62,0
250.73,-110.07,-2,2,-136.62,0
249.75,-109.09,-2,2,-136.62,0
249.42,-108.77,-2,2,-136.62,0
248.82,-108.16,-2,2,-136.62,0
248.33,-107.67,-2,2,-136.62,0
247.8,-107.14,-2,2,-136.62,0
246.91,-106.25,-2,2,-136.62,0
246.33,-105.68,-2,2,-136.62,0
246.01,-105.36,-2,2,-136.62,0
245.11,-104.45,-2,2,-136.62,0
244.5,-103.84,-2,2,-136.62,0
244.18,-103.53,-2,2,-136.62,0
243.58,-102.92,-2,2,-136.62,0
243.09,-102.43,-2,2,-136.62,0
242.59,-101.93,-2,2,-136.62,0
241.86,-101.2,-2,2,-136.62,0
241.47,-100.81,-2,2,-136.62,0
240.75,-100.09,-2,2,-136.62,0
240.32,-99.66,-2,2,-136.62,0
239.66,-99.0,-2,2,-136.62,0
239.04,-98.38,-2,2,-136.62,0
238.35,-97.69,-2,2,-136.62,0
237.65,-96.99,-2,2,-136.62,0
237.02,-96.36,-2,2,-136.62,0
236.57,-95.91,-2,2,-136.62,0
236.08,-95.42,-2,2,-136.62,0
235.5,-94.84,-2,2,-136.62,0
234.98,-94.32,-2,2,-136.62,0
234.23,-93.57,-2,2,-136.62,0
233.63,-92.97,-2,2,-136.62,0
233.03,-92.37,-2,2,-136.62,0
232.5,-91.84,-2,2,-136.62,0
231.97,-91.31,-2,2,-136.62,0
231.43,-90.77,-2,2,-136.62,0
230.64,-89.98,-2,2,-136.62,0
229.93,-89.27,-2,2,-136.62,0
229.19,-88.53,-2,2,-136.62,0
228.84,-88.18,-2,2,-136.62,0
228.34,-87.68,-2,2,-136.62,0
227.87,-87.21,-2,2,-136.62,0
227.25,-86.59,-2,2,-136.62,0
226.76,-86.1,-2,2,-136.62,0
226.41,-85.75,-2,2,-136.62,0
225.54,-84.88,-2,2,-134.81,1
225.03,-84.38,-2,2,-133.75,1
224.5,-83.85,-2,2,-132.65,1
223.9,-83.24,-2,2,-131.39,1
223.21,-82.55,-2,2,-129.96,1
222.6,-81.94,-2,2,-128.68,1
221.75,-81.09,-2,2,-126.92,1
221.14,-80.48,-2,2,-125.64,1
220.75,-80.09,-2,2,-124.82,1
219.86,-79.2,-2,2,-122.97,1
219.5,-78.84,-2,2,-122.22,1
218.92,-78.26,-2,2,-121.01,1
218.13,-77.47,-2,2,-119.37,1
217.73,-77.08,-2,2,-118.54,1
217.17,-76.51,-2,2,-117.37,1
216.4,-75.74,-2,2,-115.77,1
215.83,-75.17,-2,2,-114.58,1
215.16,-74.5,-2,2,-113.18,1
214.46,-73.8,-2,2,-111.72,1
213.98,-73.32,-2,2,-110.71,1
213.43,-72.77,-2,2,-109.58,1
212.68,-72.02,-2,2,-108.02,1
212.07,-71.41,-2,2,-106.74,1
211.58,-70.93,-2,2,-105.73,1
211.06,-70.41,-2,2,-104.65,1
210.58,-69.92,-2,2,-103.64,1
210.05,-69.39,-2,2,-102.53,1
209.09,-68.43,-2,2,-100.53,1
208.75,-68.09,-2,2,-99.83,1
208.14,-67.49,-2,2,-98.56,1
207.77,-67.11,-2,2,-97.79,1
207.16,-66.5,-2,2,-96.51,1
206.47,-65.81,-2,2,-95.08,1
205.83,-65.18,-2,2,-93.75,1
205.24,-64.58,-2,2,-92.52,1
204.7,-64.04,-2,2,-91.39,1
204.34,-63.68,-2,2,-90.64,1
203.37,-62.71,-2,2,-88.62,1
202.72,-62.06,-2,2,-87.26,1
201.95,-61.29,-2,2,-85.66,1
201.41,-60.75,-2,2,-84.53,1
201.05,-60.39,-2,2,-83.78,1
200.55,-59.89,-2,2,-82.73,1
200.04,-59.39,-2,2,-81.69,1
199.56,-58.9,-2,2,-80.67,1
199.07,-58.41,-2,2,-79.66,1
198.45,-57.79,-2,2,-78.37,1
197.52,-56.86,-2,2,-76.42,1
196.73,-56.07,-2,2,-74.78,1
196.29,-55.63,-2,2,-73.87,1
195.49,-54.83,-2,2,-72.2,1
194.61,-53.95,-2,2,-70.37,1
193.88,-53.22,-2,2,-68.85,1
193.21,-52.55,-2,2,-67.45,1
192.77,-52.11,-2,2,-66.53,1
192.14,-51.48,-2,2,-65.22,1
191.54,-50.88,-2,2,-63.98,1
190.91,-50.26,-2,2,-62.67,1
190.29,-49.63,-2,2,-61.37,1
189.69,-49.03,-2,2,-60.12,1
189.04,-48.38,-2,2,-58.77,1
188.44,-47.78,-2,2,-57.51,1
187.87,-47.21,-2,2,-56.33,1
187.17,-46.51,-2,2,-54.87,1
186.56,-45.9,-2,2,-53.6,1
186.13,-45.47,-2,2,-52.69,1
185.19,-44.53,-2,2,-50.74,1
184.44,-43.78,-2,2,-49.18,1
183.75,-43.09,-2,2,-47.74,1
183.26,-42.6,-2,2,-46.73,1
182.13,-41.47,-2,2,-44.36,1
181.34,-40.68,-2,2,-42.72,1
180.45,-39.79,-2,2,-40.87,1
179.71,-39.06,-2,2,-39.34,1
179.11,-38.45,-2,2,-38.08,1
178.47,-37.81,-2,2,-36.74,1
177.79,-37.13,-2,2,-35.33,1
177.46,-36.8,-2,2,-34.63,1
176.84,-36.18,-2,2,-33.34,1
176.22,-35.56,-2,2,-32.06,1
175.64,-34.98,-2,2,-30.84,1
174.69,-34.03,-2,2,-28.86,1
174.08,-33.43,-2,2,-27.61,1
173.33,-32.67,-2,2,-26.03,1
172.72,-32.06,-2,2,-24.76,1
171.92,-31.26,-2,2,-23.09,1
171.43,-30.77,-2,2,-22.07,1
170.69,-30.03,-2,2,-20.53,1
169.87,-29.21,-2,2,-18.83,1
169.13,-28.47,-2,2,-17.29,1
168.65,-27.99,-2,2,-16.28,1
167.92,-27.27,-2,2,-14.77,1
167.43,-26.78,-2,2,-13.75,1
166.65,-25.99,-2,2,-12.12,1
165.92,-25.27,-2,2,-10.61,1
165.44,-24.78,-2,2,-9.59,1
164.71,-24.06,-2,2,-8.08,1
164.15,-23.49,-2,2,-6.91,1
163.4,-22.74,-2,2,-5.35,1
162.79,-22.13,-2,2,-4.08,1
162.04,-21.38,-2,2,-2.52,1
161.56,-20.9,-2,2,-1.5,1
160.79,-20.13,-2,2,0.09,1
160.31,-19.65,-2,2,1.1,1
159.54,-18.88,-2,2,2.7,1
158.81,-18.15,-2,2,4.21,1
157.85,-17.19,-2,2,6.22,1
157.19,-16.54,-2,2,7.58,1
156.46,-15.81,-2,2,9.1,1
156.1,-15.45,-2,2,9.85,1
155.33,-14.68,-2,2,11.46,1
154.79,-14.14,-2,2,12.58,1
153.98,-13.32,-2,2,14.28,1
153.66,-13.0,-2,2,14.94,1
153.06,-12.41,-2,2,16.18,1
152.44,-11.79,-2,2,17.48,1
151.98,-11.32,-2,2,18.45,1
151.62,-10.96,-2,2,19.19,1
151.14,-10.48,-2,2,20.19,1
150.68,-10.02,-2,2,21.16,1
149.73,-9.08,-2,2,21.16,0
149.0,-8.34,-2,2,21.16,0
148.49,-7.83,-2,2,21.16,0
147.74,-7.08,-2,2,21.16,0
147.2,-6.54,-2,2,21.16,0
146.72,-6.06,-2,2,21.16,0
145.84,-5.18,-2,2,21.16,0
145.23,-4.57,-2,2,21.16,0
144.46,-3.8,-2,2,21.16,0
143.97,-3.31,-2,2,21.16,0
143.17,-2.51,-2,2,21.16,0
142.44,-1.78,-2,2,21.16,0
141.71,-1.06,-2,2,21.16,0
141.1,-0.44,-2,2,21.16,0
140.73,-0.08,-2,2,21.16,0
139.99,0.67,-2,2,21.16,0
139.24,1.42,-2,2,21.16,0
138.64,2.02,-2,2,21.16,0
137.8,2.86,-2,2,21.16,0
137.19,3.47,-2,2,21.16,0
136.46,4.2,-2,2,21.16,0
135.89,4.76,-2,2,21.16,0
135.54,5.12,-2,2,21.16,0
134.93,5.73,-2,2,21.16,0
134.17,6.49,-2,2,21.16,0
133.53,7.13,-2,2,21.16,0
133.04,7.62,-2,2,21.16,0
132.31,8.35,-2,2,21.16,0
131.75,8.91,-2,2,21.16,0
131.27,9.39,-2,2,21.16,0
130.76,9.9,-2,2,21.16,0
129.78,10.88,-2,2,21.16,0
129.25,11.41,-2,2,21.16,0
128.47,12.19,-2,2,21.16,0
128.17,12.48,-2,2,21.16,0
127.26,13.4,-2,2,21.16,0
126.73,13.93,-2,2,21.16,0
126.25,14.41,-2,2,21.16,0
125.38,15.28,-2,2,21.16,0
124.77,15.88,-2,2,21.16,0
124.29,16.37,-2,2,21.16,0
123.55,17.11,-2,2,21.16,0
122.95,17.71,-2,2,21.16,0
122.14,18.52,-2,2,21.16,0
121.33,19.33,-2,2,21.16,0
120.59,20.07,-2,2,21.16,0
119.98,20.67,-2,2,21.16,0
119.32,21.34,-2,2,21.16,0
118.62,22.04,-2,2,21.16,0
118.24,22.42,-2,2,21.16,0
117.54,23.12,-2,2,21.16,0
116.81,23.85,-2,2,21.16,0
116.42,24.24,-2,2,21.16,0
115.81,24.85,-2,2,21.16,0
114.92,25.74,-2,2,21.16,0
114.46,26.2,-2,2,21.16,0
113.98,26.68,-2,2,21.16,0
113.38,27.28,-2,2,21.16,0
112.7,27.96,-2,2,21.16,0
111.88,28.78,-2,2,21.16,0
111.18,29.48,-2,2,21.16,0
110.57,30.08,-2,2,21.16,0
110.04,30.62,-2,2,21.16,0
109.05,31.6,-2,2,21.16,0
108.29,32.37,-2,2,21.16,0
107.81,32.85,-2,2,21.16,0
107.3,33.36,-2,2,21.16,0
106.61,34.05,-2,2,21.16,0
105.77,34.89,-2,2,21.16,0
105.3,35.36,-2,2,21.16,0
104.57,36.08,-2,2,21.16,0
104.06,36.6,-2,2,21.16,0
103.33,37.33,-2,2,21.16,0
102.77,37.89,-2,2,21.16,0
102.03,38.63,-2,2,21.16,0
101.31,39.35,-2,2,21.16,0
100.72,39.94,-2,2,21.16,0
100.21,40.44,-2,2,21.16,0
99.56,41.09,-2,2,21.16,0
98.79,41.87,-2,2,21.16,0
98.21,42.45,-2,2,21.16,0
97.77,42.89,-2,2,21.16,0
97.06,43.6,-2,2,21.16,0
96.57,44.09,-2,2,21.16,0
95.79,44.87,-2,2,21.16,0
95.19,45.47,-2,2,21.16,0
94.5,46.15,-2,2,21.16,0
93.78,46.87,-2,2,21.16,0
93.43,47.23,-2,2,21.16,0
92.7,47.96,-2,2,21.16,0
92.05,48.61,-2,2,21.16,0
91.45,49.21,-2,2,21.16,0
90.8,49.86,-2,2,21.16,0
90.04,50.62,-2,2,21.16,0
89.68,50.98,-2,2,21.16,0
89.0,51.66,-2,2,21.16,0
88.28,52.38,-2,2,21.16,0
87.85,52.81,-2,2,21.16,0
87.23,53.43,-2,2,21.16,0
86.38,54.28,-2,2,21.16,0
85.78,54.88,-2,2,21.16,0
85.44,55.22,-2,2,21.16,0
84.88,55.78,-2,2,21.16,0
83.89,56.77,-2,2,21.16,0
83.22,57.44,-2,2,21.16,0
82.31,58.35,-2,2,21.16,0
81.64,59.02,-2,2,21.16,0
81.09,59.57,-2,2,21.16,0
80.47,60.19,-2,2,21.16,0
80.11,60.55,-2,2,21.16,0
79.47,61.19,-2,2,21.16,0
78.97,61.69,-2,2,21.16,0
78.03,62.63,-2,2,21.16,0
77.23,63.42,-2,2,21.16,0
76.63,64.03,-2,2,21.16,0
75.98,64.68,-2,2,21.16,0
75.38,65.27,-2,2,21.16,0
74.66,66.0,-2,2,21.16,0
73.96,66.7,-2,2,21.16,0
73.58,67.08,-2,2,21.16,0
72.72,67.94,-2,2,21.16,0
72.13,68.53,-2,2,21.16,0
71.53,69.13,-2,2,21.16,0
70.89,69.77,-2,2,21.16,0
69.89,70.77,-2,2,21.16,0
69.3,71.35,-2,2,21.16,0
68.7,71.96,-2,2,21.16,0
68.37,72.29,-2,2,21.16,0
67.75,72.91,-2,2,21.16,0
66.8,73.86,-2,2,21.16,0
66.19,74.47,-2,2,21.16,0
65.65,75.01,-2,2,21.16,0
64.92,75.74,-2,2,21.16,0
64.26,76.4,-2,2,21.16,0
63.9,76.76,-2,2,21.16,0
63.4,77.26,-2,2,21.16,0
62.72,77.94,-2,2,21.16,0
61.9,78.76,-2,2,21.16,0
61.28,79.38,-2,2,21.16,0
60.87,79.79,-2,2,21.16,0
59.93,80.73,-2,2,21.16,0
59.3,81.36,-2,2,21.16,0
58.69,81.97,-2,2,21.16,0
58.06,82.59,-2,2,21.16,0
57.26,83.4,-2,2,21.16,0
56.54,84.12,-2,2,21.16,0
55.91,84.74,-2,2,21.16,0
55.14,85.52,-2,2,21.16,0
54.5,86.15,-2,2,21.16,0
54.02,86.64,-2,2,21.16,0
53.57,87.09,-2,2,21.16,0
52.59,88.07,-2,2,21.16,0
52.16,88.5,-2,2,21.16,0
51.56,89.09,-2,2,21.16,0
50.86,89.8,-2,2,21.16,0
50.18,90.48,-2,2,21.16,0
49.51,91.15,-2,2,21.16,0
48.81,91.85,-2,2,21.16,0
48.33,92.33,-2,2,21.16,0
47.42,93.23,-2,2,21.16,0
47.02,93.64,-2,2,21.16,0
46.42,94.24,-2,2,21.16,0
45.55,95.1,-2,2,21.16,0
45.0,95.66,-2,2,21.16,0
44.28,96.38,-2,2,21.16,0
43.92,96.74,-2,2,21.16,0
43.02,97.63,-2,2,21.16,0
42.66,98.0,-2,2,21.16,0
42.16,98.5,-2,2,21.16,0
41.55,99.11,-2,2,21.16,0
40.94,99.71,-2,2,21.16,0
40.3,100.36,-2,2,21.16,0
39.93,100.73,-2,2,21.16,0
39.31,101.34,-2,2,21.16,0
38.83,101.83,-2,2,21.16,0
38.12,102.53,-2,2,21.16,0
37.69,102.96,-2,2,21.16,0
36.63,104.03,-2,2,21.16,0
36.19,104.47,-2,2,21.16,0
35.44,105.21,-2,2,21.16,0
35.03,105.63,-2,2,21.16,0
34.16,106.5,-2,2,21.16,0
33.68,106.97,-2,2,21.16,0
33.08,107.58,-2,2,21.16,0
32.59,108.07,-2,2,21.16,0
31.9,108.76,-2,2,21.16,0
31.37,109.28,-2,2,21.16,0
30.84,109.82,-2,2,21.16,0
30.0,110.66,-2,2,21.16,0
29.65,111.0,-2,2,21.16,0
29.04,111.62,-2,2,21.16,0
28.42,112.24,-2,2,21.16,0
27.81,112.85,-2,2,21.16,0
27.33,113.33,-2,2,21.16,0
26.38,114.28,-2,2,21.16,0
25.61,115.05,-2,2,21.16,0
24.91,115.75,-2,2,21.16,0
24.39,116.27,-2,2,21.16,0
23.38,117.28,-2,2,21.16,0
22.66,118.0,-2,2,21.16,0
22.03,118.63,-2,2,21.16,0
21.3,119.36,-2,2,21.16,0
20.94,119.72,-2,2,21.16,0
20.44,120.22,-2,2,21.16,0
19.84,120.82,-2,2,21.16,0
18.98,121.68,-2,2,21.16,0
18.32,122.34,-2,2,21.16,0
17.68,122.98,-2,2,21.16,0
17.06,123.59,-2,2,21.16,0
16.7,123.96,-2,2,21.16,0
16.08,124.58,-2,2,21.16,0
15.45,125.21,-2,2,21.16,0
14.61,126.04,-2,2,21.16,0
13.99,126.67,-2,2,21.16,0
13.62,127.04,-2,2,21.16,0
13.01,127.64,-2,2,21.16,0
12.41,128.24,-2,2,21.16,0
12.04,128.62,-2,2,21.16,0
11.28,129.38,-2,2,21.16,0
10.58,130.08,-2,2,21.16,0
9.91,130.75,-2,2,21.16,0
9.25,131.41,-2,2,21.16,0
8.65,132.01,-2,2,21.16,0
7.91,132.74,-2,2,21.16,0
7.17,133.49,-2,2,21.16,0
6.53,134.12,-2,2,21.16,0
6.21,134.45,-2,2,21.16,0
5.6,135.06,-2,2,21.16,0
5.11,135.55,-2,2,21.16,0
4.63,136.03,-2,2,21.16,0
4.05,136.61,-2,2,21.16,0
3.69,136.97,-2,2,21.16,0
3.24,137.42,-2,2,21.16,0
2.75,137.91,-2,2,21.16,0
2.29,138.37,-2,2,21.16,0
1.53,139.13,-2,2,21.16,0
1.16,139.5,-2,2,21.16,0
0.04,140.62,-2,2,21.16,0
-0.58,141.24,-2,2,21.16,0
-1.3,141.96,-2,2,21.16,0
-2.21,142.87,-2,2,21.16,0
-3.12,143.77,-2,2,21.16,0
-3.73,144.39,-2,2,21.16,0
-4.65,145.31,-2,2,21.16,0
-5.17,145.82,-2,2,21.16,0
-6.02,146.68,-2,2,21.16,0
-7.36,148.02,-2,2,21.16,0
-8.05,148.71,-2,2,21.16,0
-8.89,149.55,-2,2,21.16,0
-9.73,150.39,-2,2,21.16,0
-10.57,151.23,-2,2,21.16,0
-11.15,151.8,-2,2,21.16,0
-11.99,152.65,-2,2,21.16,0
-12.84,153.5,-2,2,21.16,0
-13.47,154.13,-2,2,21.16,0
-14.63,155.29,-2,2,21.16,0
-15.36,156.02,-2,2,21.16,0
-15.99,156.65,-2,2,21.16,0
-16.86,157.52,-2,2,21.16,0
-17.65,158.31,-2,2,21.16,0
-18.33,158.99,-2,2,21.16,0
-18.98,159.64,-2,2,21.16,0
-19.47,160.13,-2,2,21.16,0
-19.95,160.61,-2,2,21.16,0
-20.8,161.46,-2,2,21.16,0
-21.29,161.95,-2,2,21.16,0
-22.26,162.92,-2,2,21.16,0
-22.99,163.65,-2,2,21.16,0
-23.47,164.13,-2,2,21.16,0
-24.2,164.86,-2,2,21.16,0
-24.54,165.19,-2,2,21.16,0
-25.43,166.09,-2,2,21.16,0
-26.07,166.72,-2,2,21.16,0
-26.91,167.57,-2,2,21.16,0
-27.42,168.08,-2,2,21.16,0
-28.06,168.72,-2,2,21.16,0
-28.67,169.33,-2,2,21.16,0
-29.27,169.93,-2,2,21.16,0
-29.91,170.57,-2,2,21.16,0
-30.69,171.35,-2,2,21.16,0
-31.16,171.82,-2,2,21.16,0
-31.89,172.54,-2,2,21.16,0
-32.25,172.91,-2,2,21.16,0
-32.73,173.39,-2,2,21.16,0
-33.22,173.88,-2,2,21.16,0
-33.81,174.47,-2,2,21.16,0
-34.47,175.13,-2,2,21.16,0
-34.95,175.61,-2,2,21.16,0
-35.79,176.45,-2,2,21.16,0
-36.29,176.95,-2,2,21.16,0
-36.79,177.44,-2,2,21.16,0
-37.27,177.93,-2,2,21.16,0
-38.03,178.69,-2,2,21.16,0
-38.81,179.46,-2,2,21.16,0
-39.31,179.97,-2,2,21.16,0
-39.79,180.45,-2,2,21.16,0
-40.7,181.36,-2,2,21.16,0
-41.1,181.76,-2,2,21.16,0
-41.98,182.64,-2,2,21.16,0
-42.47,183.13,-2,2,21.16,0
-43.21,183.87,-2,2,21.16,0
-43.76,184.42,-2,2,21.16,0
-44.5,185.16,-2,2,21.16,0
-45.03,185.69,-2,2,21.16,0
-45.75,186.41,-2,2,21.16,0
-46.26,186.91,-2,2,21.16,0
-46.99,187.65,-2,2,21.16,0
-47.5,188.16,-2,2,21.16,0
-48.24,188.9,-2,2,21.16,0
-48.99,189.65,-2,2,21.16,0
-49.49,190.15,-2,2,21.16,0
-50.27,190.93,-2,2,21.16,0
-50.77,191.43,-2,2,21.16,0
-51.26,191.92,-2,2,21.16,0
-51.98,192.64,-2,2,21.16,0
-52.4,193.06,-2,2,21.16,0
-52.92,193.58,-2,2,21.16,0
-53.78,194.43,-2,2,21.16,0
-54.51,195.17,-2,2,21.16,0
-54.99,195.65,-2,2,21.16,0
-55.76,196.42,-2,2,21.16,0
-56.28,196.94,-2,2,21.16,0
-57.07,197.73,-2,2,21.16,0
-57.59,198.25,-2,2,21.16,0
-58.33,198.99,-2,2,21.16,0
-58.91,199.57,-2,2,21.16,0
-59.4,200.06,-2,2,21.16,0
-60.13,200.79,-2,2,21.16,0
-60.63,201.29,-2,2,21.16,0
-61.12,201.77,-2,2,21.16,0
-61.97,202.63,-2,2,21.16,0
-62.81,203.47,-2,2,21.16,0
-63.3,203.96,-2,2,21.16,0
-64.02,204.68,-2,2,21.16,0
-64.52,205.18,-2,2,21.16,0
-65.27,205.92,-2,2,21.16,0
-65.86,206.52,-2,2,21.16,0
-66.67,207.33,-2,2,21.16,0
-67.39,208.05,-2,2,21.16,0
-67.74,208.4,-2,2,21.16,0
-68.6,209.26,-2,2,21.16,0
-69.21,209.86,-2,2,21.16,0
-70.05,210.71,-2,2,21.16,0
-70.67,211.32,-2,2,21.16,0
-71.16,211.81,-2,2,21.16,0
-71.64,212.3,-2,2,21.16,0
-72.13,212.79,-2,2,21.16,0
-72.47,213.13,-2,2,21.16,0
-73.0,213.66,-2,2,21.16,0
-73.48,214.14,-2,2,21.16,0
-74.17,214.83,-2,2,21.16,0
-74.72,215.38,-2,2,21.16,0
-75.47,216.13,-2,2,21.16,0
-76.22,216.88,-2,2,21.16,0
-76.95,217.61,-2,2,21.16,0
-77.48,218.14,-2,2,21.16,0
-78.21,218.87,-2,2,21.16,0
-78.94,219.6,-2,2,21.16,0
-79.45,220.1,-2,2,21.16,0
-80.03,220.69,-2,2,21.16,0
-80.53,221.19,-2,2,21.16,0
-81.2,221.86,-2,2,21.16,0
-81.8,222.46,-2,2,21.16,0
-82.55,223.21,-2,2,21.16,0
-83.12,223.78,-2,2,21.16,0
-83.89,224.55,-2,2,21.16,0
-84.31,224.97,-2,2,21.16,0
-85.09,225.75,-2,2,21.16,0
-85.77,226.43,-2,2,21.16,0
-86.34,226.99,-2,2,21.16,0
-86.97,227.63,-2,2,21.16,0
-87.58,228.24,-2,2,21.16,0
-88.37,229.03,-2,2,21.16,0
-88.92,229.58,-2,2,21.16,0
-89.73,230.39,-2,2,21.16,0
-90.47,231.12,-2,2,21.16,0
-90.96,231.61,-2,2,21.16,0
-91.68,232.34,-2,2,21.16,0
-91.98,232.64,-2,2,21.16,0
-92.77,233.42,-2,2,21.16,0
-93.17,233.83,-2,2,21.16,0
-93.84,234.5,-2,2,21.16,0
-94.44,235.1,-2,2,21.16,0
-94.86,235.51,-2,2,21.16,0
-95.47,236.13,-2,2,21.16,0
-96.12,236.78,-2,2,21.16,0
-96.68,237.34,-2,2,21.16,0
-97.32,237.98,-2,2,21.16,0
-98.18,238.84,-2,2,21.16,0
-98.51,239.16,-2,2,21.16,0
-99.0,239.66,-2,2,21.16,0
-99.47,240.13,-2,2,21.16,0
-99.96,240.61,-2,2,21.16,0
-100.81,241.46,-2,2,21.16,0
-101.36,242.01,-2,2,21.16,0
-102.07,242.73,-2,2,21.16,0
-102.43,243.09,-2,2,21.16,0
-103.16,243.82,-2,2,21.16,0
-103.84,244.5,-2,2,21.16,0
-104.23,244.89,-2,2,21.16,0
-105.6,246.26,-2,2,21.16,0
-105.99,246.65,-2,2,21.16,0
-106.6,247.25,-2,2,21.16,0
-107.48,248.14,-2,2,21.16,0
-108.17,248.82,-2,2,21.16,0
-108.85,249.51,-2,2,21.16,0
-109.25,249.91,-2,2,21.16,0
-109.86,250.52,-2,2,21.16,0
-110.33,250.99,-2,2,21.16,0
-110.93,251.59,-2,2,21.16,0
-111.3,251.96,-2,2,21.16,0
-112.06,252.72,-2,2,21.16,0
-112.67,253.32,-2,2,21.16,0
-113.53,254.18,-2,2,21.16,0
-114.25,254.91,-2,2,21.16,0
-114.87,255.53,-2,2,21.16,0
-115.48,256.13,-2,2,21.16,0
-116.08,256.74,-2,2,21.16,0
-116.69,257.34,-2,2,21.16,0
-117.39,258.04,-2,2,21.16,0
-118.2,258.86,-2,2,21.16,0
-118.99,259.64,-2,2,21.16,0
-119.71,260.37,-2,2,21.16,0
-120.36,261.01,-2,2,21.16,0
-120.71,261.37,-2,2,21.16,0
-121.61,262.27,-2,2,21.16,0
-122.05,262.71,-2,2,21.16,0
-122.6,263.26,-2,2,21.16,0
-123.5,264.16,-2,2,21.16,0
-124.12,264.77,-2,2,21.16,0
-124.89,265.55,-2,2,21.16,0
-125.43,266.09,-2,2,21.16,0
-126.11,266.77,-2,2,21.16,0
-126.76,267.42,-2,2,21.16,0
-127.17,267.83,-2,2,21.16,0
-127.68,268.34,-2,2,21.16,0
-128.64,269.3,-2,2,21.16,0
-129.0,269.66,-2,2,21.16,0
-129.79,270.45,-2,2,21.16,0
-130.39,271.05,-2,2,21.16,0
-130.99,271.65,-2,2,21.16,0
-131.35,272.01,-2,2,21.16,0
-131.93,272.59,-2,2,21.16,0
-132.42,273.08,-2,2,21.16,0
-132.92,273.58,-2,2,21.16,0
-133.53,274.19,-2,2,21.16,0
-134.29,274.95,-2,2,21.16,0
-134.85,275.51,-2,2,21.16,0
-135.74,276.4,-2,2,21.16,0
-136.42,277.07,-2,2,21.16,0
-136.86,277.52,-2,2,21.16,0
-137.79,278.45,-2,2,21.16,0
-138.51,279.16,-2,2,21.16,0
-139.24,279.89,-2,2,21.16,0
-139.91,280.56,-2,2,21.16,0
-140.31,280.97,-2,2,21.16,0
-141.04,281.7,-2,2,21.16,0
-141.77,282.42,-2,2,21.16,0
-142.48,283.14,-2,2,21.16,0
-143.14,283.8,-2,2,21.16,0
-143.5,284.16,-2,2,21.16,0
-144.23,284.89,-2,2,21.16,0
-144.9,285.56,-2,2,21.16,0
-145.59,286.25,-2,2,21.16,0
-145.96,286.61,-2,2,21.16,0
-146.92,287.58,-2,2,21.16,0
-147.58,288.24,-2,2,21.16,0
-147.99,288.65,-2,2,21.16,0
-148.59,289.25,-2,2,21.16,0
-149.53,290.19,-2,2,21.16,0
-149.94,289.59,-2,-2,21.16,0
-150.56,288.97,-2,-2,21.16,0
-151.16,288.37,-2,-2,21.16,0
-151.65,287.88,-2,-2,21.16,0
-151.98,287.56,-2,-2,21.16,0
-152.58,286.95,-2,-2,21.16,0
-153.18,286.35,-2,-2,21.16,0
-153.78,285.75,-2,-2,21.16,0
-154.18,285.36,-2,-2,21.16,0
-154.79,284.74,-2,-2,21.16,0
-155.52,284.01,-2,-2,21.16,0
-155.89,283.64,-2,-2,21.16,0
-156.61,282.92,-2,-2,21.16,0
-157.05,282.48,-2,-2,21.16,0
-158.01,281.52,-2,-2,21.16,0
-158.68,280.85,-2,-2,21.16,0
-159.4,280.13,-2,-2,21.16,0
-159.83,279.7,-2,-2,21.16,0
-160.69,278.84,-2,-2,21.16,0
-161.16,278.37,-2,-2,21.16,0
-162.06,277.48,-2,-2,21.16,0
-162.72,276.81,-2,-2,21.16,0
-163.09,276.45,-2,-2,21.16,0
-163.7,275.83,-2,-2,21.16,0
-164.88,274.65,-2,-2,21.16,0
-165.72,273.82,-2,-2,21.16,0
-166.32,273.21,-2,-2,21.16,0
-167.01,272.53,-2,-2,21.16,0
-167.43,272.1,-2,-2,21.16,0
-168.19,271.34,-2,-2,21.16,0
-168.74,270.79,-2,-2,21.16,0
-169.35,270.19,-2,-2,21.16,0
-170.04,269.49,-2,-2,21.16,0
-170.66,268.87,-2,-2,21.16,0
-171.26,268.27,-2,-2,21.16,0
-171.86,267.67,-2,-2,21.16,0
-172.22,267.31,-2,-2,21.16,0
-173.09,266.45,-2,-2,21.16,0
-173.85,265.69,-2,-2,21.16,0
-174.4,265.13,-2,-2,21.16,0
-174.8,264.73,-2,-2,21.16,0
-175.38,264.15,-2,-2,21.16,0
-176.34,263.19,-2,-2,21.16,0
-177.14,262.39,-2,-2,21.16,0
-177.85,261.69,-2,-2,21.16,0
-178.47,261.07,-2,-2,21.16,0
-179.24,260.29,-2,-2,21.16,0
-179.84,259.7,-2,-2,21.16,0
-180.42,259.11,-2,-2,21.16,0
-181.08,258.45,-2,-2,21.16,0
-181.57,257.96,-2,-2,21.16,0
-182.57,256.96,-2,-2,21.16,0
-182.93,256.6,-2,-2,21.16,0
-183.74,255.79,-2,-2,21.16,0
-184.34,255.19,-2,-2,21.16,0
-184.91,254.62,-2,-2,21.16,0
-185.32,254.21,-2,-2,21.16,0
-185.79,253.74,-2,-2,21.16,0
-186.45,253.08,-2,-2,21.16,0
-186.92,252.61,-2,-2,21.16,0
-187.4,252.14,-2,-2,21.16,0
-187.85,251.68,-2,-2,21.16,0
-188.3,251.24,-2,-2,21.16,0
-188.88,250.65,-2,-2,21.16,0
-189.67,249.86,-2,-2,21.16,0
-190.07,249.46,-2,-2,21.16,0
-191.04,248.49,-2,-2,21.16,0
-191.66,247.87,-2,-2,21.16,0
-192.07,247.46,-2,-2,21.16,0
-192.59,246.95,-2,-2,21.16,0
-193.21,246.32,-2,-2,21.16,0
-194.24,245.29,-2,-2,21.16,0
-194.95,244.58,-2,-2,21.16,0
-195.35,244.18,-2,-2,21.16,0
-196.4,243.13,-2,-2,21.16,0
-196.89,242.64,-2,-2,21.16,0
-197.32,242.22,-2,-2,21.16,0
-198.03,241.51,-2,-2,21.16,0
-198.99,240.54,-2,-2,21.16,0
-199.6,239.93,-2,-2,21.16,0
-200.24,239.3,-2,-2,21.16,0
-200.85,238.68,-2,-2,21.16,0
-201.69,237.84,-2,-2,21.16,0
-202.6,236.93,-2,-2,21.16,0
-203.25,236.28,-2,-2,21.16,0
-204.12,235.41,-2,-2,21.16,0
-204.84,234.69,-2,-2,21.16,0
-205.88,233.65,-2,-2,21.16,0
-207.01,232.53,-2,-2,21.16,0
-207.68,231.86,-2,-2,21.16,0
-208.37,231.16,-2,-2,21.16,0
-209.16,230.38,-2,-2,21.16,0
-209.88,229.65,-2,-2,21.16,0
-210.73,228.8,-2,-2,21.16,0
-211.73,227.8,-2,-2,21.16,0
-212.48,227.06,-2,-2,21.16,0
-213.06,226.47,-2,-2,21.16,0
-214.17,225.36,-2,-2,21.16,0
-215.15,224.38,-2,-2,21.16,0
-215.9,223.63,-2,-2,21.16,0
-216.47,223.06,-2,-2,21.16,0
-217.21,222.33,-2,-2,21.16,0
-218.13,221.41,-2,-2,21.16,0
-218.7,220.84,-2,-2,21.16,0
-219.64,219.9,-2,-2,21.16,0
-220.37,219.16,-2,-2,21.16,0
-220.98,218.55,-2,-2,21.16,0
-221.86,217.68,-2,-2,21.16,0
-222.46,217.07,-2,-2,21.16,0
-222.94,216.59,-2,-2,21.16,0
-223.82,215.72,-2,-2,21.16,0
-224.31,215.22,-2,-2,21.16,0
-224.92,214.61,-2,-2,21.16,0
-225.65,213.88,-2,-2,21.16,0
-226.32,213.21,-2,-2,21.16,0
-226.69,212.84,-2,-2,21.16,0
-227.23,212.3,-2,-2,21.16,0
-227.84,211.69,-2,-2,21.16,0
-228.71,210.83,-2,-2,21.16,0
-229.44,210.09,-2,-2,21.16,0
-230.17,209.37,-2,-2,21.16,0
-230.58,208.95,-2,-2,21.16,0
-231.31,208.22,-2,-2,21.16,0
-232.39,207.15,-2,-2,21.16,0
-232.98,206.55,-2,-2,21.16,0
-233.88,205.66,-2,-2,21.16,0
-234.48,205.05,-2,-2,21.16,0
-235.21,204.32,-2,-2,21.16,0
-235.92,203.62,-2,-2,21.16,0
-236.55,202.98,-2,-2,21.16,0
-237.44,202.09,-2,-2,21.16,0
-238.15,201.39,-2,-2,21.16,0
-238.94,200.6,-2,-2,21.16,0
-239.42,200.11,-2,-2,21.16,0
-240.34,199.2,-2,-2,21.16,0
-241.1,198.43,-2,-2,21.16,0
-241.83,197.71,-2,-2,21.16,0
-242.38,197.15,-2,-2,21.16,0
-243.33,196.2,-2,-2,21.16,0
-243.94,195.6,-2,-2,21.16,0
-244.42,195.11,-2,-2,21.16,0
-245.13,194.41,-2,-2,21.16,0
-245.8,193.74,-2,-2,21.16,0
-246.47,193.07,-2,-2,21.16,0
-247.27,192.26,-2,-2,21.16,0
-247.7,191.83,-2,-2,21.16,0
-248.56,190.97,-2,-2,21.16,0
-249.2,190.33,-2,-2,21.16,0
-250.04,189.49,-2,-2,21.16,0
-250.74,188.79,-2,-2,21.16,0
-251.16,188.37,-2,-2,21.16,0
-251.9,187.64,-2,-2,21.16,0
-252.61,186.93,-2,-2,21.16,0
-253.29,186.25,-2,-2,21.16,0
-254.18,185.35,-2,-2,21.16,0
-254.91,184.63,-2,-2,21.16,0
-255.61,183.93,-2,-2,21.16,0
-256.21,183.32,-2,-2,21.16,0
-257.24,182.29,-2,-2,21.16,0
-257.8,181.74,-2,-2,21.16,0
-258.6,180.93,-2,-2,21.16,0
-259.23,180.31,-2,-2,21.16,0
-260.06,179.47,-2,-2,21.16,0
-260.49,179.04,-2,-2,21.16,0
-261.37,178.16,-2,-2,21.16,0
-262.37,177.17,-2,-2,21.16,0
-262.85,176.68,-2,-2,21.16,0
-263.59,175.95,-2,-2,21.16,0
-264.08,175.46,-2,-2,21.16,0
-264.81,174.73,-2,-2,21.16,0
-265.24,174.29,-2,-2,21.16,0
-265.97,173.56,-2,-2,21.16,0
-266.69,172.85,-2,-2,21.16,0
-267.51,172.03,-2,-2,21.16,0
-268.3,171.23,-2,-2,21.16,0
-268.79,170.74,-2,-2,21.16,0
-269.52,170.01,-2,-2,21.16,0
-270.24,169.29,-2,-2,21.16,0
-270.74,168.79,-2,-2,21.16,0
-271.53,168.01,-2,-2,21.16,0
-272.1,167.44,-2,-2,21.16,0
-272.82,166.71,-2,-2,21.16,0
-273.54,165.99,-2,-2,21.16,0
-274.03,165.51,-2,-2,21.16,0
-274.77,164.77,-2,-2,21.16,0
-275.5,164.04,-2,-2,21.16,0
-276.02,163.51,-2,-2,21.16,0
-276.48,163.05,-2,-2,21.16,0
-277.21,162.32,-2,-2,21.16,0
-277.69,161.85,-2,-2,21.16,0
-278.72,160.82,-2,-2,21.16,0
-279.32,160.21,-2,-2,21.16,0
-279.99,159.54,-2,-2,21.16,0
-280.35,159.18,-2,-2,21.16,0
-281.0,158.53,-2,-2,21.16,0
-281.39,158.15,-2,-2,21.16,0
-282.24,157.29,-2,-2,21.16,0
-282.75,156.79,-2,-2,21.16,0
-283.68,155.85,-2,-2,21.16,0
-284.23,155.31,-2,-2,21.16,0
-284.71,154.82,-2,-2,21.16,0
-285.52,154.01,-2,-2,21.16,0
-286.09,153.44,-2,-2,21.16,0
-286.5,153.04,-2,-2,21.16,0
-287.52,152.01,-2,-2,21.16,0
-287.94,151.59,-2,-2,21.16,0
-288.77,150.76,-2,-2,21.16,0
-289.48,150.06,-2,-2,21.16,0
-289.98,149.55,-2,-2,21.16,0
-290.56,148.98,-2,-2,21.16,0
-291.07,148.47,-2,-2,21.16,0
-291.7,147.84,-2,-2,21.16,0
-292.41,147.12,-2,-2,21.16,0
-292.81,146.72,-2,-2,21.16,0
-293.71,145.82,-2,-2,21.16,0
-294.47,145.06,-2,-2,21.16,0
-295.07,144.47,-2,-2,21.16,0
-295.5,144.04,-2,-2,21.16,0
-296.42,143.12,-2,-2,21.16,0
-297.14,142.39,-2,-2,21.16,0
-297.76,141.77,-2,-2,21.16,0
-298.43,141.1,-2,-2,21.16,0
-299.22,140.31,-2,-2,21.16,0
-299.83,139.7,-2,-2,21.16,0
-300.46,139.08,-2,-2,21.16,0
-301.07,138.46,-2,-2,21.16,0
-301.72,137.82,-2,-2,21.16,0
-302.44,137.09,-2,-2,21.16,0
-302.9,136.63,-2,-2,21.16,0
-303.76,135.77,-2,-2,21.16,0
-304.33,135.2,-2,-2,21.16,0
-304.95,134.59,-2,-2,21.16,0
-305.32,134.21,-2,-2,21.16,0
-306.55,132.98,-2,-2,21.16,0
-307.2,132.33,-2,-2,21.16,0
-307.79,131.74,-2,-2,21.16,0
-308.4,131.13,-2,-2,21.16,0
-309.14,130.39,-2,-2,21.16,0
-309.87,129.67,-2,-2,21.16,0
-310.54,128.99,-2,-2,21.16,0
-311.19,128.34,-2,-2,21.16,0
-312.04,127.49,-2,-2,21.16,0
-312.72,126.81,-2,-2,21.16,0
-313.38,126.15,-2,-2,21.16,0
-314.1,125.43,-2,-2,21.16,0
-314.7,124.83,-2,-2,21.16,0
-315.58,123.96,-2,-2,21.16,0
-316.01,123.52,-2,-2,21.16,0
-316.53,123.01,-2,-2,21.16,0
-317.17,122.36,-2,-2,21.16,0
-317.91,121.62,-2,-2,21.16,0
-318.7,120.84,-2,-2,21.16,0
-319.28,120.25,-2,-2,21.16,0
-320.01,119.53,-2,-2,21.16,0
-320.76,118.77,-2,-2,21.16,0
-321.49,118.05,-2,-2,21.16,0
-322.14,117.39,-2,-2,21.16,0
-322.75,116.78,-2,-2,21.16,0
-323.15,116.38,-2,-2,21.16,0
-323.76,115.77,-2,-2,21.16,0
-324.36,115.17,-2,-2,21.16,0
-325.02,114.51,-2,-2,21.16,0
-325.88,113.65,-2,-2,21.16,0
-326.37,113.16,-2,-2,21.16,0
-327.06,112.47,-2,-2,21.16,0
-327.45,112.08,-2,-2,21.16,0
-328.07,111.47,-2,-2,21.16,0
-328.67,110.87,-2,-2,21.16,0
-329.22,110.32,-2,-2,21.16,0
-329.84,109.69,-2,-2,21.16,0
-330.7,108.84,-2,-2,21.16,0
-329.48,108.31,2,-2,21.16,0
-328.78,107.62,2,-2,21.16,0
-328.13,106.97,2,-2,21.16,0
-327.47,106.31,2,-2,21.16,0
-326.95,105.79,2,-2,21.16,0
-326.47,105.31,2,-2,21.16,0
-325.89,104.73,2,-2,21.16,0
-325.12,103.96,2,-2,21.16,0
-324.45,103.29,2,-2,21.16,0
-324.06,102.9,2,-2,21.16,0
-323.54,102.38,2,-2,21.16,0
-322.76,101.59,2,-2,21.16,0
-322.12,100.96,2,-2,21.16,0
-321.76,100.6,2,-2,21.16,0
-321.11,99.94,2,-2,21.16,0
-320.53,99.37,2,-2,21.16,0
-319.82,98.66,2,-2,21.16,0
-319.09,97.93,2,-2,21.16,0
-318.48,97.31,2,-2,21.16,0
-317.87,96.71,2,-2,21.16,0
-317.45,96.28,2,-2,21.16,0
-316.84,95.68,2,-2,21.16,0
-316.23,95.06,2,-2,21.16,0
-315.76,94.6,2,-2,21.16,0
-314.9,93.74,2,-2,21.16,0
-314.49,93.32,2,-2,21.16,0
-313.72,92.56,2,-2,21.16,0
-313.39,92.22,2,-2,21.16,0
-312.89,91.73,2,-2,21.16,0
-312.27,91.11,2,-2,21.16,0
-311.77,90.61,2,-2,21.16,0
-310.8,89.64,2,-2,21.16,0
-310.16,89.0,2,-2,21.16,0
-309.74,88.58,2,-2,21.16,0
-308.87,87.71,2,-2,21.16,0
-308.17,87.01,2,-2,21.16,0
-307.77,86.61,2,-2,21.16,0
-306.98,85.81,2,-2,21.16,0
-306.6,85.44,2,-2,21.16,0
-306.05,84.89,2,-2,21.16,0
-305.37,84.21,2,-2,21.16,0
-304.83,83.67,2,-2,21.16,0
-304.1,82.93,2,-2,21.16,0
-303.74,82.57,2,-2,21.16,0
-302.99,81.83,2,-2,21.16,0
-302.36,81.2,2,-2,21.16,0
-302.0,80.83,2,-2,21.16,0
-301.08,79.92,2,-2,21.16,0
-300.73,79.57,2,-2,21.16,0
-300.18,79.02,2,-2,21.16,0
-299.54,78.38,2,-2,21.16,0
-298.77,77.61,2,-2,21.16,0
-298.12,76.96,2,-2,21.16,0
-297.76,76.6,2,-2,21.16,0
-297.01,75.85,2,-2,21.16,0
-296.7,75.53,2,-2,21.16,0
-296.18,75.01,2,-2,21.16,0
-295.54,74.37,2,-2,21.16,0
-294.92,73.76,2,-2,21.16,0
-294.19,73.02,2,-2,21.16,0
-293.51,72.35,2,-2,21.16,0
-292.85,71.69,2,-2,21.16,0
-292.42,71.26,2,-2,21.16,0
-291.82,70.66,2,-2,21.16,0
-291.04,69.87,2,-2,21.16,0
-290.49,69.33,2,-2,21.16,0
-290.18,69.01,2,-2,21.16,0
-289.57,68.41,2,-2,21.16,0
-288.83,67.67,2,-2,21.16,0
-287.86,66.7,2,-2,21.16,0
-287.51,66.35,2,-2,21.16,0
-286.71,65.54,2,-2,21.16,0
-286.03,64.87,2,-2,21.16,0
-285.67,64.51,2,-2,21.16,0
-285.05,63.88,2,-2,21.16,0
-284.31,63.15,2,-2,21.16,0
-283.91,62.75,2,-2,21.16,0
-282.96,61.8,2,-2,21.16,0
-282.36,61.2,2,-2,21.16,0
-282.0,60.84,2,-2,21.16,0
-281.3,60.14,2,-2,21.16,0
-280.69,59.53,2,-2,21.16,0
-280.21,59.05,2,-2,21.16,0
-279.36,58.2,2,-2,21.16,0
-278.78,57.62,2,-2,21.16,0
-278.21,57.05,2,-2,21.16,0
-277.52,56.36,2,-2,21.16,0
-276.92,55.76,2,-2,21.16,0
-276.51,55.35,2,-2,21.16,0
-276.02,54.86,2,-2,21.16,0
-275.34,54.18,2,-2,21.16,0
-274.74,53.58,2,-2,21.16,0
-274.38,53.21,2,-2,21.16,0
-273.78,52.61,2,-2,21.16,0
-273.38,52.22,2,-2,21.16,0
-272.7,51.54,2,-2,21.16,0
-271.72,50.56,2,-2,21.16,0
-271.38,50.22,2,-2,21.16,0
-270.59,49.43,2,-2,21.16,0
-270.17,49.01,2,-2,21.16,0
-269.43,48.27,2,-2,21.16,0
-269.11,47.95,2,-2,21.16,0
-268.33,47.17,2,-2,21.16,0
-267.87,46.7,2,-2,21.16,0
-267.13,45.97,2,-2,21.16,0
-266.52,45.35,2,-2,21.16,0
-265.76,44.6,2,-2,21.16,0
-265.41,44.25,2,-2,21.16,0
-264.61,43.45,2,-2,21.16,0
-263.87,42.71,2,-2,21.16,0
-263.43,42.27,2,-2,21.16,0
-262.71,41.55,2,-2,21.16,0
-262.11,40.95,2,-2,21.16,0
-261.1,39.93,2,-2,21.16,0
-260.7,39.54,2,-2,21.16,0
-260.14,38.98,2,-2,21.16,0
-259.33,38.16,2,-2,21.16,0
-258.98,37.81,2,-2,21.16,0
-258.11,36.95,2,-2,21.16,0
-257.63,36.47,2,-2,21.16,0
-256.91,35.75,2,-2,21.16,0
-256.41,35.25,2,-2,21.16,0
-255.63,34.47,2,-2,21.16,0
-254.91,33.74,2,-2,21.16,0
-254.4,33.24,2,-2,21.16,0
-253.64,32.48,2,-2,21.16,0
-252.87,31.71,2,-2,21.16,0
-252.1,30.94,2,-2,21.16,0
-251.61,30.45,2,-2,21.16,0
-250.87,29.71,2,-2,21.16,0
-250.09,28.93,2,-2,21.16,0
-249.6,28.44,2,-2,21.16,0
-248.88,27.72,2,-2,21.16,0
-248.35,27.19,2,-2,21.16,0
-247.73,26.57,2,-2,21.16,0
-246.88,25.72,2,-2,21.16,0
-246.3,25.14,2,-2,21.16,0
-245.81,24.65,2,-2,21.16,0
-245.09,23.92,2,-2,21.16,0
-244.58,23.42,2,-2,21.16,0
-243.97,22.81,2,-2,21.16,0
-243.41,22.25,2,-2,21.16,0
-242.69,21.53,2,-2,21.16,0
-242.17,21.0,2,-2,21.16,0
-241.55,20.39,2,-2,21.16,0
-241.06,19.9,2,-2,21.16,0
-240.5,19.34,2,-2,21.16,0
-239.69,18.53,2,-2,21.16,0
-239.11,17.94,2,-2,21.16,0
-238.46,17.3,2,-2,21.16,0
-237.8,16.64,2,-2,21.16,0
-237.42,16.25,2,-2,21.16,0
-236.69,15.53,2,-2,21.16,0
-236.21,15.04,2,-2,21.16,0
-235.59,14.43,2,-2,21.16,0
-234.87,13.71,2,-2,21.16,0
-234.04,12.87,2,-2,21.16,0
-233.44,12.28,2,-2,21.16,0
-233.09,11.93,2,-2,21.16,0
-232.5,11.34,2,-2,21.16,0
-231.9,10.73,2,-2,21.16,0
-230.98,9.82,2,-2,21.16,0
-230.25,9.09,2,-2,21.16,0
-229.6,8.44,2,-2,21.16,0
-229.0,7.84,2,-2,21.16,0
-228.68,7.52,2,-2,21.16,0
-227.8,6.64,2,-2,21.16,0
-227.04,5.87,2,-2,21.16,0
-226.41,5.25,2,-2,21.16,0
-225.51,4.35,2,-2,21.16,0
-224.92,3.76,2,-2,21.16,0
-224.27,3.11,2,-2,21.16,0
-223.58,2.42,2,-2,21.16,0
-222.92,1.76,2,-2,21.16,0
-222.16,1.0,2,-2,21.16,0
-221.68,0.52,2,-2,21.16,0
-220.94,-0.22,2,-2,21.16,0
-220.41,-0.76,2,-2,21.16,0
-219.68,-1.48,2,-2,21.16,0
-219.11,-2.06,2,-2,21.16,0
-218.37,-2.79,2,-2,21.16,0
-217.87,-3.3,2,-2,21.16,0
-217.15,-4.02,2,-2,21.16,0
-216.61,-4.55,2,-2,21.16,0
-215.98,-5.18,2,-2,21.16,0
-215.22,-5.94,2,-2,21.16,0
-214.7,-6.47,2,-2,21.16,0
-213.72,-7.44,2,-2,21.16,0
-213.24,-7.92,2,-2,21.16,0
-212.34,-8.82,2,-2,21.16,0
-211.81,-9.35,2,-2,21.16,0
-210.96,-10.21,2,-2,21.16,0
-210.24,-10.92,2,-2,21.16,0
-209.75,-11.41,2,-2,21.16,0
-209.15,-12.01,2,-2,21.16,0
-208.42,-12.74,2,-2,21.16,0
-207.75,-13.41,2,-2,21.16,0
-207.18,-13.98,2,-2,21.16,0
-206.34,-14.83,2,-2,21.16,0
-205.74,-15.42,2,-2,21.16,0
-205.34,-15.82,2,-2,21.16,0
-204.7,-16.46,2,-2,21.16,0
-204.21,-16.95,2,-2,21.16,0
-203.6,-17.56,2,-2,21.16,0
-203.01,-18.15,2,-2,21.16,0
-202.32,-18.84,2,-2,21.16,0
-201.82,-19.34,2,-2,21.16,0
-201.33,-19.83,2,-2,21.16,0
-200.64,-20.52,2,-2,21.16,0
-199.85,-21.31,2,-2,21.16,0
-199.36,-21.8,2,-2,21.16,0
-198.6,-22.56,2,-2,21.16,0
-197.88,-23.28,2,-2,21.16,0
-197.16,-24.01,2,-2,21.16,0
-196.43,-24.73,2,-2,21.16,0
-195.94,-25.22,2,-2,21.16,0
-195.05,-26.11,2,-2,21.16,0
-194.45,-26.71,2,-2,21.16,0
-193.96,-27.2,2,-2,21.16,0
-193.2,-27.96,2,-2,21.16,0
-192.37,-28.79,2,-2,21.16,0
-191.76,-29.4,2,-2,21.16,0
-191.4,-29.76,2,-2,21.16,0
-190.57,-30.59,2,-2,21.16,0
-189.66,-31.5,2,-2,21.16,0
-189.0,-32.16,2,-2,21.16,0
-188.55,-32.61,2,-2,21.16,0
-187.59,-33.57,2,-2,21.16,0
-186.98,-34.18,2,-2,21.16,0
-186.02,-35.14,2,-2,21.16,0
-185.53,-35.63,2,-2,21.16,0
-184.8,-36.36,2,-2,21.16,0
-184.23,-36.93,2,-2,21.16,0
-183.67,-37.49,2,-2,21.16,0
-182.92,-38.24,2,-2,21.16,0
-182.06,-39.1,2,-2,21.16,0
-181.33,-39.83,2,-2,21.16,0
-180.49,-40.67,2,-2,21.16,0
-179.77,-41.4,2,-2,21.16,0
-179.34,-41.83,2,-2,21.16,0
-178.28,-42.89,2,-2,21.16,0
-177.5,-43.67,2,-2,21.16,0
-176.88,-44.28,2,-2,21.16,0
-176.26,-44.9,2,-2,21.16,0
-175.6,-45.56,2,-2,21.16,0
-174.92,-46.24,2,-2,21.16,0
-174.05,-47.12,2,-2,21.16,0
-173.41,-47.75,2,-2,21.16,0
-173.09,-48.08,2,-2,21.16,0
-172.39,-48.78,2,-2,21.16,0
-171.92,-49.25,2,-2,21.16,0
-171.02,-50.14,2,-2,21.16,0
-170.32,-50.84,2,-2,21.16,0
-169.69,-51.47,2,-2,21.16,0
-169.07,-52.09,2,-2,21.16,0
-168.46,-52.7,2,-2,21.16,0
-167.81,-53.36,2,-2,21.16,0
-167.11,-54.05,2,-2,21.16,0
-166.51,-54.65,2,-2,21.16,0
-165.46,-55.7,2,-2,21.16,0
-164.84,-56.32,2,-2,21.16,0
-164.07,-57.1,2,-2,21.16,0
-163.34,-57.82,2,-2,21.16,0
-162.78,-58.38,2,-2,21.16,0
-162.18,-58.98,2,-2,21.16,0
-161.48,-59.68,2,-2,21.16,0
-161.07,-60.09,2,-2,21.16,0
-160.21,-60.95,2,-2,21.16,0
-159.86,-61.3,2,-2,21.16,0
-158.98,-62.18,2,-2,21.16,0
-158.11,-63.05,2,-2,21.16,0
-157.44,-63.72,2,-2,21.16,0
-156.72,-64.44,2,-2,21.16,0
-156.0,-65.16,2,-2,21.16,0
-154.78,-66.38,2,-2,21.16,0
-154.21,-66.95,2,-2,21.16,0
-153.44,-67.72,2,-2,21.16,0
-152.67,-68.49,2,-2,21.16,0
-152.07,-69.09,2,-2,21.16,0
-151.42,-69.74,2,-2,21.16,0
-150.45,-70.71,2,-2,21.16,0
-149.75,-71.41,2,-2,21.16,0
-148.9,-72.26,2,-2,21.16,0
-148.06,-73.1,2,-2,21.16,0
-147.42,-73.74,2,-2,21.16,0
-146.53,-74.64,2,-2,21.16,0
-145.79,-75.37,2,-2,21.16,0
-145.05,-76.11,2,-2,21.16,0
-144.33,-76.83,2,-2,21.16,0
-143.74,-77.42,2,-2,21.16,0
-143.13,-78.03,2,-2,21.16,0
-142.36,-78.8,2,-2,21.16,0
-141.72,-79.45,2,-2,21.16,0
-141.0,-80.16,2,-2,21.16,0
-140.4,-80.76,2,-2,21.16,0
-139.78,-81.39,2,-2,21.16,0
-139.18,-81.98,2,-2,21.16,0
-138.45,-82.71,2,-2,21.16,0
-137.73,-83.43,2,-2,21.16,0
-136.96,-84.2,2,-2,21.16,0
-136.55,-84.61,2,-2,21.16,0
-135.54,-85.63,2,-2,21.16,0
-134.6,-86.56,2,-2,21.16,0
-133.93,-87.23,2,-2,21.16,0
-133.2,-87.96,2,-2,21.16,0
-132.61,-88.56,2,-2,21.16,0
-131.86,-89.31,2,-2,21.16,0
-131.48,-89.68,2,-2,21.16,0
-130.51,-90.65,2,-2,21.16,0
-130.09,-91.07,2,-2,21.16,0
-129.36,-91.8,2,-2,21.16,0
-128.42,-92.75,2,-2,21.16,0
-127.52,-93.64,2,-2,21.16,0
-126.68,-94.48,2,-2,21.16,0
-125.98,-95.19,2,-2,21.16,0
-125.26,-95.9,2,-2,21.16,0
-124.56,-96.6,2,-2,21.16,0
-124.09,-97.07,2,-2,21.16,0
-123.27,-97.89,2,-2,21.16,0
-122.48,-98.69,2,-2,21.16,0
-121.61,-99.56,2,-2,21.16,0
-121.18,-99.98,2,-2,21.16,0
-120.79,-100.38,2,-2,21.16,0
-120.3,-100.86,2,-2,21.16,0
-119.82,-101.34,2,-2,21.16,0
-119.34,-101.82,2,-2,21.16,0
-118.74,-102.43,2,-2,21.16,0
-118.12,-103.04,2,-2,21.16,0
-117.36,-103.8,2,-2,21.16,0
-116.75,-104.42,2,-2,21.16,0
-116.13,-105.03,2,-2,21.16,0
-115.26,-105.9,2,-2,21.16,0
-114.49,-106.67,2,-2,21.16,0
-113.72,-107.44,2,-2,21.16,0
-113.11,-108.05,2,-2,21.16,0
-112.38,-108.79,2,-2,21.16,0
-111.74,-109.43,2,-2,21.16,0
-110.85,-110.32,2,-2,21.16,0
-110.07,-111.09,2,-2,21.16,0
-109.4,-111.76,2,-2,21.16,0
-108.68,-112.48,2,-2,21.16,0
-108.26,-112.9,2,-2,21.16,0
-107.27,-113.89,2,-2,21.16,0
-106.5,-114.66,2,-2,21.16,0
-106.14,-115.03,2,-2,21.16,0
-105.16,-116.0,2,-2,21.16,0
-104.3,-116.86,2,-2,21.16,0
-103.66,-117.5,2,-2,21.16,0
-102.86,-118.3,2,-2,21.16,0
-102.17,-118.99,2,-2,21.16,0
-101.45,-119.72,2,-2,21.16,0
-100.96,-120.2,2,-2,21.16,0
-100.18,-120.99,2,-2,21.16,0
-99.45,-121.71,2,-2,21.16,0
-98.75,-122.42,2,-2,21.16,0
-97.99,-123.17,2,-2,21.16,0
-97.35,-123.82,2,-2,21.16,0
-96.81,-124.36,2,-2,21.16,0
-96.08,-125.08,2,-2,21.16,0
-95.26,-125.9,2,-2,21.16,0
-94.55,-126.61,2,-2,21.16,0
-93.74,-127.42,2,-2,21.16,0
-93.01,-128.15,2,-2,21.16,0
-92.44,-128.73,2,-2,21.16,0
-91.47,-129.7,2,-2,21.16,0
-90.74,-130.42,2,-2,21.16,0
-89.91,-131.26,2,-2,21.16,0
-89.12,-132.04,2,-2,21.16,0
-88.59,-132.57,2,-2,21.16,0
-87.54,-133.62,2,-2,21.16,0
-86.95,-134.22,2,-2,21.16,0
-86.44,-134.73,2,-2,21.16,0
-85.71,-135.45,2,-2,21.16,0
-85.08,-136.09,2,-2,21.16,0
-84.34,-136.82,2,-2,21.16,0
-83.98,-137.18,2,-2,21.16,0
-83.08,-138.08,2,-2,21.16,0
-82.33,-138.83,2,-2,21.16,0
-81.8,-139.36,2,-2,21.16,0
-81.13,-140.03,2,-2,21.16,0
-80.77,-140.39,2,-2,21.16,0
-80.17,-141.0,2,-2,21.16,0
-79.7,-141.47,2,-2,21.16,0
-78.96,-142.2,2,-2,21.16,0
-78.6,-142.56,2,-2,21.16,0
-77.87,-143.3,2,-2,21.16,0
-77.44,-143.72,2,-2,21.16,0
-76.83,-144.34,2,-2,21.16,0
-76.1,-145.07,2,-2,21.16,0
-75.49,-145.67,2,-2,21.16,0
-74.88,-146.29,2,-2,21.16,0
-74.51,-146.66,2,-2,21.16,0
-73.65,-147.51,2,-2,21.16,0
-73.22,-147.94,2,-2,21.16,0
-72.35,-148.81,2,-2,21.16,0
-71.92,-149.24,2,-2,21.16,0
-70.94,-150.22,2,-2,21.16,0
-70.1,-151.07,2,-2,21.16,0
-69.37,-151.8,2,-2,21.16,0
-69.04,-152.12,2,-2,21.16,0
-68.48,-152.68,2,-2,21.16,0
-67.83,-153.33,2,-2,21.16,0
-66.92,-154.24,2,-2,21.16,0
-66.21,-154.95,2,-2,21.16,0
-65.62,-155.55,2,-2,21.16,0
-65.04,-156.12,2,-2,21.16,0
-64.49,-156.67,2,-2,21.16,0
-64.0,-157.16,2,-2,21.16,0
-63.28,-157.88,2,-2,21.16,0
-62.68,-158.48,2,-2,21.16,0
-61.95,-159.21,2,-2,21.16,0
-61.47,-159.69,2,-2,21.16,0
-60.73,-160.43,2,-2,21.16,0
-60.41,-160.75,2,-2,21.16,0
-59.78,-161.38,2,-2,21.16,0
-58.79,-162.37,2,-2,21.16,0
-58.1,-163.06,2,-2,21.16,0
-57.49,-163.67,2,-2,21.16,0
-56.83,-164.33,2,-2,21.16,0
-56.52,-164.64,2,-2,21.16,0
-55.69,-165.47,2,-2,21.16,0
-54.94,-166.22,2,-2,21.16,0
-54.34,-166.82,2,-2,21.16,0
-53.73,-167.43,2,-2,21.16,0
-53.19,-167.97,2,-2,21.16,0
-52.83,-168.33,2,-2,21.16,0
-52.0,-169.16,2,-2,21.16,0
-51.6,-169.56,2,-2,21.16,0
-50.58,-170.58,2,-2,21.16,0
-49.93,-171.23,2,-2,21.16,0
-49.26,-171.9,2,-2,21.16,0
-48.68,-172.48,2,-2,21.16,0
-47.91,-173.25,2,-2,21.16,0
-47.5,-173.67,2,-2,21.16,0
-46.52,-174.64,2,-2,21.16,0
-46.04,-175.12,2,-2,21.16,0
-45.43,-175.73,2,-2,21.16,0
-44.82,-176.34,2,-2,21.16,0
-44.36,-176.8,2,-2,21.16,0
-43.68,-177.49,2,-2,21.16,0
-43.32,-177.84,2,-2,21.16,0
-42.58,-178.59,2,-2,21.16,0
-41.97,-179.19,2,-2,21.16,0
-41.36,-179.8,2,-2,21.16,0
-40.88,-180.28,2,-2,21.16,0
-40.16,-181.0,2,-2,21.16,0
-39.67,-181.49,2,-2,21.16,0
-38.82,-182.34,2,-2,21.16,0
-38.22,-182.94,2,-2,21.16,0
-37.66,-183.5,2,-2,21.16,0
-37.13,-184.03,2,-2,21.16,0
-36.27,-184.9,2,-2,21.16,0
-35.78,-185.38,2,-2,21.16,0
-35.1,-186.06,2,-2,21.16,0
-34.5,-186.66,2,-2,21.16,0
-33.65,-187.51,2,-2,21.16,0
-33.29,-187.87,2,-2,21.16,0
-32.5,-188.66,2,-2,21.16,0
-31.78,-189.38,2,-2,21.16,0
-31.14,-190.02,2,-2,21.16,0
-30.41,-190.75,2,-2,21.16,0
-29.81,-191.36,2,-2,21.16,0
-29.07,-192.1,2,-2,21.16,0
-28.52,-192.64,2,-2,21.16,0
-27.79,-193.37,2,-2,21.16,0
-27.29,-193.87,2,-2,21.16,0
-26.38,-194.78,2,-2,21.16,0
-26.01,-195.15,2,-2,21.16,0
-25.12,-196.04,2,-2,21.16,0
-24.76,-196.4,2,-2,21.16,0
-24.19,-196.98,2,-2,21.16,0
-23.33,-197.83,2,-2,21.16,0
-22.68,-198.48,2,-2,21.16,0
-22.01,-199.15,2,-2,21.16,0
-21.5,-199.66,2,-2,21.16,0
-20.78,-200.39,2,-2,21.16,0
-20.05,-201.11,2,-2,21.16,0
-19.62,-201.54,2,-2,21.16,0
-18.65,-202.51,2,-2,21.16,0
-17.81,-203.35,2,-2,21.16,0
-17.32,-203.84,2,-2,21.16,0
-16.84,-204.32,2,-2,21.16,0
-16.12,-205.05,2,-2,21.16,0
-15.39,-205.77,2,-2,21.16,0
-14.66,-206.5,2,-2,21.16,0
-14.15,-207.01,2,-2,21.16,0
-13.38,-207.78,2,-2,21.16,0
-12.82,-208.34,2,-2,21.16,0
-12.08,-209.09,2,-2,21.16,0
-11.32,-209.85,2,-2,21.16,0
-10.35,-210.81,2,-2,21.16,0
-9.38,-211.78,2,-2,21.16,0
-8.9,-212.27,2,-2,21.16,0
-8.16,-213.0,2,-2,21.16,0
-7.84,-213.32,2,-2,21.16,0
-6.94,-214.22,2,-2,21.16,0
-6.6,-214.56,2,-2,21.16,0
-5.98,-215.18,2,-2,21.16,0
-5.46,-215.7,2,-2,21.16,0
-4.97,-216.19,2,-2,21.16,0
-4.47,-216.69,2,-2,21.16,0
-3.98,-217.18,2,-2,21.16,0
-3.5,-217.67,2,-2,21.16,0
-2.65,-218.51,2,-2,21.16,0
-2.17,-218.99,2,-2,21.16,0
-1.44,-219.72,2,-2,21.16,0
-0.72,-220.44,2,-2,21.16,0
-0.09,-221.07,2,-2,21.16,0
0.55,-221.71,2,-2,21.16,0
1.59,-222.75,2,-2,21.16,0
1.92,-223.08,2,-2,21.16,0
2.8,-223.96,2,-2,21.16,0
3.28,-224.44,2,-2,21.16,0
4.25,-225.41,2,-2,21.16,0
4.91,-226.07,2,-2,21.16,0
5.52,-226.68,2,-2,21.16,0
5.93,-227.09,2,-2,21.16,0
6.68,-227.85,2,-2,21.16,0
7.29,-228.46,2,-2,21.16,0
7.96,-229.12,2,-2,21.16,0
8.6,-229.76,2,-2,21.16,0
9.47,-230.63,2,-2,21.16,0
10.36,-231.52,2,-2,21.16,0
11.02,-232.18,2,-2,21.16,0
11.5,-232.67,2,-2,21.16,0
11.91,-233.07,2,-2,21.16,0
12.59,-233.76,2,-2,21.16,0
13.58,-234.74,2,-2,21.16,0
14.19,-235.36,2,-2,21.16,0
14.67,-235.84,2,-2,21.16,0
15.41,-236.57,2,-2,21.16,0
16.01,-237.18,2,-2,21.16,0
16.55,-237.71,2,-2,21.16,0
17.3,-238.46,2,-2,21.16,0
17.79,-238.95,2,-2,21.16,0
18.55,-239.71,2,-2,21.16,0
19.04,-240.2,2,-2,21.16,0
19.83,-240.99,2,-2,21.16,0
20.62,-241.78,2,-2,21.16,0
21.38,-242.54,2,-2,21.16,0
22.0,-243.16,2,-2,21.16,0
22.55,-243.72,2,-2,21.16,0
23.47,-244.63,2,-2,21.16,0
24.11,-245.27,2,-2,21.16,0
24.73,-245.89,2,-2,21.16,0
25.43,-246.59,2,-2,21.16,0
26.25,-247.42,2,-2,21.16,0
27.02,-248.18,2,-2,21.16,0
27.59,-248.75,2,-2,21.16,0
28.45,-249.62,2,-2,21.16,0
29.06,-250.22,2,-2,21.16,0
29.66,-250.82,2,-2,21.16,0
30.4,-251.56,2,-2,21.16,0
31.27,-252.43,2,-2,21.16,0
31.87,-253.03,2,-2,21.16,0
32.5,-253.66,2,-2,21.16,0
33.16,-254.32,2,-2,21.16,0
33.72,-254.89,2,-2,21.16,0
34.42,-255.58,2,-2,21.16,0
35.11,-256.27,2,-2,21.16,0
35.46,-256.62,2,-2,21.16,0
36.21,-257.38,2,-2,21.16,0
36.7,-257.86,2,-2,21.16,0
37.52,-258.68,2,-2,21.16,0
37.92,-259.09,2,-2,21.16,0
38.65,-259.82,2,-2,21.16,0
39.14,-260.3,2,-2,21.16,0
39.93,-261.1,2,-2,21.16,0
40.56,-261.72,2,-2,21.16,0
41.1,-262.26,2,-2,21.16,0
41.72,-262.88,2,-2,21.16,0
42.34,-263.5,2,-2,21.16,0
42.95,-264.12,2,-2,21.16,0
43.64,-264.8,2,-2,21.16,0
44.04,-265.2,2,-2,21.16,0
44.62,-265.79,2,-2,21.16,0
45.13,-266.29,2,-2,21.16,0
45.68,-266.84,2,-2,21.16,0
46.52,-267.69,2,-2,21.16,0
47.13,-268.29,2,-2,21.16,0
47.53,-268.7,2,-2,21.16,0
48.28,-269.44,2,-2,21.16,0
48.64,-269.81,2,-2,21.16,0
49.24,-270.4,2,-2,21.16,0
50.24,-271.4,2,-2,21.16,0
50.9,-272.06,2,-2,21.16,0
51.26,-272.43,2,-2,21.16,0
51.83,-272.99,2,-2,21.16,0
52.35,-273.52,2,-2,21.16,0
53.22,-274.38,2,-2,21.16,0
53.58,-274.74,2,-2,21.16,0
54.57,-275.73,2,-2,21.16,0
55.15,-276.31,2,-2,21.16,0
55.57,-276.74,2,-2,21.16,0
56.18,-277.34,2,-2,21.16,0
56.9,-278.07,2,-2,21.16,0
57.68,-278.84,2,-2,21.16,0
58.08,-279.24,2,-2,21.16,0
58.7,-279.87,2,-2,21.16,0
59.34,-280.51,2,-2,21.16,0
59.72,-280.88,2,-2,21.16,0
60.45,-281.61,2,-2,21.16,0
61.2,-282.36,2,-2,21.16,0
61.87,-283.04,2,-2,21.16,0
62.74,-283.91,2,-2,21.16,0
63.4,-284.57,2,-2,21.16,0
64.11,-285.27,2,-2,21.16,0
64.69,-285.86,2,-2,21.16,0
65.34,-286.5,2,-2,21.16,0
65.69,-286.85,2,-2,21.16,0
66.3,-287.46,2,-2,21.16,0
66.89,-288.06,2,-2,21.16,0
67.42,-288.58,2,-2,21.16,0
67.9,-289.06,2,-2,21.16,0
68.59,-289.75,2,-2,21.16,0
69.07,-290.24,2,-2,21.16,0
69.71,-289.36,2,2,21.16,0
70.47,-288.6,2,2,21.16,0
71.07,-288.0,2,2,21.16,0
71.68,-287.4,2,2,21.16,0
72.35,-286.73,2,2,21.16,0
72.94,-286.13,2,2,21.16,0
73.44,-285.63,2,2,21.16,0
74.05,-285.03,2,2,21.16,0
75.04,-284.04,2,2,21.16,0
75.76,-283.32,2,2,21.16,0
76.33,-282.74,2,2,21.16,0
76.67,-282.41,2,2,21.16,0
77.47,-281.61,2,2,21.16,0
77.99,-281.08,2,2,21.16,0
78.59,-280.48,2,2,21.16,0
79.08,-280.0,2,2,21.16,0
79.88,-279.2,2,2,21.16,0
80.58,-278.49,2,2,21.16,0
81.01,-278.06,2,2,21.16,0
81.61,-277.46,2,2,21.16,0
82.14,-276.93,2,2,21.16,0
82.9,-276.17,2,2,21.16,0
83.63,-275.44,2,2,21.16,0
84.24,-274.83,2,2,21.16,0
84.87,-274.2,2,2,21.16,0
85.23,-273.84,2,2,21.16,0
86.18,-272.89,2,2,21.16,0
86.67,-272.41,2,2,21.16,0
87.34,-271.74,2,2,21.16,0
88.04,-271.03,2,2,21.16,0
88.4,-270.67,2,2,21.16,0
89.35,-269.73,2,2,21.16,0
90.07,-269.0,2,2,21.16,0
90.7,-268.37,2,2,21.16,0
91.24,-267.83,2,2,21.16,0
91.89,-267.18,2,2,21.16,0
92.28,-266.79,2,2,21.16,0
93.26,-265.82,2,2,21.16,0
93.73,-265.34,2,2,21.16,0
94.46,-264.62,2,2,21.16,0
94.82,-264.25,2,2,21.16,0
95.79,-263.28,2,2,21.16,0
96.4,-262.67,2,2,21.16,0
97.19,-261.88,2,2,21.16,0
97.77,-261.3,2,2,21.16,0
98.29,-260.79,2,2,21.16,0
99.01,-260.06,2,2,21.16,0
99.61,-259.46,2,2,21.16,0
100.35,-258.72,2,2,21.16,0
100.82,-258.26,2,2,21.16,0
101.67,-257.41,2,2,21.16,0
102.4,-256.67,2,2,21.16,0
103.18,-255.89,2,2,21.16,0
103.82,-255.25,2,2,21.16,0
104.43,-254.65,2,2,21.16,0
105.15,-253.92,2,2,21.16,0
105.5,-253.58,2,2,21.16,0
106.08,-253.0,2,2,21.16,0
106.61,-252.47,2,2,21.16,0
107.5,-251.57,2,2,21.16,0
107.89,-251.19,2,2,21.16,0
108.51,-250.57,2,2,21.16,0
109.24,-249.84,2,2,21.16,0
109.9,-249.17,2,2,21.16,0
110.51,-248.57,2,2,21.16,0
110.88,-248.19,2,2,21.16,0
111.72,-247.35,2,2,21.16,0
112.38,-246.69,2,2,21.16,0
113.01,-246.07,2,2,21.16,0
113.58,-245.49,2,2,21.16,0
113.94,-245.13,2,2,21.16,0
115.05,-244.03,2,2,21.16,0
115.63,-243.44,2,2,21.16,0
116.48,-242.6,2,2,21.16,0
117.28,-241.79,2,2,21.16,0
117.87,-241.21,2,2,21.16,0
118.82,-240.26,2,2,21.16,0
119.52,-239.55,2,2,21.16,0
120.09,-238.98,2,2,21.16,0
120.73,-238.34,2,2,21.16,0
121.46,-237.61,2,2,21.16,0
122.07,-237.0,2,2,21.16,0
122.45,-236.63,2,2,21.16,0
123.18,-235.89,2,2,21.16,0
123.87,-235.2,2,2,21.16,0
124.36,-234.72,2,2,21.16,0
125.3,-233.77,2,2,21.16,0
126.01,-233.07,2,2,21.16,0
126.7,-232.38,2,2,21.16,0
127.48,-231.6,2,2,21.16,0
128.05,-231.03,2,2,21.16,0
128.76,-230.31,2,2,21.16,0
129.52,-229.55,2,2,21.16,0
130.26,-228.81,2,2,21.16,0
130.91,-228.16,2,2,21.16,0
131.28,-227.8,2,2,21.16,0
132.17,-226.9,2,2,21.16,0
132.76,-226.32,2,2,21.16,0
133.68,-225.4,2,2,21.16,0
134.3,-224.77,2,2,21.16,0
134.79,-224.29,2,2,21.16,0
135.4,-223.67,2,2,21.16,0
135.89,-223.19,2,2,21.16,0
136.8,-222.28,2,2,21.16,0
137.44,-221.64,2,2,21.16,0
138.16,-220.91,2,2,21.16,0
138.66,-220.41,2,2,21.16,0
139.43,-219.65,2,2,21.16,0
139.91,-219.16,2,2,21.16,0
140.68,-218.39,2,2,21.16,0
141.23,-217.84,2,2,21.16,0
141.83,-217.25,2,2,21.16,0
142.58,-216.49,2,2,21.16,0
143.1,-215.97,2,2,21.16,0
143.43,-215.64,2,2,21.16,0
144.18,-214.9,2,2,21.16,0
144.78,-214.3,2,2,21.16,0
145.56,-213.52,2,2,21.16,0
146.05,-213.02,2,2,21.16,0
146.54,-212.53,2,2,21.16,0
147.04,-212.04,2,2,21.16,0
147.65,-211.42,2,2,21.16,0
148.27,-210.81,2,2,21.16,0
149.0,-210.08,2,2,21.16,0
149.73,-209.34,2,2,21.16,0
150.22,-208.85,2,2,21.16,0
150.71,-208.36,2,2,21.16,0
151.7,-207.38,2,2,21.16,0
152.07,-207.01,2,2,21.16,0
152.78,-206.3,2,2,21.16,0
153.62,-205.45,2,2,21.16,0
154.11,-204.96,2,2,21.16,0
154.84,-204.24,2,2,21.16,0
155.56,-203.51,2,2,21.16,0
155.97,-203.1,2,2,21.16,0
156.73,-202.35,2,2,21.16,0
157.82,-201.25,2,2,21.16,0
158.59,-200.48,2,2,21.16,0
158.92,-200.16,2,2,21.16,0
159.84,-199.24,2,2,21.16,0
160.27,-198.81,2,2,21.16,0
161.12,-197.96,2,2,21.16,0
161.86,-197.21,2,2,21.16,0
162.58,-196.49,2,2,21.16,0
163.07,-196.0,2,2,21.16,0
163.8,-195.27,2,2,21.16,0
164.41,-194.67,2,2,21.16,0
165.25,-193.82,2,2,21.16,0
165.85,-193.22,2,2,21.16,0
166.57,-192.5,2,2,21.16,0
167.06,-192.01,2,2,21.16,0
167.79,-191.29,2,2,21.16,0
168.27,-190.8,2,2,21.16,0
169.12,-189.96,2,2,21.16,0
169.73,-189.34,2,2,21.16,0
170.49,-188.58,2,2,21.16,0
170.98,-188.1,2,2,21.16,0
171.76,-187.31,2,2,21.16,0
172.12,-186.95,2,2,21.16,0
173.11,-185.96,2,2,21.16,0
173.81,-185.26,2,2,21.16,0
174.13,-184.95,2,2,21.16,0
175.0,-184.07,2,2,21.16,0
175.33,-183.74,2,2,21.16,0
175.84,-183.23,2,2,21.16,0
176.48,-182.59,2,2,21.16,0
177.08,-181.99,2,2,21.16,0
177.91,-181.17,2,2,21.16,0
178.51,-180.56,2,2,21.16,0
179.37,-179.7,2,2,21.16,0
180.16,-178.92,2,2,21.16,0
180.98,-178.09,2,2,21.16,0
181.82,-177.26,2,2,21.16,0
182.42,-176.65,2,2,21.16,0
183.04,-176.03,2,2,21.16,0
183.66,-175.42,2,2,21.16,0
184.55,-174.52,2,2,21.16,0
185.33,-173.74,2,2,21.16,0
185.75,-173.32,2,2,21.16,0
186.33,-172.75,2,2,21.16,0
186.8,-172.27,2,2,21.16,0
187.3,-171.78,2,2,21.16,0
187.75,-171.32,2,2,21.16,0
188.22,-170.86,2,2,21.16,0
188.76,-170.31,2,2,21.16,0
189.6,-169.47,2,2,21.16,0
190.09,-168.98,2,2,21.16,0
190.7,-168.37,2,2,21.16,0
191.19,-167.88,2,2,21.16,0
191.68,-167.39,2,2,21.16,0
192.4,-166.67,2,2,21.16,0
193.22,-165.85,2,2,21.16,0
193.71,-165.36,2,2,21.16,0
194.43,-164.64,2,2,21.16,0
194.92,-164.15,2,2,21.16,0
195.65,-163.43,2,2,21.16,0
196.37,-162.7,2,2,21.16,0
197.1,-161.98,2,2,21.16,0
197.82,-161.25,2,2,21.16,0
198.56,-160.51,2,2,21.16,0
199.06,-160.02,2,2,21.16,0
199.85,-159.23,2,2,21.16,0
200.52,-158.56,2,2,21.16,0
201.36,-157.71,2,2,21.16,0
202.22,-156.86,2,2,21.16,0
202.8,-156.27,2,2,21.16,0
203.22,-155.86,2,2,21.16,0
204.17,-154.9,2,2,21.16,0
204.78,-154.3,2,2,21.16,0
205.6,-153.47,2,2,21.16,0
206.33,-152.75,2,2,21.16,0
206.81,-152.26,2,2,21.16,0
207.53,-151.54,2,2,21.16,0
208.08,-151.0,2,2,21.16,0
208.91,-150.16,2,2,21.16,0
209.47,-149.61,2,2,21.16,0
209.97,-149.11,2,2,21.16,0
210.7,-148.38,2,2,21.16,0
211.46,-147.61,2,2,21.16,0
212.2,-146.87,2,2,21.16,0
212.93,-146.15,2,2,21.16,0
213.41,-145.66,2,2,21.16,0
214.2,-144.87,2,2,21.16,0
214.88,-144.2,2,2,21.16,0
215.5,-143.58,2,2,21.16,0
216.04,-143.03,2,2,21.16,0
216.43,-142.64,2,2,21.16,0
217.3,-141.77,2,2,21.16,0
217.9,-141.17,2,2,21.16,0
218.51,-140.56,2,2,21.16,0
219.09,-139.98,2,2,21.16,0
219.85,-139.22,2,2,21.16,0
220.56,-138.51,2,2,21.16,0
221.17,-137.91,2,2,21.16,0
221.98,-137.09,2,2,21.16,0
222.47,-136.61,2,2,21.16,0
223.2,-135.88,2,2,21.16,0
223.76,-135.32,2,2,21.16,0
224.16,-134.91,2,2,21.16,0
225.09,-133.99,2,2,21.16,0
225.42,-133.65,2,2,21.16,0
225.91,-133.17,2,2,21.16,0
226.38,-132.69,2,2,21.16,0
226.84,-132.23,2,2,21.16,0
227.32,-131.76,2,2,21.16,0
227.78,-131.29,2,2,21.16,0
228.25,-130.83,2,2,21.16,0
228.95,-130.12,2,2,21.16,0
229.44,-129.64,2,2,21.16,0
230.27,-128.8,2,2,21.16,0
230.93,-128.14,2,2,21.16,0
231.64,-127.43,2,2,21.16,0
232.31,-126.76,2,2,21.16,0
233.03,-126.05,2,2,21.16,0
233.37,-125.7,2,2,21.16,0
234.28,-124.79,2,2,21.16,0
234.82,-124.26,2,2,21.16,0
235.46,-123.62,2,2,21.16,0
236.08,-123.0,2,2,21.16,0
236.68,-122.39,2,2,21.16,0
237.45,-121.63,2,2,21.16,0
238.1,-120.97,2,2,21.16,0
238.51,-120.56,2,2,21.16,0
239.08,-119.99,2,2,21.16,0
239.58,-119.49,2,2,21.16,0
240.47,-118.6,2,2,21.16,0
241.19,-117.88,2,2,19.66,2
241.69,-117.39,2,2,18.63,2
242.32,-116.75,2,2,17.3,2
243.08,-115.99,2,2,15.72,2
243.78,-115.29,2,2,14.26,2
244.42,-114.65,2,2,12.93,2
245.04,-114.03,2,2,11.64,2
245.43,-113.64,2,2,10.83,2
246.35,-112.72,2,2,8.91,2
246.71,-112.36,2,2,8.16,2
247.32,-111.76,2,2,6.9,2
247.89,-111.18,2,2,5.71,2
248.63,-110.45,2,2,4.17,2
249.52,-109.56,2,2,2.31,2
250.14,-108.94,2,2,1.03,2
250.45,-108.62,2,2,0.37,2
251.04,-108.03,2,2,-0.86,2
251.94,-107.14,2,2,-2.73,2
252.58,-106.49,2,2,-4.07,2
253.3,-105.77,2,2,-5.57,2
253.72,-105.35,2,2,-6.45,2
254.38,-104.69,2,2,-7.82,2
255.11,-103.96,2,2,-9.34,2
255.76,-103.31,2,2,-10.7,2
256.44,-102.63,2,2,-12.11,2
256.82,-102.25,2,2,-12.91,2
257.55,-101.53,2,2,-14.42,2
258.52,-100.56,2,2,-16.44,2
258.93,-100.14,2,2,-17.29,2
259.71,-99.37,2,2,-18.91,2
260.14,-98.93,2,2,-19.82,2
261.09,-97.98,2,2,-21.8,2
261.49,-97.59,2,2,-22.62,2
262.24,-96.84,2,2,-24.19,2
262.84,-96.23,2,2,-25.44,2
263.2,-95.87,2,2,-26.2,2
263.82,-95.26,2,2,-27.48,2
264.29,-94.79,2,2,-28.46,2
265.06,-94.02,2,2,-30.06,2
265.46,-93.62,2,2,-30.89,2
266.47,-92.6,2,2,-33.0,2
267.04,-92.04,2,2,-34.18,2
267.82,-91.26,2,2,-35.81,2
268.5,-90.57,2,2,-35.81,0
269.11,-89.96,2,2,-35.81,0
269.72,-89.36,2,2,-35.81,0
270.65,-88.43,2,2,-35.81,0
271.05,-88.02,2,2,-35.81,0
271.54,-87.53,2,2,-35.81,0
272.17,-86.91,2,2,-35.81,0
273.03,-86.04,2,2,-35.81,0
273.7,-85.37,2,2,-35.81,0
274.36,-84.72,2,2,-35.81,0
275.05,-84.03,2,2,-35.81,0
275.7,-83.38,2,2,-35.81,0
276.34,-82.73,2,2,-35.81,0
277.09,-81.98,2,2,-35.81,0
277.74,-81.33,2,2,-35.81,0
278.47,-80.61,2,2,-35.81,0
279.04,-80.04,2,2,-35.81,0
279.57,-79.51,2,2,-35.81,0
280.3,-78.77,2,2,-35.81,0
280.95,-78.13,2,2,-35.81,0
281.43,-77.64,2,2,-35.81,0
282.0,-77.07,2,2,-35.81,0
282.67,-76.41,2,2,-35.81,0
283.21,-75.86,2,2,-35.81,0
283.7,-75.38,2,2,-35.81,0
284.47,-74.6,2,2,-35.81,0
285.15,-73.92,2,2,-35.81,0
285.53,-73.54,2,2,-35.81,0
286.47,-72.61,2,2,-35.81,0
286.96,-72.12,2,2,-35.81,0
287.35,-71.73,2,2,-35.81,0
287.83,-71.24,2,2,-35.81,0
288.46,-70.61,2,2,-35.81,0
289.39,-69.68,2,2,-35.81,0
289.96,-69.11,2,2,-35.81,0
290.56,-68.51,2,2,-35.81,0
291.21,-67.87,2,2,-35.81,0
291.93,-67.14,2,2,-35.81,0
292.53,-66.54,2,2,-35.81,0
293.16,-65.91,2,2,-35.81,0
293.85,-65.23,2,2,-35.81,0
294.49,-64.58,2,2,-35.81,0
295.09,-63.98,2,2,-35.81,0
295.7,-63.38,2,2,-35.81,0
296.07,-63.0,2,2,-35.81,0
297.04,-62.04,2,2,-35.81,0
297.69,-61.38,2,2,-35.81,0
298.35,-60.72,2,2,-35.81,0
299.08,-60.0,2,2,-35.81,0
299.76,-59.32,2,2,-35.81,0
300.38,-58.69,2,2,-35.81,0
301.05,-58.02,2,2,-35.81,0
301.9,-57.17,2,2,-35.81,0
302.63,-56.45,2,2,-35.81,0
303.27,-55.8,2,2,-35.81,0
304.0,-55.07,2,2,-35.81,0
304.96,-54.11,2,2,-35.81,0
305.52,-53.56,2,2,-35.81,0
306.24,-52.84,2,2,-35.81,0
306.99,-52.09,2,2,-35.81,0
307.61,-51.46,2,2,-35.81,0
308.25,-50.82,2,2,-35.81,0
308.95,-50.13,2,2,-35.81,0
309.72,-49.35,2,2,-35.81,0
310.44,-48.64,2,2,-35.81,0
310.8,-48.28,2,2,-35.81,0
311.65,-47.43,2,2,-35.81,0
312.01,-47.06,2,2,-35.81,0
312.5,-46.58,2,2,-35.81,0
313.21,-45.86,2,2,-35.81,0
313.63,-45.44,2,2,-35.81,0
314.24,-44.84,2,2,-35.81,0
314.74,-44.33,2,2,-35.81,0
315.39,-43.68,2,2,-35.81,0
315.84,-43.24,2,2,-35.81,0
316.6,-42.47,2,2,-35.81,0
317.3,-41.77,2,2,-35.81,0
317.72,-41.35,2,2,-35.81,0
318.57,-40.5,2,2,-35.81,0
318.97,-40.1,2,2,-35.81,0
319.96,-39.11,2,2,-35.81,0
320.68,-38.39,2,2,-35.81,0
321.28,-37.8,2,2,-35.81,0
321.95,-37.12,2,2,-35.81,0
322.63,-36.44,2,2,-35.81,0
323.29,-35.79,2,2,-35.81,0
323.67,-35.41,2,2,-35.81,0
324.44,-34.63,2,2,-35.81,0
325.16,-33.91,2,2,-35.81,0
325.76,-33.32,2,2,-35.81,0
326.45,-32.63,2,2,-35.81,0
326.96,-32.11,2,2,-35.81,0
327.69,-31.39,2,2,-35.81,0
328.22,-30.86,2,2,-35.81,0
329.07,-30.01,2,2,-35.81,0
329.68,-29.4,2,2,-35.81,0
330.3,-28.77,2,2,-35.81,0
329.38,-28.16,-2,2,-35.81,0
328.55,-27.33,-2,2,-35.81,0
327.95,-26.72,-2,2,-35.81,0
327.16,-25.94,-2,2,-35.81,0
326.6,-25.37,-2,2,-35.81,0
326.1,-24.88,-2,2,-35.81,0
325.41,-24.18,-2,2,-35.81,0
324.97,-23.74,-2,2,-35.81,0
324.46,-23.24,-2,2,-35.81,0
323.98,-22.75,-2,2,-35.81,0
323.47,-22.24,-2,2,-35.81,0
322.85,-21.63,-2,2,-35.81,0
322.08,-20.85,-2,2,-35.81,0
321.7,-20.47,-2,2,-35.81,0
321.22,-20.0,-2,2,-35.81,0
320.53,-19.31,-2,2,-35.81,0
320.05,-18.82,-2,2,-35.81,0
319.27,-18.04,-2,2,-35.81,0
318.69,-17.46,-2,2,-35.81,0
318.18,-16.95,-2,2,-35.81,0
317.43,-16.2,-2,2,-35.81,0
316.83,-15.6,-2,2,-35.81,0
316.22,-14.99,-2,2,-35.81,0
315.5,-14.27,-2,2,-35.81,0
314.76,-13.53,-2,2,-35.81,0
314.42,-13.19,-2,2,-35.81,0
313.45,-12.22,-2,2,-35.81,0
312.95,-11.72,-2,2,-35.81,0
312.54,-11.32,-2,2,-35.81,0
312.07,-10.84,-2,2,-35.81,0
311.6,-10.37,-2,2,-35.81,0
310.79,-9.57,-2,2,-35.81,0
310.05,-8.83,-2,2,-35.81,0
309.56,-8.33,-2,2,-35.81,0
309.07,-7.84,-2,2,-35.81,0
308.34,-7.11,-2,2,-35.81,0
307.38,-6.15,-2,2,-35.81,0
306.66,-5.43,-2,2,-35.81,0
305.92,-4.69,-2,2,-35.81,0
305.44,-4.21,-2,2,-35.81,0
304.71,-3.48,-2,2,-35.81,0
304.21,-2.98,-2,2,-35.81,0
303.48,-2.26,-2,2,-35.81,0
302.76,-1.53,-2,2,-34.3,1
302.27,-1.04,-2,2,-33.27,1
301.52,-0.29,-2,2,-31.71,1
301.03,0.2,-2,2,-30.69,1
300.52,0.71,-2,2,-29.63,1
300.05,1.18,-2,2,-28.65,1
299.04,2.19,-2,2,-26.55,1
298.55,2.67,-2,2,-25.54,1
298.02,3.21,-2,2,-24.43,1
297.29,3.94,-2,2,-22.9,1
296.8,4.42,-2,2,-21.89,1
296.06,5.17,-2,2,-20.34,1
295.57,5.65,-2,2,-19.33,1
294.84,6.39,-2,2,-17.79,1
294.09,7.14,-2,2,-16.24,1
293.49,7.73,-2,2,-14.99,1
292.94,8.29,-2,2,-13.85,1
292.39,8.84,-2,2,-12.69,1
292.1,9.13,-2,2,-12.09,1
291.24,9.99,-2,2,-10.3,1
290.63,10.6,-2,2,-9.03,1
290.14,11.09,-2,2,-8.01,1
289.41,11.82,-2,2,-6.49,1
289.1,12.13,-2,2,-5.83,1
288.36,12.87,-2,2,-4.29,1
287.74,13.49,-2,2,-3.01,1
286.94,14.29,-2,2,-1.35,1
286.2,15.03,-2,2,0.21,1
285.7,15.53,-2,2,1.24,1
284.93,16.29,-2,2,2.84,1
284.39,16.84,-2,2,3.97,1
283.89,17.34,-2,2,5.02,1
283.39,17.83,-2,2,6.04,1
282.67,18.56,-2,2,7.55,1
281.98,19.25,-2,2,8.99,1
281.49,19.73,-2,2,10.01,1
280.77,20.46,-2,2,11.51,1
280.05,21.18,-2,2,13.02,1
279.2,22.03,-2,2,14.78,1
278.36,22.87,-2,2,16.54,1
277.63,23.59,-2,2,18.04,1
276.91,24.32,-2,2,19.56,1
276.39,24.84,-2,2,20.64,1
275.91,25.32,-2,2,21.65,1
275.13,26.1,-2,2,23.26,1
274.36,26.87,-2,2,24.86,1
273.79,27.44,-2,2,26.06,1
273.18,28.05,-2,2,27.33,1
272.58,28.65,-2,2,28.58,1
272.09,29.14,-2,2,29.59,1
271.13,30.1,-2,2,31.6,1
270.53,30.7,-2,2,32.85,1
269.77,31.46,-2,2,34.43,1
269.04,32.18,-2,2,35.94,1
268.24,32.98,-2,2,37.61,1
267.63,33.6,-2,2,38.89,1
266.79,34.44,-2,2,40.64,1
266.33,34.9,-2,2,41.59,1
265.24,35.99,-2,2,43.87,1
264.58,36.65,-2,2,45.25,1
263.9,37.33,-2,2,46.66,1
263.01,38.22,-2,2,48.51,1
262.0,39.23,-2,2,50.62,1
261.41,39.82,-2,2,51.84,1
260.58,40.65,-2,2,53.57,1
259.98,41.24,-2,2,54.82,1
259.32,41.91,-2,2,56.21,1
258.9,42.33,-2,2,57.08,1
257.98,43.25,-2,2,58.99,1
257.11,44.12,-2,2,60.81,1
256.45,44.77,-2,2,62.17,1
255.8,45.43,-2,2,63.54,1
255.15,46.08,-2,2,64.89,1
254.79,46.44,-2,2,65.64,1
253.82,47.41,-2,2,67.65,1
253.21,48.01,-2,2,68.92,1
252.87,48.35,-2,2,69.63,1
252.34,48.89,-2,2,70.74,1
251.4,49.83,-2,2,72.7,1
250.65,50.58,-2,2,74.26,1
250.0,51.22,-2,2,75.61,1
249.59,51.64,-2,2,76.47,1
248.72,52.51,-2,2,78.29,1
248.23,52.99,-2,2,79.3,1
247.19,54.03,-2,2,79.3,0
246.51,54.72,-2,2,79.3,0
245.84,55.39,-2,2,79.3,0
245.24,55.99,-2,2,79.3,0
244.62,56.61,-2,2,79.3,0
244.2,57.02,-2,2,79.3,0
243.23,58.0,-2,2,79.3,0
242.9,58.33,-2,2,79.3,0
241.99,59.24,-2,2,79.3,0
241.28,59.94,-2,2,79.3,0
240.8,60.42,-2,2,79.3,0
240.05,61.17,-2,2,79.3,0
239.41,61.82,-2,2,79.3,0
238.62,62.6,-2,2,79.3,0
237.7,63.52,-2,2,79.3,0
237.01,64.22,-2,2,79.3,0
235.47,65.76,-2,2,79.3,0
234.81,66.42,-2,2,79.3,0
234.2,67.03,-2,2,79.3,0
233.6,67.63,-2,2,79.3,0
233.06,68.16,-2,2,79.3,0
232.4,68.83,-2,2,79.3,0
231.87,69.36,-2,2,79.3,0
231.26,69.97,-2,2,79.3,0
230.65,70.58,-2,2,79.3,0
230.17,71.05,-2,2,79.3,0
229.71,71.52,-2,2,79.3,0
229.1,72.12,-2,2,79.3,0
228.52,72.7,-2,2,79.3,0
228.14,73.08,-2,2,79.3,0
227.68,73.55,-2,2,79.3,0
226.97,74.26,-2,2,79.3,0
226.55,74.68,-2,2,79.3,0
225.82,75.4,-2,2,79.3,0
225.49,75.74,-2,2,79.3,0
225.02,76.21,-2,2,79.3,0
224.53,76.7,-2,2,79.3,0
224.07,77.16,-2,2,79.3,0
223.45,77.78,-2,2,79.3,0
222.44,78.79,-2,2,79.3,0
221.72,79.51,-2,2,79.3,0
221.38,79.84,-2,2,79.3,0
220.52,80.7,-2,2,79.3,0
219.94,81.29,-2,2,79.3,0
219.24,81.99,-2,2,79.3,0
218.91,82.32,-2,2,79.3,0
218.01,83.21,-2,2,79.3,0
217.42,83.81,-2,2,79.3,0
216.81,84.42,-2,2,79.3,0
216.4,84.82,-2,2,79.3,0
215.8,85.43,-2,2,79.3,0
214.95,86.27,-2,2,79.3,0
214.4,86.83,-2,2,79.3,0
213.79,87.44,-2,2,79.3,0
213.06,88.17,-2,2,79.3,0
212.7,88.53,-2,2,79.3,0
211.83,89.39,-2,2,79.3,0
211.42,89.81,-2,2,79.3,0
210.52,90.7,-2,2,79.3,0
209.91,91.31,-2,2,79.3,0
209.31,91.92,-2,2,79.3,0
208.95,92.28,-2,2,79.3,0
208.35,92.88,-2,2,79.3,0
207.73,93.5,-2,2,79.3,0
207.0,94.23,-2,2,79.3,0
206.39,94.83,-2,2,79.3,0
206.03,95.2,-2,2,79.3,0
205.42,95.81,-2,2,79.3,0
204.81,96.42,-2,2,79.3,0
204.33,96.9,-2,2,79.3,0
203.71,97.52,-2,2,79.3,0
202.97,98.25,-2,2,79.3,0
202.62,98.6,-2,2,79.3,0
201.82,99.41,-2,2,79.3,0
201.25,99.98,-2,2,79.3,0
200.82,100.41,-2,2,79.3,0
200.13,101.09,-2,2,79.3,0
199.34,101.89,-2,2,79.3,0
198.69,102.54,-2,2,79.3,0
198.07,103.16,-2,2,79.3,0
197.34,103.89,-2,2,79.3,0
196.74,104.49,-2,2,79.3,0
196.2,105.02,-2,2,79.3,0
195.46,105.76,-2,2,79.3,0
195.11,106.12,-2,2,79.3,0
194.56,106.66,-2,2,79.3,0
194.03,107.2,-2,2,79.3,0
193.31,107.92,-2,2,79.3,0
192.7,108.53,-2,2,79.3,0
192.32,108.9,-2,2,79.3,0
191.72,109.51,-2,2,79.3,0
191.22,110.01,-2,2,79.3,0
190.73,110.5,-2,2,79.3,0
190.1,111.13,-2,2,79.3,0
189.23,112.0,-2,2,79.3,0
188.58,112.65,-2,2,79.3,0
187.96,113.27,-2,2,79.3,0
187.55,113.68,-2,2,79.3,0
186.59,114.64,-2,2,79.3,0
185.95,115.28,-2,2,79.3,0
185.19,116.03,-2,2,79.3,0
184.51,116.72,-2,2,79.3,0
184.03,117.2,-2,2,79.3,0
183.31,117.92,-2,2,79.3,0
182.34,118.89,-2,2,79.3,0
181.94,119.28,-2,2,79.3,0
181.12,120.11,-2,2,79.3,0
180.77,120.46,-2,2,79.3,0
180.25,120.98,-2,2,79.3,0
179.76,121.46,-2,2,79.3,0
179.03,122.2,-2,2,79.3,0
178.67,122.56,-2,2,79.3,0
178.11,123.12,-2,2,79.3,0
177.6,123.63,-2,2,79.3,0
176.86,124.37,-2,2,79.3,0
176.22,125.01,-2,2,79.3,0
175.8,125.42,-2,2,79.3,0
175.16,126.06,-2,2,79.3,0
174.56,126.67,-2,2,79.3,0
173.66,127.57,-2,2,79.3,0
173.16,128.07,-2,2,79.3,0
172.46,128.77,-2,2,79.3,0
171.61,129.62,-2,2,79.3,0
171.08,130.14,-2,2,79.3,0
170.3,130.93,-2,2,79.3,0
169.65,131.58,-2,2,79.3,0
168.8,132.42,-2,2,79.3,0
168.44,132.79,-2,2,79.3,0
167.86,133.37,-2,2,79.3,0
166.95,134.28,-2,2,79.3,0
166.63,134.6,-2,2,79.3,0
165.72,135.51,-2,2,79.3,0
165.03,136.2,-2,2,79.3,0
164.43,136.8,-2,2,79.3,0
164.0,137.22,-2,2,79.3,0
163.16,138.07,-2,2,79.3,0
162.4,138.82,-2,2,79.3,0
161.62,139.6,-2,2,79.3,0
161.24,139.99,-2,2,79.3,0
160.38,140.84,-2,2,79.3,0
159.66,141.57,-2,2,79.3,0
158.89,142.34,-2,2,79.3,0
158.09,143.13,-2,2,79.3,0
157.43,143.8,-2,2,79.3,0
156.75,144.48,-2,2,79.3,0
156.37,144.85,-2,2,79.3,0
155.75,145.48,-2,2,79.3,0
154.83,146.39,-2,2,79.3,0
154.43,146.79,-2,2,79.3,0
153.7,147.53,-2,2,79.3,0
152.96,148.27,-2,2,79.3,0
152.36,148.87,-2,2,79.3,0
151.72,149.51,-2,2,79.3,0
150.96,150.27,-2,2,79.3,0
150.26,150.97,-2,2,79.3,0
149.58,151.65,-2,2,79.3,0
149.01,152.22,-2,2,79.3,0
148.41,152.82,-2,2,79.3,0
147.59,153.64,-2,2,79.3,0
146.86,154.36,-2,2,79.3,0
145.98,155.25,-2,2,79.3,0
145.22,156.01,-2,2,79.3,0
144.55,156.68,-2,2,79.3,0
143.97,157.25,-2,2,79.3,0
143.12,158.11,-2,2,79.3,0
142.46,158.77,-2,2,79.3,0
141.53,159.7,-2,2,79.3,0
141.0,160.23,-2,2,79.3,0
140.28,160.95,-2,2,79.3,0
139.64,161.58,-2,2,79.3,0
138.88,162.35,-2,2,79.3,0
138.16,163.07,-2,2,79.3,0
137.44,163.79,-2,2,79.3,0
136.77,164.46,-2,2,79.3,0
136.35,164.87,-2,2,79.3,0
135.73,165.5,-2,2,79.3,0
134.85,166.38,-2,2,79.3,0
134.35,166.87,-2,2,79.3,0
133.82,167.41,-2,2,79.3,0
133.16,168.07,-2,2,79.3,0
132.65,168.57,-2,2,79.3,0
131.88,169.34,-2,2,79.3,0
131.28,169.95,-2,2,79.3,0
130.55,170.68,-2,2,79.3,0
129.81,171.42,-2,2,79.3,0
129.41,171.81,-2,2,79.3,0
128.87,172.35,-2,2,79.3,0
128.05,173.17,-2,2,79.3,0
127.38,173.84,-2,2,79.3,0
127.06,174.16,-2,2,79.3,0
126.09,175.14,-2,2,79.3,0
125.6,175.63,-2,2,79.3,0
125.06,176.17,-2,2,79.3,0
124.21,177.02,-2,2,79.3,0
123.47,177.76,-2,2,79.3,0
122.73,178.5,-2,2,79.3,0
122.1,179.12,-2,2,79.3,0
121.37,179.86,-2,2,79.3,0
120.87,180.36,-2,2,79.3,0
120.14,181.09,-2,2,79.3,0
119.59,181.64,-2,2,79.3,0
118.81,182.42,-2,2,79.3,0
118.31,182.91,-2,2,79.3,0
117.82,183.41,-2,2,79.3,0
117.32,183.91,-2,2,79.3,0
116.82,184.4,-2,2,79.3,0
116.33,184.9,-2,2,79.3,0
115.84,185.39,-2,2,79.3,0
115.35,185.87,-2,2,79.3,0
114.63,186.6,-2,2,79.3,0
114.14,187.09,-2,2,79.3,0
113.4,187.83,-2,2,79.3,0
113.08,188.15,-2,2,79.3,0
112.58,188.65,-2,2,79.3,0
111.82,189.4,-2,2,79.3,0
111.13,190.1,-2,2,79.3,0
110.5,190.73,-2,2,79.3,0
110.01,191.21,-2,2,79.3,0
109.53,191.7,-2,2,79.3,0
108.77,192.45,-2,2,79.3,0
108.28,192.95,-2,2,79.3,0
107.49,193.74,-2,2,79.3,0
106.96,194.27,-2,2,79.3,0
106.24,194.99,-2,2,79.3,0
105.75,195.48,-2,2,79.3,0
105.02,196.21,-2,2,79.3,0
104.66,196.57,-2,2,79.3,0
104.03,197.2,-2,2,79.3,0
103.3,197.93,-2,2,79.3,0
102.56,198.67,-2,2,79.3,0
102.0,199.23,-2,2,79.3,0
101.67,199.55,-2,2,79.3,0
100.91,200.31,-2,2,79.3,0
100.42,200.81,-2,2,79.3,0
99.63,201.59,-2,2,79.3,0
99.14,202.09,-2,2,79.3,0
98.65,202.57,-2,2,79.3,0
97.88,203.35,-2,2,79.3,0
97.3,203.93,-2,2,79.3,0
96.98,204.25,-2,2,79.3,0
96.23,205.0,-2,2,79.3,0
95.56,205.67,-2,2,79.3,0
94.95,206.27,-2,2,79.3,0
94.47,206.76,-2,2,79.3,0
93.98,207.25,-2,2,79.3,0
93.23,207.99,-2,2,79.3,0
92.7,208.52,-2,2,79.3,0
91.96,209.27,-2,2,79.3,0
91.16,210.06,-2,2,79.3,0
90.19,211.04,-2,2,79.3,0
89.45,211.78,-2,2,79.3,0
88.97,212.26,-2,2,79.3,0
88.22,213.01,-2,2,79.3,0
87.61,213.62,-2,2,79.3,0
87.04,214.19,-2,2,79.3,0
86.26,214.97,-2,2,79.3,0
85.47,215.75,-2,2,79.3,0
84.91,216.31,-2,2,79.3,0
84.31,216.92,-2,2,79.3,0
83.76,217.47,-2,2,79.3,0
83.38,217.85,-2,2,79.3,0
82.78,218.45,-2,2,79.3,0
82.17,219.06,-2,2,79.3,0
81.68,219.54,-2,2,79.3,0
81.32,219.91,-2,2,79.3,0
80.71,220.52,-2,2,79.3,0
80.22,221.01,-2,2,79.3,0
79.52,221.71,-2,2,79.3,0
78.87,222.36,-2,2,79.3,0
78.49,222.74,-2,2,79.3,0
77.6,223.63,-2,2,79.3,0
77.19,224.04,-2,2,79.3,0
76.62,224.61,-2,2,79.3,0
76.03,225.2,-2,2,79.3,0
75.24,225.99,-2,2,79.3,0
74.81,226.41,-2,2,79.3,0
73.92,227.3,-2,2,79.3,0
73.44,227.79,-2,2,79.3,0
72.76,228.47,-2,2,79.3,0
72.31,228.92,-2,2,79.3,0
71.68,229.55,-2,2,79.3,0
70.83,230.4,-2,2,79.3,0
70.32,230.9,-2,2,79.3,0
69.59,231.64,-2,2,79.3,0
68.87,232.36,-2,2,79.3,0
68.14,233.08,-2,2,79.3,0
67.83,233.4,-2,2,79.3,0
67.31,233.92,-2,2,79.3,0
66.52,234.71,-2,2,79.3,0
66.03,235.19,-2,2,79.3,0
65.26,235.97,-2,2,79.3,0
64.76,236.46,-2,2,79.3,0
64.33,236.9,-2,2,79.3,0
63.84,237.39,-2,2,79.3,0
62.96,238.27,-2,2,79.3,0
62.62,238.6,-2,2,79.3,0
61.84,239.39,-2,2,79.3,0
61.48,239.75,-2,2,79.3,0
60.86,240.37,-2,2,79.3,0
59.95,241.28,-2,2,79.3,0
59.29,241.94,-2,2,79.3,0
58.56,242.67,-2,2,79.3,0
58.03,243.2,-2,2,79.3,0
57.38,243.84,-2,2,79.3,0
56.97,244.25,-2,2,79.3,0
56.24,244.98,-2,2,79.3,0
55.71,245.52,-2,2,79.3,0
55.21,246.02,-2,2,79.3,0
54.54,246.69,-2,2,79.3,0
53.92,247.31,-2,2,79.3,0
53.4,247.83,-2,2,79.3,0
52.91,248.31,-2,2,79.3,0
52.27,248.96,-2,2,79.3,0
51.79,249.44,-2,2,79.3,0
51.19,250.04,-2,2,79.3,0
50.5,250.73,-2,2,79.3,0
49.78,251.45,-2,2,79.3,0
49.42,251.81,-2,2,79.3,0
48.69,252.54,-2,2,79.3,0
48.26,252.97,-2,2,79.3,0
47.39,253.84,-2,2,79.3,0
46.75,254.47,-2,2,79.3,0
46.39,254.84,-2,2,79.3,0
45.64,255.59,-2,2,79.3,0
44.91,256.32,-2,2,79.3,0
44.4,256.82,-2,2,79.3,0
43.91,257.32,-2,2,79.3,0
43.29,257.94,-2,2,79.3,0
42.68,258.55,-2,2,79.3,0
42.19,259.04,-2,2,79.3,0
41.57,259.66,-2,2,79.3,0
41.2,260.02,-2,2,79.3,0
40.44,260.79,-2,2,79.3,0
39.69,261.54,-2,2,79.3,0
38.92,262.31,-2,2,79.3,0
38.29,262.94,-2,2,79.3,0
37.43,263.8,-2,2,79.3,0
36.59,264.64,-2,2,79.3,0
35.84,265.38,-2,2,79.3,0
35.24,265.99,-2,2,79.3,0
34.53,266.7,-2,2,79.3,0
34.02,267.21,-2,2,79.3,0
33.42,267.81,-2,2,79.3,0
32.85,268.38,-2,2,79.3,0
32.46,268.76,-2,2,79.3,0
31.68,269.55,-2,2,79.3,0
31.02,270.21,-2,2,79.3,0
30.31,270.91,-2,2,79.3,0
29.68,271.55,-2,2,79.3,0
29.25,271.98,-2,2,79.3,0
28.75,272.47,-2,2,79.3,0
28.19,273.04,-2,2,79.3,0
27.66,273.56,-2,2,79.3,0
27.03,274.2,-2,2,79.3,0
26.42,274.81,-2,2,79.3,0
25.81,275.42,-2,2,79.3,0
25.44,275.78,-2,2,79.3,0
24.96,276.26,-2,2,79.3,0
24.25,276.98,-2,2,79.3,0
23.84,277.39,-2,2,79.3,0
23.18,278.05,-2,2,79.3,0
22.49,278.74,-2,2,79.3,0
21.74,279.48,-2,2,79.3,0
21.05,280.18,-2,2,79.3,0
20.45,280.78,-2,2,79.3,0
19.81,281.42,-2,2,79.3,0
19.21,282.02,-2,2,79.3,0
18.85,282.38,-2,2,79.3,0
18.32,282.91,-2,2,79.3,0
17.71,283.51,-2,2,79.3,0
17.22,284.0,-2,2,79.3,0
16.61,284.62,-2,2,79.3,0
16.12,285.11,-2,2,79.3,0
15.36,285.87,-2,2,79.3,0
14.74,286.48,-2,2,79.3,0
14.24,286.99,-2,2,79.3,0
13.37,287.86,-2,2,79.3,0
12.95,288.28,-2,2,79.3,0
12.32,288.9,-2,2,79.3,0
11.47,289.75,-2,2,79.3,0
11.11,290.11,-2,2,79.3,0
10.33,289.21,-2,-2,79.3,0
9.84,288.73,-2,-2,79.3,0
9.26,288.15,-2,-2,79.3,0
8.71,287.6,-2,-2,79.3,0
8.07,286.96,-2,-2,79.3,0
7.72,286.61,-2,-2,79.3,0
7.1,285.98,-2,-2,79.3,0
6.59,285.48,-2,-2,79.3,0
6.11,284.99,-2,-2,79.3,0
5.65,284.54,-2,-2,79.3,0
5.2,284.09,-2,-2,79.3,0
4.71,283.59,-2,-2,79.3,0
4.18,283.07,-2,-2,79.3,0
3.67,282.56,-2,-2,79.3,0
3.2,282.09,-2,-2,79.3,0
2.63,281.52,-2,-2,79.3,0
1.93,280.81,-2,-2,79.3,0
1.32,280.21,-2,-2,79.3,0
1.0,279.88,-2,-2,79.3,0
0.27,279.16,-2,-2,79.3,0
-0.11,278.77,-2,-2,79.3,0
-0.85,278.04,-2,-2,79.3,0
-1.48,277.41,-2,-2,79.3,0
-1.9,276.98,-2,-2,79.3,0
-2.4,276.49,-2,-2,79.3,0
-3.01,275.88,-2,-2,79.3,0
-3.62,275.27,-2,-2,79.3,0
-4.09,274.8,-2,-2,79.3,0
-4.76,274.13,-2,-2,79.3,0
-5.19,273.7,-2,-2,79.3,0
-5.87,273.01,-2,-2,79.3,0
-6.61,272.28,-2,-2,79.3,0
-6.97,271.92,-2,-2,79.3,0
-7.58,271.31,-2,-2,79.3,0
-8.31,270.58,-2,-2,79.3,0
-9.0,269.89,-2,-2,79.3,0
-9.66,269.23,-2,-2,79.3,0
-10.31,268.58,-2,-2,79.3,0
-11.13,267.75,-2,-2,79.3,0
-11.75,267.14,-2,-2,79.3,0
-12.4,266.48,-2,-2,79.3,0
-13.15,265.73,-2,-2,79.3,0
-13.52,265.37,-2,-2,79.3,0
-14.25,264.63,-2,-2,79.3,0
-14.64,264.25,-2,-2,79.3,0
-15.1,263.78,-2,-2,79.3,0
-15.76,263.13,-2,-2,79.3,0
-16.25,262.64,-2,-2,79.3,0
-16.98,261.91,-2,-2,79.3,0
-17.38,261.51,-2,-2,79.3,0
-18.23,260.66,-2,-2,79.3,0
-18.64,260.25,-2,-2,79.3,0
-19.45,259.44,-2,-2,79.3,0
-19.81,259.07,-2,-2,79.3,0
-20.38,258.51,-2,-2,79.3,0
-21.1,257.78,-2,-2,79.3,0
-21.48,257.41,-2,-2,79.3,0
-21.95,256.94,-2,-2,79.3,0
-22.66,256.23,-2,-2,79.3,0
-23.03,255.86,-2,-2,79.3,0
-23.89,255.0,-2,-2,79.3,0
-24.28,254.61,-2,-2,79.3,0
-24.8,254.09,-2,-2,79.3,0
-25.37,253.51,-2,-2,79.3,0
-25.99,252.89,-2,-2,79.3,0
-26.49,252.4,-2,-2,79.3,0
-27.36,251.53,-2,-2,79.3,0
-27.78,251.11,-2,-2,79.3,0
-28.64,250.25,-2,-2,79.3,0
-29.13,249.76,-2,-2,79.3,0
-29.74,249.15,-2,-2,79.3,0
-30.1,248.79,-2,-2,79.3,0
-30.71,248.18,-2,-2,79.3,0
-31.42,247.46,-2,-2,79.3,0
-32.19,246.7,-2,-2,79.3,0
-32.76,246.13,-2,-2,79.3,0
-33.24,245.65,-2,-2,79.3,0
-33.91,244.97,-2,-2,79.3,0
-34.36,244.52,-2,-2,79.3,0
-35.32,243.57,-2,-2,79.3,0
-36.12,242.77,-2,-2,79.3,0
-36.9,241.99,-2,-2,79.3,0
-37.39,241.5,-2,-2,79.3,0
-38.2,240.68,-2,-2,79.3,0
-38.61,240.28,-2,-2,79.3,0
-39.28,239.6,-2,-2,79.3,0
-39.82,239.07,-2,-2,79.3,0
-40.31,238.57,-2,-2,79.3,0
-41.04,237.84,-2,-2,79.3,0
-41.69,237.2,-2,-2,79.3,0
-42.29,236.59,-2,-2,79.3,0
-42.88,236.01,-2,-2,79.3,0
-43.61,235.28,-2,-2,79.3,0
-44.21,234.67,-2,-2,79.3,0
-44.88,234.0,-2,-2,79.3,0
-45.27,233.62,-2,-2,79.3,0
-46.03,232.85,-2,-2,79.3,0
-46.51,232.38,-2,-2,79.3,0
-46.94,231.95,-2,-2,79.3,0
-47.5,231.39,-2,-2,79.3,0
-48.23,230.66,-2,-2,79.3,0
-48.98,229.91,-2,-2,79.3,0
-49.69,229.2,-2,-2,79.3,0
-50.43,228.46,-2,-2,79.3,0
-50.8,228.09,-2,-2,79.3,0
-51.47,227.41,-2,-2,79.3,0
-52.21,226.68,-2,-2,79.3,0
-52.88,226.01,-2,-2,79.3,0
-53.68,225.2,-2,-2,79.3,0
-54.42,224.47,-2,-2,79.3,0
-55.18,223.71,-2,-2,79.3,0
-55.67,223.22,-2,-2,79.3,0
-56.16,222.73,-2,-2,79.3,0
-56.97,221.92,-2,-2,79.3,0
-57.75,221.13,-2,-2,79.3,0
-58.56,220.32,-2,-2,79.3,0
-59.29,219.59,-2,-2,79.3,0
-59.59,219.3,-2,-2,79.3,0
-60.53,218.36,-2,-2,79.3,0
-61.48,217.41,-2,-2,79.3,0
-62.2,216.69,-2,-2,79.3,0
-62.74,216.14,-2,-2,79.3,0
-63.48,215.41,-2,-2,79.3,0
-64.05,214.84,-2,-2,79.3,0
-64.78,214.11,-2,-2,79.3,0
-65.26,213.62,-2,-2,79.3,0
-65.92,212.97,-2,-2,79.3,0
-66.52,212.37,-2,-2,79.3,0
-67.13,211.76,-2,-2,79.3,0
-67.47,211.41,-2,-2,79.3,0
-68.08,210.81,-2,-2,79.3,0
-68.71,210.17,-2,-2,79.3,0
-69.34,209.54,-2,-2,79.3,0
-69.7,209.19,-2,-2,79.3,0
-70.18,208.71,-2,-2,79.3,0
-71.03,207.86,-2,-2,79.3,0
-71.36,207.53,-2,-2,79.3,0
-72.07,206.81,-2,-2,79.3,0
-72.69,206.2,-2,-2,79.3,0
-73.41,205.48,-2,-2,79.3,0
-73.97,204.91,-2,-2,79.3,0
-74.36,204.53,-2,-2,79.3,0
-75.33,203.56,-2,-2,79.3,0
-76.13,202.76,-2,-2,79.3,0
-76.74,202.15,-2,-2,79.3,0
-77.43,201.46,-2,-2,79.3,0
-78.15,200.74,-2,-2,79.3,0
-78.75,200.14,-2,-2,79.3,0
-79.59,199.3,-2,-2,79.3,0
-79.93,198.95,-2,-2,79.3,0
-80.88,198.0,-2,-2,79.3,0
-81.49,197.4,-2,-2,79.3,0
-81.91,196.98,-2,-2,79.3,0
-82.76,196.13,-2,-2,79.3,0
-83.33,195.56,-2,-2,79.3,0
-84.09,194.79,-2,-2,79.3,0
-84.75,194.14,-2,-2,79.3,0
-85.43,193.46,-2,-2,79.3,0
-85.76,193.13,-2,-2,79.3,0
-86.49,192.4,-2,-2,79.3,0
-87.36,191.53,-2,-2,79.3,0
-87.85,191.04,-2,-2,79.3,0
-88.69,190.2,-2,-2,79.3,0
-89.3,189.59,-2,-2,79.3,0
-90.05,188.84,-2,-2,79.3,0
-90.53,188.35,-2,-2,79.3,0
-92.64,186.25,-2,-2,79.3,0
-93.12,185.77,-2,-2,79.3,0
-93.97,184.91,-2,-2,79.3,0
-94.46,184.43,-2,-2,79.3,0
-95.23,183.66,-2,-2,79.3,0
-95.55,183.34,-2,-2,79.3,0
-96.04,182.85,-2,-2,79.3,0
-97.03,181.86,-2,-2,79.3,0
-97.38,181.51,-2,-2,79.3,0
-97.97,180.92,-2,-2,79.3,0
-98.86,180.03,-2,-2,79.3,0
-99.58,179.31,-2,-2,79.3,0
-99.98,178.91,-2,-2,79.3,0
-100.9,177.99,-2,-2,79.3,0
-101.78,177.11,-2,-2,79.3,0
-102.45,176.43,-2,-2,79.3,0
-103.05,175.83,-2,-2,79.3,0
-103.54,175.35,-2,-2,79.3,0
-104.27,174.62,-2,-2,79.3,0
-104.66,174.23,-2,-2,79.3,0
-105.52,173.37,-2,-2,79.3,0
-105.92,172.97,-2,-2,79.3,0
-106.4,172.49,-2,-2,79.3,0
-106.89,172.0,-2,-2,79.3,0
-107.49,171.4,-2,-2,79.3,0
-107.84,171.05,-2,-2,79.3,0
-108.74,170.15,-2,-2,79.3,0
-109.53,169.36,-2,-2,79.3,0
-109.89,169.0,-2,-2,79.3,0
-110.51,168.38,-2,-2,79.3,0
-110.98,167.91,-2,-2,79.3,0
-111.81,167.08,-2,-2,79.3,0
-112.21,166.68,-2,-2,79.3,0
-113.18,165.71,-2,-2,79.3,0
-113.7,165.19,-2,-2,79.3,0
-114.45,164.44,-2,-2,79.3,0
-114.94,163.95,-2,-2,79.3,0
-115.91,162.98,-2,-2,79.3,0
-116.93,161.95,-2,-2,79.3,0
-117.77,161.11,-2,-2,79.3,0
-118.38,160.51,-2,-2,79.3,0
-119.1,159.79,-2,-2,79.3,0
-119.71,159.18,-2,-2,79.3,0
-120.57,158.32,-2,-2,79.3,0
-121.42,157.47,-2,-2,79.3,0
-121.91,156.98,-2,-2,79.3,0
-122.56,156.33,-2,-2,79.3,0
-123.19,155.7,-2,-2,79.3,0
-123.88,155.0,-2,-2,79.3,0
-124.78,154.1,-2,-2,79.3,0
-125.37,153.51,-2,-2,79.3,0
-125.73,153.15,-2,-2,79.3,0
-126.46,152.43,-2,-2,79.3,0
-126.94,151.94,-2,-2,79.3,0
-127.82,151.07,-2,-2,79.3,0
-128.43,150.46,-2,-2,79.3,0
-129.09,149.8,-2,-2,79.3,0
-129.69,149.19,-2,-2,79.3,0
-130.36,148.53,-2,-2,79.3,0
-130.98,147.91,-2,-2,79.3,0
-131.59,147.3,-2,-2,79.3,0
-132.2,146.69,-2,-2,79.3,0
-132.91,145.98,-2,-2,79.3,0
-133.58,145.31,-2,-2,79.3,0
-134.19,144.69,-2,-2,79.3,0
-134.55,144.33,-2,-2,79.3,0
-135.38,143.5,-2,-2,79.3,0
-136.07,142.82,-2,-2,79.3,0
-136.71,142.18,-2,-2,79.3,0
-137.07,141.82,-2,-2,79.3,0
-138.03,140.86,-2,-2,79.3,0
-138.6,140.29,-2,-2,79.3,0
-139.35,139.54,-2,-2,79.3,0
-140.09,138.8,-2,-2,79.3,0
-140.79,138.1,-2,-2,79.3,0
-141.35,137.54,-2,-2,79.3,0
-142.01,136.87,-2,-2,79.3,0
-142.38,136.51,-2,-2,79.3,0
-142.9,135.99,-2,-2,79.3,0
-143.52,135.37,-2,-2,79.3,0
-143.99,134.9,-2,-2,79.3,0
-144.46,134.43,-2,-2,79.3,0
-145.01,133.88,-2,-2,79.3,0
-145.49,133.4,-2,-2,79.3,0
-146.2,132.69,-2,-2,79.3,0
-146.78,132.11,-2,-2,79.3,0
-147.47,131.42,-2,-2,79.3,0
-147.8,131.08,-2,-2,79.3,0
-148.68,130.21,-2,-2,79.3,0
-149.17,129.72,-2,-2,79.3,0
-149.92,128.97,-2,-2,79.3,0
-150.62,128.27,-2,-2,79.3,0
-151.36,127.53,-2,-2,79.3,0
-151.93,126.96,-2,-2,79.3,0
-152.68,126.21,-2,-2,79.3,0
-153.39,125.49,-2,-2,79.3,0
-154.08,124.81,-2,-2,79.3,0
-154.81,124.08,-2,-2,79.3,0
-155.45,123.43,-2,-2,79.3,0
-156.03,122.85,-2,-2,79.3,0
-156.69,122.2,-2,-2,79.3,0
-157.19,121.69,-2,-2,79.3,0
-157.97,120.91,-2,-2,79.3,0
-158.33,120.55,-2,-2,79.3,0
-159.08,119.81,-2,-2,79.3,0
-159.82,119.06,-2,-2,79.3,0
-160.49,118.4,-2,-2,79.3,0
-160.89,117.99,-2,-2,79.3,0
-161.85,117.04,-2,-2,79.3,0
-162.58,116.3,-2,-2,79.3,0
-163.3,115.59,-2,-2,79.3,0
-163.71,115.18,-2,-2,79.3,0
-164.37,114.51,-2,-2,79.3,0
-164.73,114.15,-2,-2,79.3,0
-165.83,113.05,-2,-2,79.3,0
-166.22,112.66,-2,-2,79.3,0
-166.76,112.13,-2,-2,79.3,0
-167.69,111.19,-2,-2,79.3,0
-168.09,110.8,-2,-2,79.3,0
-168.97,109.92,-2,-2,79.3,0
-169.6,109.29,-2,-2,79.3,0
-170.38,108.51,-2,-2,79.3,0
-170.98,107.91,-2,-2,79.3,0
-171.8,107.09,-2,-2,79.3,0
-172.41,106.48,-2,-2,79.3,0
-173.14,105.75,-2,-2,79.3,0
-173.48,105.41,-2,-2,79.3,0
-174.31,104.58,-2,-2,79.3,0
-175.18,103.7,-2,-2,79.3,0
-175.8,103.09,-2,-2,79.3,0
-176.41,102.48,-2,-2,79.3,0
-177.07,101.82,-2,-2,79.3,0
-177.73,101.16,-2,-2,79.3,0
-178.33,100.56,-2,-2,79.3,0
-178.74,100.15,-2,-2,79.3,0
-179.37,99.52,-2,-2,79.3,0
-179.98,98.91,-2,-2,79.3,0
-180.6,98.29,-2,-2,79.3,0
-181.2,97.69,-2,-2,79.3,0
-181.67,97.22,-2,-2,79.3,0
-182.17,96.72,-2,-2,79.3,0
-182.63,96.26,-2,-2,79.3,0
-183.08,95.81,-2,-2,79.3,0
-183.61,95.28,-2,-2,79.3,0
-184.25,94.64,-2,-2,79.3,0
-184.61,94.28,-2,-2,79.3,0
-185.22,93.66,-2,-2,79.3,0
-186.14,92.75,-2,-2,79.3,0
-186.57,92.31,-2,-2,79.3,0
-187.12,91.77,-2,-2,79.3,0
-187.63,91.25,-2,-2,79.3,0
-188.17,90.72,-2,-2,79.3,0
-188.74,90.15,-2,-2,79.3,0
-189.4,89.48,-2,-2,79.3,0
-190.01,88.88,-2,-2,79.3,0
-190.64,88.25,-2,-2,79.3,0
-191.37,87.51,-2,-2,79.3,0
-191.8,87.09,-2,-2,79.3,0
-192.52,86.37,-2,-2,79.3,0
-193.37,85.52,-2,-2,79.3,0
-193.9,84.99,-2,-2,79.3,0
-194.62,84.26,-2,-2,79.3,0
-195.29,83.59,-2,-2,79.3,0
-195.94,82.94,-2,-2,79.3,0
-196.52,82.36,-2,-2,79.3,0
-197.12,81.77,-2,-2,79.3,0
-197.77,81.12,-2,-2,79.3,0
-198.45,80.43,-2,-2,79.3,0
-198.85,80.04,-2,-2,79.3,0
-199.41,79.47,-2,-2,79.3,0
-200.11,78.77,-2,-2,79.3,0
-200.75,78.14,-2,-2,79.3,0
-201.14,77.74,-2,-2,79.3,0
-201.77,77.11,-2,-2,79.3,0
-202.38,76.5,-2,-2,79.3,0
-202.82,76.07,-2,-2,79.3,0
-203.44,75.45,-2,-2,79.3,0
-204.05,74.84,-2,-2,79.3,0
-204.83,74.06,-2,-2,79.3,0
-205.24,73.65,-2,-2,79.3,0
-206.1,72.79,-2,-2,79.3,0
-206.43,72.46,-2,-2,79.3,0
-206.95,71.94,-2,-2,79.3,0
-207.68,71.21,-2,-2,79.3,0
-208.31,70.58,-2,-2,79.3,0
-208.91,69.97,-2,-2,79.3,0
-209.34,69.54,-2,-2,79.3,0
-210.09,68.8,-2,-2,79.3,0
-210.45,68.44,-2,-2,79.3,0
-211.17,67.72,-2,-2,79.3,0
-211.81,67.08,-2,-2,79.3,0
-212.41,66.47,-2,-2,79.3,0
-213.06,65.83,-2,-2,79.3,0
-213.44,65.45,-2,-2,79.3,0
-214.17,64.71,-2,-2,79.3,0
-214.54,64.35,-2,-2,79.3,0
-215.42,63.47,-2,-2,79.3,0
-216.07,62.82,-2,-2,79.3,0
-217.01,61.88,-2,-2,79.3,0
-217.75,61.14,-2,-2,79.3,0
-218.11,60.78,-2,-2,79.3,0
-218.85,60.04,-2,-2,79.3,0
-219.45,59.43,-2,-2,79.3,0
-220.06,58.83,-2,-2,79.3,0
-220.66,58.23,-2,-2,79.3,0
-221.03,57.86,-2,-2,79.3,0
-221.68,57.2,-2,-2,79.3,0
-222.16,56.72,-2,-2,79.3,0
-222.77,56.11,-2,-2,79.3,0
-223.19,55.7,-2,-2,79.3,0
-223.92,54.96,-2,-2,79.3,0
-224.72,54.16,-2,-2,79.3,0
-225.2,53.68,-2,-2,79.3,0
-226.2,52.69,-2,-2,79.3,0
-226.56,52.33,-2,-2,79.3,0
-227.05,51.84,-2,-2,79.3,0
-227.78,51.11,-2,-2,79.3,0
-228.18,50.71,-2,-2,79.3,0
-228.9,49.99,-2,-2,79.3,0
-229.52,49.37,-2,-2,79.3,0
-230.09,48.8,-2,-2,79.3,0
-230.57,48.31,-2,-2,79.3,0
-231.3,47.58,-2,-2,79.3,0
-231.61,47.27,-2,-2,79.3,0
-232.41,46.47,-2,-2,79.3,0
-233.21,45.67,-2,-2,79.3,0
-233.73,45.15,-2,-2,79.3,0
-234.29,44.6,-2,-2,79.3,0
-235.11,43.78,-2,-2,79.3,0
-235.42,43.47,-2,-2,79.3,0
-236.17,42.71,-2,-2,79.3,0
-236.92,41.97,-2,-2,79.3,0
-237.44,41.44,-2,-2,79.3,0
-237.93,40.95,-2,-2,79.3,0
-238.47,40.42,-2,-2,79.3,0
-239.28,39.61,-2,-2,79.3,0
-240.03,38.86,-2,-2,79.3,0
-241.02,37.87,-2,-2,79.3,0
-241.52,37.37,-2,-2,79.3,0
-242.13,36.75,-2,-2,79.3,0
-242.74,36.15,-2,-2,79.3,0
-243.29,35.59,-2,-2,79.3,0
-243.97,34.92,-2,-2,79.3,0
-244.63,34.26,-2,-2,79.3,0
-245.28,33.61,-2,-2,79.3,0
-245.78,33.11,-2,-2,79.3,0
-246.27,32.62,-2,-2,79.3,0
-246.76,32.13,-2,-2,79.3,0
-247.48,31.4,-2,-2,79.3,0
-247.97,30.92,-2,-2,79.3,0
-248.69,30.2,-2,-2,79.3,0
-249.49,29.4,-2,-2,79.3,0
-249.98,28.9,-2,-2,79.3,0
-250.72,28.17,-2,-2,79.3,0
-251.2,27.68,-2,-2,79.3,0
-251.93,26.96,-2,-2,79.3,0
-252.47,26.42,-2,-2,79.3,0
-253.21,25.68,-2,-2,79.3,0
-253.71,25.18,-2,-2,79.3,0
-254.2,24.69,-2,-2,79.3,0
-254.93,23.96,-2,-2,79.3,0
-255.41,23.47,-2,-2,79.3,0
-255.88,23.01,-2,-2,79.3,0
-256.32,22.57,-2,-2,79.3,0
-256.88,22.0,-2,-2,79.3,0
-257.49,21.4,-2,-2,79.3,0
-258.42,20.47,-2,-2,79.3,0
-259.26,19.63,-2,-2,79.3,0
-259.87,19.02,-2,-2,79.3,0
-260.71,18.18,-2,-2,79.3,0
-261.04,17.84,-2,-2,79.3,0
-261.74,17.15,-2,-2,79.3,0
-262.53,16.36,-2,-2,79.3,0
-263.41,15.48,-2,-2,79.3,0
-264.06,14.83,-2,-2,79.3,0
-264.63,14.26,-2,-2,79.3,0
-265.17,13.71,-2,-2,79.3,0
-265.9,12.99,-2,-2,79.3,0
-266.38,12.51,-2,-2,79.3,0
-267.14,11.74,-2,-2,79.3,0
-267.46,11.43,-2,-2,79.3,0
-268.22,10.67,-2,-2,79.3,0
-268.77,10.12,-2,-2,79.3,0
-269.54,9.35,-2,-2,79.3,0
-270.31,8.58,-2,-2,79.3,0
-270.8,8.09,-2,-2,79.3,0
-271.29,7.6,-2,-2,79.3,0
-271.78,7.11,-2,-2,79.3,0
-272.26,6.63,-2,-2,79.3,0
-272.99,5.89,-2,-2,79.3,0
-273.54,5.35,-2,-2,79.3,0
-274.3,4.59,-2,-2,79.3,0
-274.62,4.27,-2,-2,79.3,0
-275.45,3.43,-2,-2,79.3,0
-275.77,3.12,-2,-2,79.3,0
-276.66,2.23,-2,-2,79.3,0
-277.49,1.4,-2,-2,79.3,0
-277.97,0.91,-2,-2,79.3,0
-278.46,0.43,-2,-2,79.3,0
-278.94,-0.05,-2,-2,79.3,0
-279.51,-0.62,-2,-2,79.3,0
-280.03,-1.14,-2,-2,79.3,0
-281.11,-2.23,-2,-2,79.3,0
-281.63,-2.74,-2,-2,79.3,0
-282.23,-3.35,-2,-2,79.3,0
-282.84,-3.95,-2,-2,79.3,0
-283.32,-4.44,-2,-2,79.3,0
-284.11,-5.23,-2,-2,79.3,0
-284.74,-5.85,-2,-2,79.3,0
-285.14,-6.25,-2,-2,79.3,0
-285.93,-7.04,-2,-2,79.3,0
-286.26,-7.37,-2,-2,79.3,0
-286.84,-7.95,-2,-2,79.3,0
-287.86,-8.97,-2,-2,79.3,0
-288.27,-9.39,-2,-2,79.3,0
-289.13,-10.25,-2,-2,79.3,0
-289.49,-10.6,-2,-2,79.3,0
-290.23,-11.34,-2,-2,79.3,0
-290.83,-11.95,-2,-2,79.3,0
-291.49,-12.6,-2,-2,79.3,0
-292.25,-13.36,-2,-2,79.3,0
-292.81,-13.92,-2,-2,79.3,0
-293.74,-14.86,-2,-2,79.3,0
-294.55,-15.66,-2,-2,79.3,0
-295.5,-16.61,-2,-2,79.3,0
-296.34,-17.45,-2,-2,79.3,0
-297.34,-18.45,-2,-2,79.3,0
-297.9,-19.01,-2,-2,79.3,0
-298.29,-19.4,-2,-2,79.3,0
-299.17,-20.28,-2,-2,79.3,0
-299.84,-20.96,-2,-2,79.3,0
-300.27,-21.38,-2,-2,79.3,0
-301.04,-22.16,-2,-2,79.3,0
-301.37,-22.48,-2,-2,79.3,0
-301.96,-23.08,-2,-2,79.3,0
-302.43,-23.55,-2,-2,79.3,0
-302.96,-24.07,-2,-2,79.3,0
-303.5,-24.61,-2,-2,79.3,0
-304.35,-25.46,-2,-2,79.3,0
-305.12,-26.23,-2,-2,79.3,0
-305.46,-26.57,-2,-2,79.3,0
-306.48,-27.59,-2,-2,79.3,0
-306.94,-28.05,-2,-2,79.3,0
-307.51,-28.62,-2,-2,79.3,0
-308.12,-29.23,-2,-2,79.3,0
-309.01,-30.12,-2,-2,79.3,0
-309.35,-30.47,-2,-2,79.3,0
-310.1,-31.21,-2,-2,79.3,0
-310.49,-31.6,-2,-2,79.3,0
-311.19,-32.3,-2,-2,79.3,0
-311.58,-32.7,-2,-2,79.3,0
-312.07,-33.18,-2,-2,79.3,0
-312.7,-33.81,-2,-2,79.3,0
-313.6,-34.71,-2,-2,79.3,0
-314.21,-35.32,-2,-2,79.3,0
-314.85,-35.96,-2,-2,79.3,0
-315.66,-36.77,-2,-2,79.3,0
-316.26,-37.37,-2,-2,79.3,0
-316.78,-37.89,-2,-2,79.3,0
-317.38,-38.49,-2,-2,79.3,0
-318.13,-39.25,-2,-2,79.3,0
-318.75,-39.86,-2,-2,79.3,0
-319.32,-40.43,-2,-2,79.3,0
-319.85,-40.96,-2,-2,79.3,0
-320.28,-41.39,-2,-2,79.3,0
-321.06,-42.17,-2,-2,79.3,0
-321.48,-42.6,-2,-2,79.3,0
-322.28,-43.4,-2,-2,79.3,0
-322.78,-43.89,-2,-2,79.3,0
-323.35,-44.46,-2,-2,79.3,0
-323.84,-44.96,-2,-2,79.3,0
-324.79,-45.9,-2,-2,79.3,0
-325.15,-46.26,-2,-2,79.3,0
-325.96,-47.07,-2,-2,79.3,0
-326.91,-48.02,-2,-2,79.3,0
-327.38,-48.49,-2,-2,79.3,0
-328.0,-49.12,-2,-2,79.3,0
-328.68,-49.8,-2,-2,79.3,0
-329.28,-50.39,-2,-2,79.3,0
-329.67,-50.78,-2,-2,79.3,0
-330.52,-51.63,-2,-2,79.3,0
-329.6,-52.03,2,-2,79.3,0
-329.0,-52.63,2,-2,79.3,0
-328.43,-53.2,2,-2,79.3,0
-327.58,-54.04,2,-2,79.3,0
-327.02,-54.61,2,-2,79.3,0
-326.43,-55.2,2,-2,79.3,0
-326.04,-55.59,2,-2,79.3,0
-325.43,-56.2,2,-2,79.3,0
-325.07,-56.56,2,-2,79.3,0
-324.35,-57.28,2,-2,79.3,0
-323.63,-58.0,2,-2,79.3,0
-322.78,-58.84,2,-2,79.3,0
-321.94,-59.69,2,-2,79.3,0
-321.14,-60.49,2,-2,79.3,0
-320.47,-61.16,2,-2,79.3,0
-319.8,-61.83,2,-2,79.3,0
-318.92,-62.7,2,-2,79.3,0
-318.35,-63.28,2,-2,79.3,0
-317.4,-64.22,2,-2,79.3,0
-316.72,-64.91,2,-2,79.3,0
-315.77,-65.86,2,-2,79.3,0
-314.93,-66.7,2,-2,79.3,0
-314.15,-67.48,2,-2,79.3,0
-313.43,-68.2,2,-2,79.3,0
-312.7,-68.93,2,-2,79.3,0
-311.91,-69.71,2,-2,79.3,0
-311.02,-70.6,2,-2,79.3,0
-310.12,-71.51,2,-2,79.3,0
-309.52,-72.11,2,-2,79.3,0
-308.8,-72.83,2,-2,79.3,0
-308.16,-73.47,2,-2,79.3,0
-307.47,-74.16,2,-2,79.3,0
-306.78,-74.85,2,-2,79.3,0
-306.01,-75.62,2,-2,79.3,0
-305.48,-76.15,2,-2,79.3,0
-304.77,-76.85,2,-2,79.3,0
-304.41,-77.21,2,-2,79.3,0
-303.55,-78.08,2,-2,79.3,0
-303.03,-78.59,2,-2,79.3,0
-302.57,-79.06,2,-2,79.3,0
-301.58,-80.05,2,-2,79.3,0
-301.09,-80.53,2,-2,79.3,0
-300.19,-81.44,2,-2,79.3,0
-299.52,-82.11,2,-2,79.3,0
-298.82,-82.81,2,-2,79.3,0
-298.04,-83.59,2,-2,79.3,0
-297.17,-84.46,2,-2,79.3,0
-296.52,-85.11,2,-2,79.3,0
-295.79,-85.84,2,-2,79.3,0
-295.01,-86.62,2,-2,79.3,0
-294.31,-87.32,2,-2,79.3,0
-293.71,-87.92,2,-2,79.3,0
-293.35,-88.28,2,-2,79.3,0
-292.34,-89.29,2,-2,79.3,0
-291.62,-90.01,2,-2,79.3,0
-290.97,-90.66,2,-2,79.3,0
-290.35,-91.28,2,-2,79.3,0
-289.63,-92.0,2,-2,79.3,0
-289.0,-92.63,2,-2,79.3,0
-288.34,-93.29,2,-2,79.3,0
-287.61,-94.01,2,-2,79.3,0
-287.06,-94.57,2,-2,79.3,0
-286.34,-95.29,2,-2,79.3,0
-285.67,-95.96,2,-2,79.3,0
-285.11,-96.51,2,-2,79.3,0
-284.52,-97.1,2,-2,79.3,0
-283.9,-97.73,2,-2,79.3,0
-283.2,-98.42,2,-2,79.3,0
-282.48,-99.15,2,-2,79.3,0
-281.81,-99.81,2,-2,79.3,0
-281.18,-100.45,2,-2,79.3,0
-280.61,-101.02,2,-2,79.3,0
-279.89,-101.74,2,-2,79.3,0
-279.29,-102.34,2,-2,79.3,0
-278.41,-103.22,2,-2,79.3,0
-277.69,-103.94,2,-2,79.3,0
-277.03,-104.6,2,-2,79.3,0
-276.41,-105.22,2,-2,79.3,0
-275.59,-106.04,2,-2,79.3,0
-274.86,-106.77,2,-2,79.3,0
-274.02,-107.61,2,-2,79.3,0
-273.41,-108.22,2,-2,79.3,0
-272.69,-108.94,2,-2,79.3,0
-272.03,-109.6,2,-2,79.3,0
-271.4,-110.23,2,-2,79.3,0
-270.72,-110.91,2,-2,79.3,0
-269.7,-111.93,2,-2,79.3,0
-268.97,-112.66,2,-2,79.3,0
-267.94,-113.69,2,-2,79.3,0
-267.28,-114.35,2,-2,79.3,0
-266.67,-114.96,2,-2,79.3,0
-266.01,-115.62,2,-2,79.3,0
-265.22,-116.41,2,-2,79.3,0
-264.56,-117.07,2,-2,79.3,0
-263.95,-117.68,2,-2,79.3,0
-262.87,-118.76,2,-2,79.3,0
-262.42,-119.21,2,-2,79.3,0
-261.74,-119.88,2,-2,79.3,0
-261.35,-120.27,2,-2,79.3,0
-260.49,-121.14,2,-2,79.3,0
-259.67,-121.96,2,-2,79.3,0
-258.77,-122.85,2,-2,79.3,0
-258.29,-123.34,2,-2,79.3,0
-257.56,-124.07,2,-2,79.3,0
-256.87,-124.76,2,-2,79.3,0
-256.29,-125.34,2,-2,79.3,0
-255.49,-126.14,2,-2,79.3,0
-255.08,-126.55,2,-2,79.3,0
-254.46,-127.17,2,-2,79.3,0
-253.85,-127.78,2,-2,79.3,0
-253.24,-128.38,2,-2,79.3,0
-252.5,-129.12,2,-2,79.3,0
-251.86,-129.76,2,-2,79.3,0
-251.45,-130.18,2,-2,79.3,0
-250.9,-130.72,2,-2,79.3,0
-250.29,-131.34,2,-2,79.3,0
-249.74,-131.89,2,-2,79.3,0
-249.13,-132.5,2,-2,79.3,0
-248.61,-133.02,2,-2,79.3,0
-248.0,-133.63,2,-2,79.3,0
-247.11,-134.51,2,-2,79.3,0
-246.75,-134.88,2,-2,79.3,0
-246.02,-135.61,2,-2,79.3,0
-245.41,-136.21,2,-2,79.3,0
-244.93,-136.69,2,-2,79.3,0
-244.22,-137.41,2,-2,79.3,0
-243.53,-138.09,2,-2,79.3,0
-243.2,-138.42,2,-2,79.3,0
-242.69,-138.94,2,-2,79.3,0
-242.2,-139.42,2,-2,79.3,0
-240.51,-141.11,2,-2,79.3,0
-239.17,-142.46,2,-2,79.3,0
-238.43,-143.2,2,-2,79.3,0
-237.71,-143.92,2,-2,79.3,0
-237.22,-144.41,2,-2,79.3,0
-236.5,-145.13,2,-2,79.3,0
-235.77,-145.86,2,-2,79.3,0
-235.29,-146.34,2,-2,79.3,0
-234.56,-147.06,2,-2,79.3,0
-234.06,-147.57,2,-2,79.3,0
-233.23,-148.39,2,-2,79.3,0
-232.63,-149.0,2,-2,79.3,0
-232.2,-149.43,2,-2,79.3,0
-231.26,-150.37,2,-2,79.3,0
-230.86,-150.76,2,-2,79.3,0
-230.01,-151.62,2,-2,79.3,0
-229.56,-152.07,2,-2,79.3,0
-228.78,-152.85,2,-2,79.3,0
-228.38,-153.25,2,-2,79.3,0
-227.38,-154.25,2,-2,79.3,0
-226.79,-154.84,2,-2,79.3,0
-226.18,-155.44,2,-2,79.3,0
-225.51,-156.11,2,-2,79.3,0
-224.86,-156.76,2,-2,79.3,0
-224.12,-157.51,2,-2,79.3,0
-223.54,-158.09,2,-2,79.3,0
-222.7,-158.93,2,-2,79.3,0
-222.34,-159.29,2,-2,79.3,0
-221.33,-160.3,2,-2,79.3,0
-220.92,-160.71,2,-2,79.3,0
-220.2,-161.43,2,-2,79.3,0
-219.44,-162.19,2,-2,79.3,0
-219.05,-162.57,2,-2,79.3,0
-218.38,-163.25,2,-2,79.3,0
-217.41,-164.22,2,-2,79.3,0
-216.78,-164.85,2,-2,79.3,0
-216.16,-165.47,2,-2,79.3,0
-215.48,-166.15,2,-2,79.3,0
-214.9,-166.73,2,-2,79.3,0
-214.18,-167.45,2,-2,79.3,0
-213.69,-167.94,2,-2,79.3,0
-212.97,-168.66,2,-2,79.3,0
-212.36,-169.27,2,-2,79.3,0
-211.87,-169.76,2,-2,79.3,0
-211.38,-170.25,2,-2,79.3,0
-210.62,-171.01,2,-2,79.3,0
-210.12,-171.51,2,-2,79.3,0
-209.39,-172.24,2,-2,79.3,0
-209.06,-172.56,2,-2,79.3,0
-208.33,-173.3,2,-2,79.3,0
-207.72,-173.91,2,-2,79.3,0
-207.23,-174.39,2,-2,79.3,0
-206.51,-175.12,2,-2,79.3,0
-205.98,-175.65,2,-2,79.3,0
-205.37,-176.26,2,-2,79.3,0
-204.7,-176.93,2,-2,79.3,0
-204.03,-177.6,2,-2,79.3,0
-203.28,-178.35,2,-2,79.3,0
-202.8,-178.82,2,-2,79.3,0
-202.21,-179.42,2,-2,79.3,0
-201.34,-180.29,2,-2,79.3,0
-200.83,-180.8,2,-2,79.3,0
-199.98,-181.65,2,-2,79.3,0
-199.12,-182.51,2,-2,79.3,0
-198.31,-183.32,2,-2,79.3,0
-197.22,-184.41,2,-2,79.3,0
-196.62,-185.01,2,-2,79.3,0
-196.13,-185.49,2,-2,79.3,0
-195.16,-186.47,2,-2,79.3,0
-194.43,-187.19,2,-2,79.3,0
-193.86,-187.77,2,-2,79.3,0
-193.08,-188.54,2,-2,79.3,0
-192.59,-189.03,2,-2,79.3,0
-191.84,-189.79,2,-2,79.3,0
-191.07,-190.55,2,-2,79.3,0
-190.28,-191.35,2,-2,79.3,0
-189.6,-192.03,2,-2,79.3,0
-188.88,-192.75,2,-2,79.3,0
-188.24,-193.39,2,-2,79.3,0
-187.42,-194.21,2,-2,79.3,0
-186.72,-194.91,2,-2,79.3,0
-186.16,-195.47,2,-2,79.3,0
-185.84,-195.78,2,-2,79.3,0
-185.01,-196.62,2,-2,79.3,0
-184.43,-197.2,2,-2,79.3,0
-183.78,-197.85,2,-2,79.3,0
-183.22,-198.41,2,-2,79.3,0
-182.38,-199.25,2,-2,79.3,0
-181.65,-199.98,2,-2,79.3,0
-181.18,-200.45,2,-2,79.3,0
-180.22,-201.41,2,-2,79.3,0
-179.28,-202.35,2,-2,79.3,0
-178.54,-203.08,2,-2,79.3,0
-177.91,-203.72,2,-2,79.3,0
-177.18,-204.44,2,-2,79.3,0
-176.46,-205.16,2,-2,79.3,0
-175.7,-205.93,2,-2,79.3,0
-175.14,-206.49,2,-2,79.3,0
-174.35,-207.28,2,-2,79.3,0
-173.93,-207.69,2,-2,79.3,0
-173.3,-208.33,2,-2,79.3,0
-172.69,-208.94,2,-2,79.3,0
-171.83,-209.8,2,-2,79.3,0
-171.23,-210.4,2,-2,79.3,0
-170.89,-210.74,2,-2,79.3,0
-169.9,-211.73,2,-2,79.3,0
-169.29,-212.34,2,-2,79.3,0
-168.88,-212.74,2,-2,79.3,0
-168.4,-213.23,2,-2,79.3,0
-167.68,-213.95,2,-2,79.3,0
-167.17,-214.46,2,-2,79.3,0
-166.56,-215.06,2,-2,79.3,0
-165.5,-216.13,2,-2,79.3,0
-165.02,-216.61,2,-2,79.3,0
-164.27,-217.35,2,-2,79.3,0
-163.68,-217.95,2,-2,79.3,0
-162.7,-218.93,2,-2,79.3,0
-162.09,-219.54,2,-2,79.3,0
-161.59,-220.04,2,-2,79.3,0
-160.95,-220.68,2,-2,79.3,0
-160.09,-221.54,2,-2,79.3,0
-159.27,-222.36,2,-2,79.3,0
-158.78,-222.85,2,-2,79.3,0
-158.06,-223.57,2,-2,79.3,0
-157.57,-224.06,2,-2,79.3,0
-157.09,-224.54,2,-2,79.3,0
-156.6,-225.03,2,-2,79.3,0
-155.68,-225.95,2,-2,79.3,0
-155.03,-226.6,2,-2,79.3,0
-154.54,-227.08,2,-2,79.3,0
-153.94,-227.69,2,-2,79.3,0
-153.45,-228.18,2,-2,79.3,0
-152.87,-228.76,2,-2,79.3,0
-152.28,-229.35,2,-2,79.3,0
-151.32,-230.31,2,-2,79.3,0
-150.92,-230.71,2,-2,79.3,0
-150.25,-231.38,2,-2,79.3,0
-149.75,-231.87,2,-2,79.3,0
-149.25,-232.38,2,-2,79.3,0
-148.79,-232.84,2,-2,79.3,0
-147.78,-233.85,2,-2,79.3,0
-147.04,-234.58,2,-2,79.3,0
-146.39,-235.24,2,-2,79.3,0
-145.76,-235.87,2,-2,79.3,0
-145.33,-236.29,2,-2,79.3,0
-144.61,-237.02,2,-2,79.3,0
-143.81,-237.81,2,-2,79.3,0
-143.08,-238.55,2,-2,79.3,0
-142.4,-239.22,2,-2,79.3,0
-141.83,-239.79,2,-2,79.3,0
-141.51,-240.12,2,-2,79.3,0
-140.59,-241.04,2,-2,79.3,0
-139.82,-241.81,2,-2,79.3,0
-139.38,-242.24,2,-2,79.3,0
-138.63,-243.0,2,-2,79.3,0
-137.99,-243.64,2,-2,79.3,0
-137.13,-244.49,2,-2,79.3,0
-136.74,-244.89,2,-2,79.3,0
-135.82,-245.81,2,-2,79.3,0
-135.39,-246.23,2,-2,79.3,0
-134.66,-246.97,2,-2,79.3,0
-134.06,-247.57,2,-2,79.3,0
-133.66,-247.96,2,-2,79.3,0
-133.18,-248.45,2,-2,79.3,0
-132.48,-249.15,2,-2,79.3,0
-131.79,-249.84,2,-2,79.3,0
-131.46,-250.16,2,-2,79.3,0
-130.85,-250.78,2,-2,79.3,0
-130.33,-251.3,2,-2,79.3,0
-129.58,-252.04,2,-2,79.3,0
-129.22,-252.41,2,-2,79.3,0
-128.71,-252.92,2,-2,79.3,0
-127.82,-253.81,2,-2,79.3,0
-126.99,-254.63,2,-2,79.3,0
-126.37,-255.26,2,-2,79.3,0
-125.46,-256.17,2,-2,79.3,0
-124.87,-256.76,2,-2,79.3,0
-123.87,-257.76,2,-2,79.3,0
-123.23,-258.4,2,-2,79.3,0
-122.42,-259.21,2,-2,79.3,0
-121.72,-259.91,2,-2,79.3,0
-121.4,-260.23,2,-2,79.3,0
-120.72,-260.9,2,-2,79.3,0
-120.32,-261.31,2,-2,79.3,0
-119.48,-262.15,2,-2,79.3,0
-119.14,-262.49,2,-2,79.3,0
-118.54,-263.09,2,-2,79.3,0
-117.84,-263.79,2,-2,79.3,0
-117.31,-264.32,2,-2,79.3,0
-116.62,-265.01,2,-2,79.3,0
-116.03,-265.6,2,-2,79.3,0
-115.41,-266.22,2,-2,79.3,0
-114.72,-266.91,2,-2,79.3,0
-113.97,-267.66,2,-2,79.3,0
-113.34,-268.29,2,-2,79.3,0
-112.33,-269.3,2,-2,79.3,0
-111.75,-269.88,2,-2,79.3,0
-111.3,-270.33,2,-2,79.3,0
-110.5,-271.13,2,-2,79.3,0
-109.86,-271.76,2,-2,79.3,0
-109.44,-272.19,2,-2,79.3,0
-108.95,-272.68,2,-2,79.3,0
-108.05,-273.58,2,-2,79.3,0
-107.18,-274.45,2,-2,79.3,0
-106.57,-275.06,2,-2,79.3,0
-105.96,-275.66,2,-2,79.3,0
-105.22,-276.41,2,-2,79.3,0
-104.56,-277.07,2,-2,79.3,0
-103.84,-277.79,2,-2,79.3,0
-103.34,-278.29,2,-2,79.3,0
-102.52,-279.11,2,-2,79.3,0
-102.16,-279.47,2,-2,79.3,0
-101.29,-280.34,2,-2,79.3,0
-100.69,-280.94,2,-2,79.3,0
-100.32,-281.31,2,-2,79.3,0
-99.79,-281.84,2,-2,79.3,0
-99.18,-282.45,2,-2,79.3,0
-98.71,-282.92,2,-2,79.3,0
-98.0,-283.62,2,-2,79.3,0
-97.47,-284.16,2,-2,79.3,0
-97.06,-284.56,2,-2,79.3,0
-96.6,-285.03,2,-2,79.3,0
-95.85,-285.78,2,-2,79.3,0
-95.17,-286.46,2,-2,79.3,0
-94.31,-287.32,2,-2,79.3,0
-93.68,-287.94,2,-2,79.3,0
-93.01,-288.62,2,-2,79.3,0
-92.31,-289.32,2,-2,79.3,0
-91.72,-289.91,2,-2,79.3,0
-91.07,-290.56,2,-2,79.3,0
-90.53,-289.47,2,2,79.3,0
-89.56,-288.49,2,2,79.3,0
-88.88,-287.81,2,2,79.3,0
-88.21,-287.14,2,2,79.3,0
-87.62,-286.55,2,2,79.3,0
-86.88,-285.81,2,2,79.3,0
-86.29,-285.23,2,2,79.3,0
-85.67,-284.61,2,2,79.3,0
-85.27,-284.2,2,2,79.3,0
-84.55,-283.48,2,2,79.3,0
-83.82,-282.75,2,2,79.3,0
-83.23,-282.17,2,2,79.3,0
-82.57,-281.51,2,2,79.3,0
-81.95,-280.88,2,2,79.3,0
-81.59,-280.53,2,2,79.3,0
-80.77,-279.7,2,2,79.3,0
-80.34,-279.27,2,2,79.3,0
-79.49,-278.43,2,2,79.3,0
-78.85,-277.78,2,2,79.3,0
-78.1,-277.03,2,2,79.3,0
-77.69,-276.62,2,2,79.3,0
-77.09,-276.02,2,2,79.3,0
-76.4,-275.33,2,2,79.3,0
-75.96,-274.89,2,2,79.3,0
-75.03,-273.96,2,2,79.3,0
-74.67,-273.6,2,2,79.3,0
-74.06,-272.99,2,2,79.3,0
-73.39,-272.32,2,2,79.3,0
-72.99,-271.92,2,2,79.3,0
-72.28,-271.21,2,2,79.3,0
-71.89,-270.82,2,2,79.3,0
-70.9,-269.83,2,2,79.3,0
-70.54,-269.47,2,2,79.3,0
-69.73,-268.66,2,2,79.3,0
-68.97,-267.9,2,2,79.3,0
-68.35,-267.28,2,2,79.3,0
-67.72,-266.65,2,2,79.3,0
-67.23,-266.16,2,2,79.3,0
-66.49,-265.42,2,2,79.3,0
-65.75,-264.68,2,2,79.3,0
-65.36,-264.29,2,2,79.3,0
-64.7,-263.63,2,2,79.3,0
-64.09,-263.02,2,2,79.3,0
-63.55,-262.48,2,2,79.3,0
-62.94,-261.87,2,2,79.3,0
-62.18,-261.11,2,2,79.3,0
-61.83,-260.76,2,2,79.3,0
-61.37,-260.3,2,2,79.3,0
-60.92,-259.85,2,2,79.3,0
-60.44,-259.37,2,2,79.3,0
-59.6,-258.53,2,2,79.3,0
-58.98,-257.91,2,2,79.3,0
-58.32,-257.26,2,2,79.3,0
-57.65,-256.58,2,2,79.3,0
-57.16,-256.09,2,2,79.3,0
-56.78,-255.72,2,2,79.3,0
-55.88,-254.81,2,2,79.3,0
-55.29,-254.22,2,2,79.3,0
-54.72,-253.65,2,2,79.3,0
-54.0,-252.93,2,2,79.3,0
-53.39,-252.33,2,2,79.3,0
-53.04,-251.97,2,2,79.3,0
-52.2,-251.13,2,2,79.3,0
-51.55,-250.48,2,2,79.3,0
-51.22,-250.16,2,2,79.3,0
-50.28,-249.21,2,2,79.3,0
-49.43,-248.36,2,2,79.3,0
-49.1,-248.03,2,2,79.3,0
-48.49,-247.42,2,2,79.3,0
-47.47,-246.4,2,2,79.3,0
-46.81,-245.74,2,2,79.3,0
-46.2,-245.13,2,2,79.3,0
-45.56,-244.49,2,2,79.3,0
-44.96,-243.89,2,2,79.3,0
-44.6,-243.53,2,2,79.3,0
-43.84,-242.77,2,2,79.3,0
-43.17,-242.1,2,2,79.3,0
-42.66,-241.59,2,2,79.3,0
-42.13,-241.06,2,2,79.3,0
-41.56,-240.49,2,2,79.3,0
-40.94,-239.87,2,2,79.3,0
-40.33,-239.26,2,2,79.3,0
-39.5,-238.43,2,2,79.3,0
-38.6,-237.53,2,2,79.3,0
-38.19,-237.12,2,2,79.3,0
-37.66,-236.59,2,2,79.3,0
-36.96,-235.89,2,2,79.3,0
-36.59,-235.52,2,2,79.3,0
-35.8,-234.73,2,2,79.3,0
-35.23,-234.16,2,2,79.3,0
-34.38,-233.31,2,2,79.3,0
-33.68,-232.61,2,2,79.3,0
-33.27,-232.2,2,2,79.3,0
-32.75,-231.68,2,2,79.3,0
-31.83,-230.76,2,2,79.3,0
-31.5,-230.43,2,2,79.3,0
-30.41,-229.34,2,2,79.3,0
-29.84,-228.77,2,2,79.3,0
-29.36,-228.29,2,2,79.3,0
-28.66,-227.59,2,2,79.3,0
-27.84,-226.77,2,2,79.3,0
-27.27,-226.2,2,2,79.3,0
-26.59,-225.52,2,2,79.3,0
-26.17,-225.1,2,2,79.3,0
-25.55,-224.48,2,2,79.3,0
-24.81,-223.74,2,2,79.3,0
-24.42,-223.35,2,2,79.3,0
-23.96,-222.89,2,2,79.3,0
-23.43,-222.37,2,2,79.3,0
-22.95,-221.88,2,2,79.3,0
-22.21,-221.14,2,2,79.3,0
-21.72,-220.65,2,2,79.3,0
-21.16,-220.09,2,2,79.3,0
-20.41,-219.34,2,2,79.3,0
-19.71,-218.64,2,2,79.3,0
-18.9,-217.84,2,2,79.3,0
-18.41,-217.34,2,2,79.3,0
-17.92,-216.85,2,2,79.3,0
-16.84,-215.77,2,2,79.3,0
-16.51,-215.45,2,2,79.3,0
-15.46,-214.39,2,2,79.3,0
-14.62,-213.55,2,2,79.3,0
-13.89,-212.82,2,2,79.3,0
-13.07,-212.0,2,2,79.3,0
-12.33,-211.26,2,2,79.3,0
-11.52,-210.45,2,2,79.3,0
-10.68,-209.61,2,2,79.3,0
-9.95,-208.88,2,2,79.3,0
-9.2,-208.13,2,2,79.3,0
-8.49,-207.42,2,2,79.3,0
-7.85,-206.78,2,2,79.3,0
-7.18,-206.11,2,2,79.3,0
-6.68,-205.62,2,2,79.3,0
-5.96,-204.89,2,2,79.3,0
-5.24,-204.17,2,2,79.3,0
-4.63,-203.56,2,2,79.3,0
-3.78,-202.71,2,2,79.3,0
-2.98,-201.91,2,2,79.3,0
-2.49,-201.43,2,2,79.3,0
-1.77,-200.7,2,2,79.3,0
-1.28,-200.21,2,2,79.3,0
-0.54,-199.48,2,2,79.3,0
0.03,-198.9,2,2,79.3,0
0.52,-198.41,2,2,79.3,0
1.34,-197.59,2,2,79.3,0
1.84,-197.09,2,2,79.3,0
2.63,-196.3,2,2,79.3,0
3.13,-195.8,2,2,79.3,0
3.91,-195.02,2,2,79.3,0
4.64,-194.29,2,2,79.3,0
5.38,-193.56,2,2,79.3,0
5.86,-193.07,2,2,79.3,0
6.59,-192.34,2,2,79.3,0
7.17,-191.76,2,2,79.3,0
7.53,-191.4,2,2,79.3,0
8.41,-190.52,2,2,79.3,0
9.18,-189.75,2,2,79.3,0
9.76,-189.18,2,2,79.3,0
10.36,-188.58,2,2,79.3,0
10.72,-188.21,2,2,79.3,0
11.34,-187.59,2,2,79.3,0
12.07,-186.86,2,2,79.3,0
12.43,-186.5,2,2,79.3,0
13.16,-185.77,2,2,79.3,0
13.54,-185.39,2,2,79.3,0
14.01,-184.92,2,2,79.3,0
14.47,-184.46,2,2,79.3,0
15.33,-183.6,2,2,79.3,0
15.94,-182.99,2,2,79.3,0
16.52,-182.41,2,2,79.3,0
17.07,-181.87,2,2,79.3,0
17.55,-181.38,2,2,79.3,0
18.3,-180.63,2,2,79.3,0
18.81,-180.12,2,2,79.3,0
19.66,-179.27,2,2,79.3,0
20.5,-178.43,2,2,79.3,0
21.09,-177.84,2,2,79.3,0
21.57,-177.36,2,2,79.3,0
22.3,-176.63,2,2,79.3,0
22.98,-175.95,2,2,79.3,0
23.37,-175.56,2,2,79.3,0
24.23,-174.7,2,2,79.3,0
24.67,-174.26,2,2,79.3,0
25.56,-173.37,2,2,79.3,0
26.25,-172.68,2,2,79.3,0
26.87,-172.06,2,2,79.3,0
27.46,-171.47,2,2,79.3,0
28.18,-170.75,2,2,79.3,0
29.01,-169.92,2,2,79.3,0
29.54,-169.39,2,2,79.3,0
30.46,-168.47,2,2,79.3,0
31.02,-167.91,2,2,79.3,0
31.44,-167.5,2,2,79.3,0
32.49,-166.44,2,2,79.3,0
33.09,-165.84,2,2,79.3,0
33.64,-165.29,2,2,79.3,0
34.25,-164.68,2,2,79.3,0
35.33,-163.6,2,2,79.3,0
35.94,-162.99,2,2,79.3,0
36.59,-162.34,2,2,79.3,0
37.25,-161.68,2,2,79.3,0
37.74,-161.2,2,2,79.3,0
38.34,-160.59,2,2,79.3,0
38.94,-159.99,2,2,79.3,0
39.67,-159.26,2,2,79.3,0
40.06,-158.87,2,2,79.3,0
40.92,-158.02,2,2,79.3,0
41.64,-157.29,2,2,79.3,0
42.2,-156.73,2,2,79.3,0
42.98,-155.95,2,2,79.3,0
43.64,-155.29,2,2,79.3,0
44.54,-154.39,2,2,79.3,0
45.51,-153.42,2,2,79.3,0
46.34,-152.6,2,2,79.3,0
46.91,-152.02,2,2,79.3,0
47.52,-151.41,2,2,79.3,0
48.32,-150.61,2,2,79.3,0
48.89,-150.04,2,2,79.3,0
49.46,-149.47,2,2,79.3,0
49.94,-148.99,2,2,79.3,0
50.44,-148.49,2,2,79.3,0
51.17,-147.76,2,2,79.3,0
51.65,-147.28,2,2,79.3,0
52.29,-146.64,2,2,79.3,0
52.79,-146.14,2,2,79.3,0
53.44,-145.49,2,2,79.3,0
53.78,-145.15,2,2,79.3,0
54.24,-144.69,2,2,79.3,0
54.84,-144.09,2,2,79.3,0
55.2,-143.73,2,2,79.3,0
55.81,-143.12,2,2,79.3,0
56.15,-142.78,2,2,79.3,0
56.78,-142.15,2,2,79.3,0
57.41,-141.52,2,2,79.3,0
58.27,-140.67,2,2,79.3,0
59.1,-139.83,2,2,79.3,0
59.42,-139.51,2,2,79.3,0
60.41,-138.52,2,2,79.3,0
61.08,-137.85,2,2,79.3,0
61.68,-137.25,2,2,79.3,0
62.42,-136.51,2,2,79.3,0
63.08,-135.85,2,2,79.3,0
63.49,-135.44,2,2,79.3,0
64.22,-134.71,2,2,79.3,0
64.54,-134.39,2,2,79.3,0
65.65,-133.28,2,2,79.3,0
66.02,-132.91,2,2,79.3,0
66.98,-131.95,2,2,79.3,0
67.64,-131.29,2,2,79.3,0
68.51,-130.42,2,2,79.3,0
69.15,-129.78,2,2,79.3,0
69.71,-129.22,2,2,79.3,0
70.48,-128.45,2,2,79.3,0
71.04,-127.89,2,2,79.3,0
71.89,-127.04,2,2,81.06,1
72.21,-126.72,2,2,81.73,1
73.07,-125.86,2,2,83.53,1
73.68,-125.25,2,2,84.78,1
74.28,-124.65,2,2,86.04,1
74.86,-124.07,2,2,87.25,1
75.54,-123.39,2,2,88.66,1
76.12,-122.82,2,2,89.86,1
76.72,-122.21,2,2,91.12,1
77.68,-121.26,2,2,93.11,1
78.36,-120.57,2,2,94.53,1
78.67,-120.26,2,2,95.19,1
79.28,-119.65,2,2,96.46,1
80.31,-118.62,2,2,98.61,1
80.99,-117.94,2,2,100.02,1
81.56,-117.38,2,2,101.2,1
82.22,-116.72,2,2,102.57,1
82.79,-116.15,2,2,103.76,1
83.06,-115.87,2,2,104.34,1
84.13,-114.8,2,2,106.56,1
93.66,-105.28,2,2,126.4,1
94.42,-104.51,2,2,128.0,1
95.1,-103.83,2,2,129.41,1
95.76,-103.17,2,2,130.79,1
96.39,-102.54,2,2,132.11,1
97.05,-101.88,2,2,133.49,1
97.54,-101.39,2,2,134.49,1
98.17,-100.76,2,2,135.8,1
98.99,-99.94,2,2,137.52,1
99.35,-99.58,2,2,138.27,1
100.22,-98.71,2,2,140.08,1
100.59,-98.34,2,2,140.85,1
101.19,-97.74,2,2,142.1,1
102.04,-96.9,2,2,143.86,1
102.43,-96.5,2,2,144.69,1
103.11,-95.82,2,2,146.1,1
103.96,-94.98,2,2,147.86,1
104.32,-94.62,2,2,148.61,1
105.1,-93.83,2,2,150.26,1
105.69,-93.24,2,2,151.48,1
106.43,-92.5,2,2,153.01,1
107.16,-91.78,2,2,154.53,1
107.86,-91.07,2,2,155.99,1
108.57,-90.36,2,2,157.47,1
109.21,-89.72,2,2,158.82,1
109.83,-89.1,2,2,160.11,1
110.19,-88.74,2,2,160.84,1
110.79,-88.14,2,2,162.11,1
111.4,-87.53,2,2,163.38,1
111.9,-87.03,2,2,164.42,1
112.63,-86.3,2,2,165.94,1
113.01,-85.93,2,2,166.72,1
113.89,-85.04,2,2,168.55,1
114.25,-84.69,2,2,169.3,1
115.11,-83.83,2,2,169.3,0
115.84,-83.09,2,2,169.3,0
116.23,-82.7,2,2,169.3,0
116.96,-81.97,2,2,169.3,0
117.3,-81.64,2,2,169.3,0
117.96,-80.97,2,2,169.3,0
118.59,-80.34,2,2,169.3,0
119.13,-79.8,2,2,169.3,0
119.79,-79.15,2,2,169.3,0
120.42,-78.51,2,2,169.3,0
120.87,-78.06,2,2,169.3,0
121.59,-77.34,2,2,169.3,0
122.21,-76.72,2,2,169.3,0
122.81,-76.12,2,2,169.3,0
123.68,-75.26,2,2,169.3,0
124.38,-74.55,2,2,169.3,0
125.05,-73.88,2,2,169.3,0
125.52,-73.41,2,2,169.3,0
126.07,-72.86,2,2,169.3,0
126.86,-72.07,2,2,169.3,0
127.62,-71.31,2,2,169.3,0
128.31,-70.62,2,2,169.3,0
128.98,-69.96,2,2,169.3,0
129.32,-69.61,2,2,169.3,0
129.95,-68.98,2,2,169.3,0
130.59,-68.34,2,2,169.3,0
131.12,-67.82,2,2,169.3,0
131.6,-67.33,2,2,169.3,0
132.21,-66.72,2,2,169.3,0
132.91,-66.02,2,2,169.3,0
133.74,-65.19,2,2,169.3,0
134.11,-64.83,2,2,169.3,0
134.64,-64.3,2,2,169.3,0
135.21,-63.72,2,2,169.3,0
135.87,-63.06,2,2,169.3,0
136.66,-62.27,2,2,169.3,0
136.98,-61.95,2,2,169.3,0
137.89,-61.04,2,2,169.3,0
138.31,-60.62,2,2,169.3,0
138.93,-60.01,2,2,169.3,0
139.27,-59.66,2,2,169.3,0
140.18,-58.76,2,2,169.3,0
140.83,-58.1,2,2,169.3,0
141.47,-57.46,2,2,169.3,0
141.87,-57.06,2,2,169.3,0
142.59,-56.34,2,2,169.3,0
143.06,-55.87,2,2,169.3,0
143.92,-55.01,2,2,169.3,0
144.58,-54.35,2,2,169.3,0
144.98,-53.95,2,2,169.3,0
146.02,-52.92,2,2,169.3,0
146.5,-52.43,2,2,169.3,0
147.0,-51.93,2,2,169.3,0
147.74,-51.19,2,2,169.3,0
148.76,-50.17,2,2,169.3,0
149.25,-49.68,2,2,169.3,0
149.97,-48.96,2,2,169.3,0
150.48,-48.45,2,2,169.3,0
150.96,-47.97,2,2,169.3,0
151.47,-47.46,2,2,169.3,0
152.36,-46.57,2,2,169.3,0
153.01,-45.92,2,2,169.3,0
153.42,-45.52,2,2,169.3,0
153.91,-45.02,2,2,169.3,0
154.39,-44.54,2,2,169.3,0
155.27,-43.66,2,2,169.3,0
155.88,-43.05,2,2,169.3,0
156.59,-42.34,2,2,169.3,0
157.32,-41.61,2,2,169.3,0
157.82,-41.11,2,2,169.3,0
158.55,-40.38,2,2,169.3,0
159.13,-39.8,2,2,169.3,0
159.97,-38.96,2,2,169.3,0
160.58,-38.35,2,2,169.3,0
161.5,-37.43,2,2,169.3,0
162.12,-36.81,2,2,169.3,0
162.48,-36.45,2,2,169.3,0
163.04,-35.89,2,2,169.3,0
163.65,-35.28,2,2,169.3,0
164.52,-34.41,2,2,169.3,0
164.82,-34.11,2,2,169.3,0
165.5,-33.43,2,2,169.3,0
166.1,-32.83,2,2,169.3,0
166.84,-32.1,2,2,169.3,0
167.34,-31.59,2,2,169.3,0
168.1,-30.83,2,2,169.3,0
168.69,-30.24,2,2,169.3,0
169.23,-29.7,2,2,169.3,0
170.05,-28.88,2,2,169.3,0
170.42,-28.51,2,2,169.3,0
171.03,-27.91,2,2,169.3,0
171.63,-27.3,2,2,169.3,0
172.49,-26.44,2,2,169.3,0
173.22,-25.71,2,2,169.3,0
173.73,-25.2,2,2,169.3,0
174.21,-24.72,2,2,169.3,0
174.99,-23.94,2,2,169.3,0
175.47,-23.46,2,2,169.3,0
176.2,-22.73,2,2,169.3,0
176.93,-22.0,2,2,169.3,0
177.42,-21.51,2,2,169.3,0
177.95,-20.98,2,2,169.3,0
178.8,-20.13,2,2,169.3,0
179.53,-19.4,2,2,169.3,0
180.24,-18.69,2,2,169.3,0
180.74,-18.19,2,2,169.3,0
181.63,-17.3,2,2,169.3,0
182.29,-16.64,2,2,169.3,0
182.99,-15.94,2,2,169.3,0
183.38,-15.55,2,2,169.3,0
184.24,-14.69,2,2,169.3,0
184.9,-14.03,2,2,169.3,0
185.62,-13.31,2,2,169.3,0
186.04,-12.89,2,2,169.3,0
186.71,-12.22,2,2,169.3,0
187.32,-11.61,2,2,169.3,0
188.03,-10.9,2,2,169.3,0
188.64,-10.29,2,2,169.3,0
189.25,-9.68,2,2,169.3,0
189.75,-9.19,2,2,169.3,0
190.24,-8.7,2,2,169.3,0
191.05,-7.88,2,2,169.3,0
191.41,-7.52,2,2,169.3,0
192.15,-6.79,2,2,169.3,0
192.67,-6.26,2,2,169.3,0
193.17,-5.77,2,2,169.3,0
193.65,-5.28,2,2,169.3,0
194.4,-4.54,2,2,169.3,0
194.73,-4.2,2,2,169.3,0
195.49,-3.44,2,2,169.3,0
196.36,-2.57,2,2,169.3,0
196.96,-1.97,2,2,169.3,0
197.47,-1.46,2,2,169.3,0
198.2,-0.74,2,2,169.3,0
198.81,-0.12,2,2,169.3,0
199.24,0.31,2,2,169.3,0
200.06,1.13,2,2,169.3,0
200.74,1.81,2,2,169.3,0
201.27,2.34,2,2,169.3,0
201.66,2.73,2,2,169.3,0
202.25,3.32,2,2,169.3,0
202.72,3.79,2,2,169.3,0
203.35,4.42,2,2,169.3,0
204.12,5.19,2,2,169.3,0
204.78,5.85,2,2,169.3,0
205.33,6.4,2,2,169.3,0
205.82,6.89,2,2,169.3,0
206.56,7.63,2,2,169.3,0
207.04,8.11,2,2,169.3,0
207.83,8.9,2,2,169.3,0
208.42,9.48,2,2,169.3,0
209.17,10.24,2,2,169.3,0
209.65,10.72,2,2,169.3,0
210.38,11.45,2,2,169.3,0
211.12,12.19,2,2,169.3,0
211.62,12.69,2,2,169.3,0
212.34,13.41,2,2,169.3,0
212.93,14.0,2,2,169.3,0
213.67,14.74,2,2,169.3,0
214.4,15.47,2,2,169.3,0
215.02,16.09,2,2,169.3,0
215.71,16.78,2,2,169.3,0
216.44,17.51,2,2,169.3,0
217.17,18.24,2,2,169.3,0
217.77,18.84,2,2,169.3,0
218.17,19.24,2,2,169.3,0
218.94,20.01,2,2,169.3,0
219.42,20.49,2,2,169.3,0
220.17,21.23,2,2,169.3,0
220.63,21.7,2,2,169.3,0
221.25,22.31,2,2,169.3,0
222.16,23.23,2,2,169.3,0
222.85,23.91,2,2,169.3,0
223.49,24.56,2,2,169.3,0
224.15,25.21,2,2,169.3,0
224.81,25.88,2,2,169.3,0
225.41,26.48,2,2,169.3,0
226.02,27.09,2,2,169.3,0
226.62,27.69,2,2,169.3,0
226.97,28.04,2,2,169.3,0
227.42,28.49,2,2,169.3,0
228.17,29.24,2,2,169.3,0
228.84,29.91,2,2,169.3,0
229.48,30.54,2,2,169.3,0
229.84,30.91,2,2,169.3,0
230.46,31.53,2,2,169.3,0
231.08,32.15,2,2,169.3,0
231.68,32.75,2,2,169.3,0
232.3,33.37,2,2,169.3,0
232.91,33.98,2,2,169.3,0
233.64,34.71,2,2,169.3,0
234.27,35.33,2,2,169.3,0
234.74,35.81,2,2,169.3,0
235.37,36.44,2,2,169.3,0
236.14,37.21,2,2,169.3,0
236.5,37.57,2,2,169.3,0
237.37,38.44,2,2,169.3,0
237.85,38.92,2,2,169.3,0
238.35,39.42,2,2,169.3,0
238.85,39.92,2,2,169.3,0
239.36,40.43,2,2,169.3,0
239.87,40.94,2,2,169.3,0
240.86,41.93,2,2,169.3,0
241.46,42.53,2,2,169.3,0
241.81,42.88,2,2,169.3,0
242.44,43.51,2,2,169.3,0
243.18,44.25,2,2,169.3,0
244.16,45.23,2,2,169.3,0
244.58,45.65,2,2,169.3,0
245.43,46.5,2,2,169.3,0
246.05,47.11,2,2,169.3,0
246.51,47.58,2,2,169.3,0
247.0,48.07,2,2,169.3,0
247.63,48.7,2,2,169.3,0
248.01,49.07,2,2,169.3,0
248.7,49.77,2,2,169.3,0
249.44,50.51,2,2,169.3,0
250.08,51.15,2,2,169.3,0
250.51,51.58,2,2,169.3,0
251.29,52.36,2,2,169.3,0
251.64,52.7,2,2,169.3,0
252.23,53.3,2,2,169.3,0
252.95,54.02,2,2,169.3,0
253.44,54.51,2,2,169.3,0
254.06,55.13,2,2,169.3,0
254.46,55.53,2,2,169.3,0
255.19,56.26,2,2,169.3,0
255.71,56.77,2,2,169.3,0
256.42,57.49,2,2,169.3,0
256.83,57.9,2,2,169.3,0
257.68,58.75,2,2,169.3,0
258.09,59.16,2,2,169.3,0
258.7,59.77,2,2,169.3,0
259.44,60.5,2,2,169.3,0
260.16,61.23,2,2,169.3,0
260.76,61.83,2,2,169.3,0
261.25,62.32,2,2,169.3,0
261.73,62.8,2,2,169.3,0
262.24,63.31,2,2,169.3,0
262.69,63.76,2,2,169.3,0
263.14,64.2,2,2,169.3,0
263.75,64.82,2,2,169.3,0
264.11,65.18,2,2,169.3,0
264.6,65.67,2,2,169.3,0
265.04,66.11,2,2,169.3,0
265.77,66.84,2,2,169.3,0
266.52,67.59,2,2,169.3,0
267.2,68.27,2,2,169.3,0
267.6,68.67,2,2,169.3,0
268.32,69.39,2,2,169.3,0
268.95,70.02,2,2,169.3,0
269.7,70.76,2,2,169.3,0
270.41,71.48,2,2,169.3,0
270.75,71.81,2,2,169.3,0
271.35,72.42,2,2,169.3,0
272.11,73.17,2,2,169.3,0
272.82,73.88,2,2,169.3,0
273.23,74.29,2,2,169.3,0
273.71,74.78,2,2,169.3,0
274.26,75.32,2,2,169.3,0
274.73,75.8,2,2,169.3,0
275.36,76.43,2,2,169.3,0
276.21,77.28,2,2,169.3,0
276.83,77.9,2,2,169.3,0
277.54,78.61,2,2,169.3,0
278.11,79.18,2,2,169.3,0
278.83,79.9,2,2,169.3,0
279.44,80.51,2,2,169.3,0
279.86,80.93,2,2,169.3,0
280.45,81.52,2,2,169.3,0
281.11,82.18,2,2,169.3,0
281.73,82.8,2,2,169.3,0
282.17,83.24,2,2,169.3,0
282.92,83.99,2,2,169.3,0
283.32,84.39,2,2,169.3,0
284.18,85.25,2,2,169.3,0
284.83,85.9,2,2,169.3,0
285.23,86.3,2,2,169.3,0
285.84,86.91,2,2,169.3,0
286.41,87.48,2,2,169.3,0
286.88,87.95,2,2,169.3,0
287.35,88.42,2,2,169.3,0
287.96,89.03,2,2,169.3,0
288.77,89.84,2,2,169.3,0
289.1,90.17,2,2,169.3,0
289.59,90.66,2,2,169.3,0
290.34,91.41,2,2,169.3,0
290.73,91.8,2,2,169.3,0
291.33,92.4,2,2,169.3,0
292.09,93.15,2,2,169.3,0
292.57,93.64,2,2,169.3,0
293.4,94.47,2,2,169.3,0
293.76,94.83,2,2,169.3,0
294.62,95.69,2,2,169.3,0
295.21,96.28,2,2,169.3,0
295.81,96.88,2,2,169.3,0
296.53,97.6,2,2,169.3,0
297.2,98.27,2,2,169.3,0
297.77,98.84,2,2,169.3,0
298.5,99.57,2,2,169.3,0
298.86,99.93,2,2,169.3,0
299.48,100.55,2,2,169.3,0
300.15,101.22,2,2,169.3,0
300.51,101.58,2,2,169.3,0
301.12,102.19,2,2,169.3,0
301.88,102.95,2,2,169.3,0
302.27,103.34,2,2,169.3,0
302.73,103.8,2,2,169.3,0
303.59,104.65,2,2,169.3,0
304.23,105.3,2,2,169.3,0
304.8,105.87,2,2,169.3,0
305.46,106.53,2,2,169.3,0
305.83,106.9,2,2,169.3,0
306.43,107.5,2,2,169.3,0
306.9,107.97,2,2,169.3,0
307.5,108.56,2,2,169.3,0
308.13,109.2,2,2,169.3,0
309.1,110.17,2,2,169.3,0
309.76,110.83,2,2,169.3,0
310.37,111.44,2,2,169.3,0
310.69,111.76,2,2,169.3,0
311.29,112.36,2,2,169.3,0
312.21,113.28,2,2,169.3,0
312.87,113.94,2,2,169.3,0
313.52,114.58,2,2,169.3,0
314.16,115.23,2,2,169.3,0
314.82,115.89,2,2,169.3,0
315.42,116.48,2,2,169.3,0
315.96,117.03,2,2,169.3,0
316.83,117.9,2,2,169.3,0
317.19,118.26,2,2,169.3,0
317.97,119.04,2,2,167.66,2
318.57,119.63,2,2,166.43,2
319.18,120.25,2,2,165.15,2
320.18,121.25,2,2,163.07,2
320.78,121.85,2,2,161.81,2
321.14,122.21,2,2,161.06,2
321.86,122.93,2,2,159.56,2
322.6,123.67,2,2,158.03,2
323.03,124.1,2,2,157.13,2
323.88,124.95,2,2,155.36,2
324.51,125.58,2,2,154.04,2
324.83,125.89,2,2,153.39,2
325.5,126.56,2,2,151.99,2
326.02,127.09,2,2,150.91,2
326.64,127.71,2,2,149.61,2
327.04,128.11,2,2,148.77,2
327.89,128.96,2,2,147.0,2
328.46,129.53,2,2,145.82,2
328.82,129.89,2,2,145.06,2
329.8,130.87,2,2,143.03,2
330.21,131.28,2,2,142.18,2
329.26,132.01,-2,2,140.64,2
328.57,132.7,-2,2,139.21,2
327.89,133.39,-2,2,137.77,2
327.09,134.19,-2,2,136.11,2
326.45,134.83,-2,2,134.78,2
325.73,135.55,-2,2,133.28,2
325.37,135.9,-2,2,132.54,2
324.48,136.8,-2,2,130.68,2
324.12,137.16,-2,2,129.93,2
323.38,137.89,-2,2,128.39,2
322.77,138.51,-2,2,127.11,2
322.42,138.86,-2,2,126.38,2
321.96,139.31,-2,2,125.43,2
321.31,139.97,-2,2,124.07,2
320.82,140.46,-2,2,123.05,2
320.07,141.21,-2,2,121.49,2
319.66,141.62,-2,2,120.63,2
319.13,142.15,-2,2,119.53,2
318.44,142.84,-2,2,118.09,2
318.07,143.21,-2,2,117.32,2
317.46,143.81,-2,2,116.06,2
317.11,144.16,-2,2,115.33,2
316.26,145.02,-2,2,113.55,2
315.51,145.77,-2,2,111.99,2
314.84,146.43,-2,2,110.6,2
314.13,147.14,-2,2,109.12,2
313.44,147.84,-2,2,107.68,2
312.84,148.44,-2,2,106.42,2
312.07,149.2,-2,2,104.83,2
311.34,149.94,-2,2,103.3,2
310.5,150.78,-2,2,101.54,2
309.77,151.51,-2,2,100.03,2
309.41,151.87,-2,2,99.27,2
308.76,152.52,-2,2,97.92,2
307.93,153.35,-2,2,96.2,2
307.48,153.8,-2,2,95.25,2
306.58,154.7,-2,2,93.38,2
305.85,155.43,-2,2,91.87,2
305.37,155.91,-2,2,90.86,2
304.62,156.66,-2,2,89.3,2
303.79,157.48,-2,2,87.58,2
303.07,158.21,-2,2,86.07,2
302.52,158.76,-2,2,84.93,2
301.93,159.34,-2,2,83.7,2
301.43,159.85,-2,2,82.65,2
300.88,160.4,-2,2,81.5,2
300.12,161.16,-2,2,79.92,2
299.36,161.92,-2,2,78.34,2
298.75,162.53,-2,2,77.07,2
298.32,162.95,-2,2,76.18,2
297.71,163.57,-2,2,74.9,2
297.13,164.14,-2,2,73.7,2
296.29,164.99,-2,2,71.94,2
295.72,165.56,-2,2,70.76,2
295.31,165.97,-2,2,69.9,2
294.79,166.49,-2,2,68.82,2
294.11,167.17,-2,2,67.4,2
293.74,167.53,-2,2,66.64,2
293.12,168.16,-2,2,65.34,2
292.18,169.1,-2,2,63.38,2
291.41,169.87,-2,2,61.78,2
290.61,170.67,-2,2,60.11,2
289.92,171.35,-2,2,58.69,2
289.27,172.01,-2,2,57.32,2
288.66,172.61,-2,2,56.06,2
287.75,173.53,-2,2,54.15,2
287.07,174.2,-2,2,52.75,2
286.47,174.81,-2,2,51.49,2
285.87,175.41,-2,2,50.24,2
285.49,175.79,-2,2,49.44,2
284.87,176.4,-2,2,48.16,2
284.12,177.16,-2,2,46.59,2
283.52,177.76,-2,2,45.34,2
283.2,178.08,-2,2,44.68,2
282.72,178.56,-2,2,43.67,2
281.94,179.34,-2,2,42.05,2
281.46,179.82,-2,2,41.04,2
280.99,180.28,-2,2,40.08,2
280.16,181.12,-2,2,38.34,2
279.56,181.72,-2,2,37.09,2
279.06,182.21,-2,2,36.06,2
278.3,182.97,-2,2,34.48,2
277.89,183.39,-2,2,33.61,2
276.9,184.38,-2,2,31.55,2
276.15,185.13,-2,2,29.98,2
275.46,185.82,-2,2,28.55,2
274.8,186.47,-2,2,27.18,2
274.33,186.95,-2,2,26.2,2
273.73,187.55,-2,2,24.94,2
272.57,188.71,-2,2,24.94,0
271.92,189.36,-2,2,24.94,0
271.44,189.84,-2,2,24.94,0
270.83,190.44,-2,2,24.94,0
270.35,190.93,-2,2,24.94,0
269.56,191.72,-2,2,24.94,0
268.66,192.62,-2,2,24.94,0
268.04,193.24,-2,2,24.94,0
267.43,193.85,-2,2,24.94,0
266.83,194.45,-2,2,24.94,0
266.07,195.21,-2,2,24.94,0
265.19,196.09,-2,2,24.94,0
264.6,196.68,-2,2,24.94,0
263.92,197.36,-2,2,24.94,0
263.56,197.72,-2,2,24.94,0
262.72,198.56,-2,2,24.94,0
262.05,199.23,-2,2,24.94,0
261.48,199.8,-2,2,24.94,0
260.98,200.29,-2,2,24.94,0
259.97,201.31,-2,2,24.94,0
259.13,202.15,-2,2,24.94,0
258.52,202.75,-2,2,24.94,0
258.1,203.18,-2,2,24.94,0
257.33,203.95,-2,2,24.94,0
256.54,204.74,-2,2,24.94,0
255.89,205.39,-2,2,24.94,0
255.57,205.71,-2,2,24.94,0
254.95,206.33,-2,2,24.94,0
254.22,207.06,-2,2,24.94,0
253.22,208.05,-2,2,24.94,0
252.7,208.58,-2,2,24.94,0
252.02,209.25,-2,2,24.94,0
251.19,210.09,-2,2,24.94,0
250.45,210.83,-2,2,24.94,0
249.81,211.47,-2,2,24.94,0
248.86,212.42,-2,2,24.94,0
248.02,213.25,-2,2,24.94,0
247.16,214.11,-2,2,24.94,0
246.2,215.08,-2,2,24.94,0
245.71,215.56,-2,2,24.94,0
244.87,216.41,-2,2,24.94,0
244.39,216.89,-2,2,24.94,0
243.79,217.49,-2,2,24.94,0
243.31,217.97,-2,2,24.94,0
242.52,218.75,-2,2,24.94,0
241.98,219.3,-2,2,24.94,0
241.45,219.83,-2,2,24.94,0
241.08,220.19,-2,2,24.94,0
240.58,220.69,-2,2,24.94,0
239.74,221.54,-2,2,24.94,0
239.41,221.87,-2,2,24.94,0
238.32,222.95,-2,2,24.94,0
237.96,223.32,-2,2,24.94,0
237.15,224.12,-2,2,24.94,0
236.74,224.54,-2,2,24.94,0
235.83,225.44,-2,2,24.94,0
234.99,226.28,-2,2,24.94,0
234.49,226.78,-2,2,24.94,0
233.8,227.47,-2,2,24.94,0
233.3,227.98,-2,2,24.94,0
232.57,228.7,-2,2,24.94,0
231.91,229.37,-2,2,24.94,0
231.07,230.21,-2,2,24.94,0
230.22,231.05,-2,2,24.94,0
229.57,231.71,-2,2,24.94,0
228.97,232.31,-2,2,24.94,0
228.23,233.04,-2,2,24.94,0
227.42,233.85,-2,2,24.94,0
226.71,234.57,-2,2,24.94,0
226.05,235.23,-2,2,24.94,0
225.13,236.14,-2,2,24.94,0
224.52,236.76,-2,2,24.94,0
223.84,237.44,-2,2,24.94,0
223.28,238.0,-2,2,24.94,0
222.5,238.78,-2,2,24.94,0
221.72,239.56,-2,2,24.94,0
221.11,240.17,-2,2,24.94,0
220.75,240.53,-2,2,24.94,0
219.9,241.37,-2,2,24.94,0
219.28,242.0,-2,2,24.94,0
218.92,242.35,-2,2,24.94,0
217.97,243.31,-2,2,24.94,0
217.28,243.99,-2,2,24.94,0
216.64,244.64,-2,2,24.94,0
216.06,245.22,-2,2,24.94,0
215.57,245.71,-2,2,24.94,0
214.79,246.48,-2,2,24.94,0
214.38,246.89,-2,2,24.94,0
213.53,247.75,-2,2,24.94,0
213.16,248.12,-2,2,24.94,0
212.22,249.06,-2,2,24.94,0
211.62,249.65,-2,2,24.94,0
211.2,250.08,-2,2,24.94,0
210.39,250.89,-2,2,24.94,0
209.76,251.52,-2,2,24.94,0
209.13,252.15,-2,2,24.94,0
208.45,252.83,-2,2,24.94,0
207.81,253.47,-2,2,24.94,0
207.41,253.86,-2,2,24.94,0
206.65,254.63,-2,2,24.94,0
206.27,255.01,-2,2,24.94,0
205.78,255.5,-2,2,24.94,0
205.04,256.23,-2,2,24.94,0
204.61,256.66,-2,2,24.94,0
204.12,257.15,-2,2,24.94,0
203.51,257.76,-2,2,24.94,0
202.78,258.5,-2,2,24.94,0
202.4,258.87,-2,2,24.94,0
201.78,259.49,-2,2,24.94,0
201.17,260.11,-2,2,24.94,0
200.44,260.84,-2,2,24.94,0
199.83,261.45,-2,2,24.94,0
199.23,262.05,-2,2,24.94,0
198.62,262.66,-2,2,24.94,0
197.88,263.39,-2,2,24.94,0
197.3,263.98,-2,2,24.94,0
196.83,264.44,-2,2,24.94,0
196.19,265.09,-2,2,24.94,0
195.46,265.82,-2,2,24.94,0
194.7,266.58,-2,2,24.94,0
194.01,267.26,-2,2,24.94,0
193.37,267.91,-2,2,24.94,0
192.76,268.51,-2,2,24.94,0
192.12,269.15,-2,2,24.94,0
191.28,270.0,-2,2,24.94,0
190.43,270.85,-2,2,24.94,0
189.57,271.71,-2,2,24.94,0
188.69,272.58,-2,2,24.94,0
188.02,273.25,-2,2,24.94,0
187.04,274.24,-2,2,24.94,0
186.3,274.98,-2,2,24.94,0
185.7,275.58,-2,2,24.94,0
185.03,276.25,-2,2,24.94,0
184.07,277.21,-2,2,24.94,0
183.35,277.93,-2,2,24.94,0
182.68,278.6,-2,2,24.94,0
181.96,279.32,-2,2,24.94,0
181.33,279.95,-2,2,24.94,0
180.58,280.7,-2,2,24.94,0
179.8,281.48,-2,2,24.94,0
179.19,282.08,-2,2,24.94,0
178.35,282.92,-2,2,24.94,0
177.79,283.48,-2,2,24.94,0
177.06,284.22,-2,2,24.94,0
176.71,284.56,-2,2,24.94,0
175.86,285.42,-2,2,24.94,0
175.17,286.11,-2,2,24.94,0
174.8,286.47,-2,2,24.94,0
174.03,287.25,-2,2,24.94,0
173.45,287.82,-2,2,24.94,0
173.08,288.19,-2,2,24.94,0
172.08,289.2,-2,2,24.94,0
171.35,289.92,-2,2,24.94,0
170.68,290.6,-2,2,24.94,0
170.05,289.37,-2,-2,24.94,0
169.31,288.63,-2,-2,24.94,0
168.83,288.15,-2,-2,24.94,0
168.1,287.42,-2,-2,24.94,0
167.13,286.45,-2,-2,24.94,0
166.65,285.97,-2,-2,24.94,0
165.93,285.26,-2,-2,24.94,0
165.5,284.83,-2,-2,24.94,0
164.88,284.2,-2,-2,24.94,0
164.01,283.34,-2,-2,24.94,0
163.44,282.76,-2,-2,24.94,0
163.01,282.33,-2,-2,24.94,0
162.53,281.85,-2,-2,24.94,0
162.07,281.39,-2,-2,24.94,0
161.48,280.81,-2,-2,24.94,0
161.14,280.47,-2,-2,24.94,0
160.64,279.96,-2,-2,24.94,0
159.92,279.24,-2,-2,24.94,0
159.5,278.82,-2,-2,24.94,0
159.02,278.34,-2,-2,24.94,0
158.42,277.74,-2,-2,24.94,0
157.81,277.14,-2,-2,24.94,0
157.46,276.78,-2,-2,24.94,0
156.99,276.32,-2,-2,24.94,0
156.27,275.6,-2,-2,24.94,0
155.36,274.68,-2,-2,24.94,0
154.4,273.72,-2,-2,24.94,0
153.62,272.94,-2,-2,24.94,0
152.89,272.21,-2,-2,24.94,0
152.33,271.65,-2,-2,24.94,0
151.62,270.95,-2,-2,24.94,0
151.0,270.32,-2,-2,24.94,0
150.52,269.84,-2,-2,24.94,0
149.92,269.24,-2,-2,24.94,0
149.53,268.85,-2,-2,24.94,0
149.05,268.37,-2,-2,24.94,0
148.4,267.73,-2,-2,24.94,0
147.92,267.24,-2,-2,24.94,0
147.41,266.73,-2,-2,24.94,0
146.7,266.02,-2,-2,24.94,0
146.3,265.62,-2,-2,24.94,0
145.56,264.88,-2,-2,24.94,0
144.86,264.18,-2,-2,24.94,0
144.17,263.49,-2,-2,24.94,0
143.45,262.77,-2,-2,24.94,0
142.79,262.12,-2,-2,24.94,0
142.46,261.78,-2,-2,24.94,0
141.72,261.04,-2,-2,24.94,0
141.36,260.68,-2,-2,24.94,0
140.65,259.97,-2,-2,24.94,0
140.05,259.37,-2,-2,24.94,0
139.54,258.86,-2,-2,24.94,0
138.96,258.28,-2,-2,24.94,0
138.48,257.8,-2,-2,24.94,0
137.82,257.14,-2,-2,24.94,0
137.42,256.74,-2,-2,24.94,0
136.81,256.13,-2,-2,24.94,0
136.21,255.53,-2,-2,24.94,0
135.59,254.92,-2,-2,24.94,0
134.98,254.3,-2,-2,24.94,0
134.33,253.65,-2,-2,24.94,0
133.44,252.76,-2,-2,24.94,0
133.03,252.35,-2,-2,24.94,0
132.49,251.81,-2,-2,24.94,0
131.37,250.69,-2,-2,24.94,0
130.45,249.77,-2,-2,24.94,0
129.81,249.13,-2,-2,24.94,0
129.33,248.66,-2,-2,24.94,0
128.88,248.21,-2,-2,24.94,0
128.16,247.48,-2,-2,24.94,0
127.49,246.81,-2,-2,24.94,0
127.1,246.42,-2,-2,24.94,0
126.47,245.79,-2,-2,24.94,0
125.83,245.15,-2,-2,24.94,0
125.47,244.79,-2,-2,24.94,0
124.98,244.3,-2,-2,24.94,0
124.27,243.59,-2,-2,24.94,0
123.64,242.97,-2,-2,24.94,0
123.16,242.48,-2,-2,24.94,0
122.23,241.55,-2,-2,24.94,0
121.82,241.15,-2,-2,24.94,0
120.96,240.29,-2,-2,24.94,0
120.6,239.93,-2,-2,24.94,0
119.74,239.06,-2,-2,24.94,0
119.13,238.46,-2,-2,24.94,0
118.4,237.73,-2,-2,24.94,0
117.67,237.0,-2,-2,24.94,0
117.13,236.45,-2,-2,24.94,0
116.79,236.11,-2,-2,24.94,0
116.03,235.35,-2,-2,24.94,0
115.3,234.62,-2,-2,24.94,0
114.77,234.09,-2,-2,24.94,0
114.05,233.37,-2,-2,24.94,0
113.46,232.79,-2,-2,24.94,0
112.86,232.18,-2,-2,24.94,0
112.11,231.43,-2,-2,24.94,0
111.28,230.6,-2,-2,24.94,0
110.48,229.81,-2,-2,24.94,0
110.12,229.45,-2,-2,24.94,0
109.25,228.58,-2,-2,24.94,0
108.61,227.94,-2,-2,24.94,0
108.0,227.32,-2,-2,24.94,0
107.39,226.71,-2,-2,24.94,0
106.84,226.16,-2,-2,24.94,0
106.09,225.42,-2,-2,24.94,0
105.36,224.69,-2,-2,24.94,0
105.06,224.39,-2,-2,24.94,0
104.3,223.62,-2,-2,24.94,0
103.76,223.08,-2,-2,24.94,0
103.26,222.58,-2,-2,24.94,0
102.77,222.1,-2,-2,24.94,0
102.0,221.33,-2,-2,24.94,0
101.27,220.59,-2,-2,24.94,0
100.65,219.97,-2,-2,24.94,0
100.05,219.37,-2,-2,24.94,0
99.24,218.56,-2,-2,24.94,0
98.92,218.24,-2,-2,24.94,0
98.4,217.72,-2,-2,24.94,0
97.86,217.18,-2,-2,24.94,0
97.11,216.43,-2,-2,24.94,0
96.32,215.64,-2,-2,24.94,0
95.63,214.95,-2,-2,24.94,0
95.02,214.35,-2,-2,24.94,0
94.53,213.85,-2,-2,24.94,0
94.04,213.36,-2,-2,24.94,0
93.48,212.8,-2,-2,24.94,0
92.75,212.07,-2,-2,24.94,0
92.12,211.44,-2,-2,24.94,0
91.71,211.03,-2,-2,24.94,0
90.81,210.13,-2,-2,24.94,0
90.31,209.63,-2,-2,24.94,0
89.82,209.14,-2,-2,24.94,0
89.18,208.5,-2,-2,24.94,0
88.69,208.01,-2,-2,24.94,0
88.19,207.52,-2,-2,24.94,0
87.71,207.03,-2,-2,24.94,0
87.17,206.5,-2,-2,24.94,0
86.69,206.02,-2,-2,24.94,0
85.97,205.29,-2,-2,24.94,0
85.47,204.79,-2,-2,24.94,0
84.98,204.31,-2,-2,24.94,0
84.49,203.81,-2,-2,24.94,0
84.01,203.33,-2,-2,24.94,0
83.28,202.61,-2,-2,24.94,0
82.77,202.09,-2,-2,24.94,0
82.29,201.61,-2,-2,24.94,0
81.8,201.13,-2,-2,24.94,0
81.2,200.52,-2,-2,24.94,0
80.6,199.92,-2,-2,24.94,0
79.73,199.05,-2,-2,24.94,0
79.34,198.66,-2,-2,24.94,0
78.76,198.09,-2,-2,24.94,0
77.96,197.28,-2,-2,24.94,0
77.55,196.87,-2,-2,24.94,0
76.92,196.25,-2,-2,24.94,0
76.12,195.45,-2,-2,24.94,0
75.52,194.84,-2,-2,24.94,0
75.03,194.35,-2,-2,24.94,0
74.3,193.62,-2,-2,24.94,0
73.78,193.1,-2,-2,24.94,0
73.3,192.62,-2,-2,24.94,0
72.78,192.1,-2,-2,24.94,0
72.02,191.34,-2,-2,24.94,0
71.54,190.86,-2,-2,24.94,0
70.81,190.14,-2,-2,24.94,0
70.32,189.64,-2,-2,24.94,0
69.58,188.91,-2,-2,24.94,0
68.93,188.25,-2,-2,24.94,0
68.29,187.62,-2,-2,24.94,0
67.76,187.08,-2,-2,24.94,0
67.01,186.33,-2,-2,24.94,0
66.27,185.6,-2,-2,24.94,0
65.78,185.11,-2,-2,24.94,0
65.29,184.62,-2,-2,24.94,0
64.51,183.84,-2,-2,24.94,0
64.02,183.34,-2,-2,24.94,0
63.24,182.56,-2,-2,24.94,0
62.26,181.58,-2,-2,24.94,0
61.77,181.09,-2,-2,24.94,0
61.01,180.34,-2,-2,24.94,0
60.65,179.98,-2,-2,24.94,0
59.79,179.11,-2,-2,24.94,0
59.12,178.45,-2,-2,24.94,0
58.64,177.96,-2,-2,24.94,0
57.66,176.98,-2,-2,24.94,0
56.91,176.24,-2,-2,24.94,0
56.25,175.58,-2,-2,24.94,0
55.53,174.85,-2,-2,24.94,0
54.85,174.18,-2,-2,24.94,0
54.1,173.42,-2,-2,24.94,0
53.58,172.9,-2,-2,24.94,0
52.85,172.17,-2,-2,24.94,0
52.29,171.61,-2,-2,24.94,0
51.75,171.07,-2,-2,24.94,0
50.92,170.24,-2,-2,24.94,0
50.42,169.74,-2,-2,24.94,0
49.93,169.26,-2,-2,24.94,0
49.45,168.77,-2,-2,24.94,0
48.69,168.01,-2,-2,24.94,0
48.09,167.41,-2,-2,24.94,0
47.54,166.86,-2,-2,24.94,0
46.85,166.17,-2,-2,24.94,0
46.23,165.56,-2,-2,24.94,0
45.74,165.07,-2,-2,24.94,0
45.38,164.7,-2,-2,24.94,0
44.67,163.99,-2,-2,24.94,0
44.07,163.39,-2,-2,24.94,0
43.36,162.68,-2,-2,24.94,0
43.0,162.32,-2,-2,24.94,0
42.1,161.42,-2,-2,24.94,0
41.68,161.01,-2,-2,24.94,0
40.95,160.27,-2,-2,24.94,0
39.94,159.26,-2,-2,24.94,0
39.35,158.67,-2,-2,24.94,0
39.02,158.34,-2,-2,24.94,0
38.07,157.39,-2,-2,24.94,0
37.71,157.03,-2,-2,24.94,0
37.06,156.38,-2,-2,24.94,0
36.61,155.93,-2,-2,24.94,0
35.94,155.26,-2,-2,24.94,0
35.34,154.66,-2,-2,24.94,0
34.4,153.73,-2,-2,24.94,0
33.78,153.1,-2,-2,24.94,0
33.47,152.79,-2,-2,24.94,0
32.74,152.06,-2,-2,24.94,0
32.26,151.58,-2,-2,24.94,0
31.35,150.67,-2,-2,24.94,0
30.99,150.31,-2,-2,24.94,0
29.96,149.28,-2,-2,24.94,0
29.62,148.94,-2,-2,24.94,0
29.13,148.45,-2,-2,24.94,0
28.35,147.67,-2,-2,24.94,0
27.75,147.07,-2,-2,24.94,0
27.32,146.64,-2,-2,24.94,0
26.45,145.77,-2,-2,24.94,0
25.64,144.96,-2,-2,24.94,0
24.85,144.17,-2,-2,24.94,0
24.29,143.61,-2,-2,24.94,0
23.36,142.68,-2,-2,24.94,0
22.5,141.82,-2,-2,24.94,0
21.89,141.21,-2,-2,24.94,0
21.31,140.64,-2,-2,24.94,0
20.97,140.29,-2,-2,24.94,0
20.24,139.56,-2,-2,24.94,0
19.46,138.79,-2,-2,24.94,0
18.72,138.05,-2,-2,24.94,0
17.87,137.2,-2,-2,24.94,0
17.23,136.55,-2,-2,24.94,0
16.31,135.64,-2,-2,24.94,0
15.54,134.86,-2,-2,24.94,0
14.86,134.19,-2,-2,24.94,0
14.04,133.36,-2,-2,24.94,0
13.39,132.71,-2,-2,24.94,0
13.02,132.35,-2,-2,24.94,0
12.55,131.87,-2,-2,24.94,0
11.8,131.12,-2,-2,24.94,0
11.11,130.43,-2,-2,24.94,0
10.62,129.94,-2,-2,24.94,0
10.14,129.46,-2,-2,24.94,0
9.44,128.76,-2,-2,24.94,0
9.04,128.36,-2,-2,24.94,0
8.42,127.75,-2,-2,24.94,0
8.06,127.38,-2,-2,24.94,0
7.33,126.65,-2,-2,24.94,0
6.57,125.89,-2,-2,24.94,0
5.91,125.24,-2,-2,24.94,0
5.55,124.88,-2,-2,24.94,0
4.91,124.23,-2,-2,24.94,0
4.3,123.62,-2,-2,24.94,0
3.62,122.94,-2,-2,24.94,0
3.1,122.42,-2,-2,24.94,0
2.48,121.8,-2,-2,24.94,0
1.9,121.22,-2,-2,24.94,0
1.4,120.72,-2,-2,24.94,0
0.62,119.94,-2,-2,24.94,0
-0.01,119.31,-2,-2,24.94,0
-0.76,118.57,-2,-2,24.94,0
-1.25,118.07,-2,-2,24.94,0
-1.86,117.46,-2,-2,24.94,0
-2.34,116.98,-2,-2,24.94,0
-2.85,116.48,-2,-2,24.94,0
-3.6,115.72,-2,-2,24.94,0
-3.93,115.39,-2,-2,24.94,0
-4.78,114.55,-2,-2,24.94,0
-5.14,114.18,-2,-2,24.94,0
-5.74,113.58,-2,-2,24.94,0
-6.47,112.86,-2,-2,24.94,0
-7.21,112.12,-2,-2,24.94,0
-7.97,111.35,-2,-2,24.94,0
-8.39,110.93,-2,-2,24.94,0
-9.28,110.05,-2,-2,24.94,0
-9.6,109.73,-2,-2,24.94,0
-10.16,109.16,-2,-2,24.94,0
-10.67,108.66,-2,-2,24.94,0
-11.28,108.04,-2,-2,24.94,0
-12.3,107.02,-2,-2,24.94,0
-12.79,106.53,-2,-2,24.94,0
-13.68,105.64,-2,-2,24.94,0
-14.21,105.11,-2,-2,24.94,0
-14.7,104.63,-2,-2,24.94,0
-15.53,103.79,-2,-2,24.94,0
-16.17,103.15,-2,-2,24.94,0
-16.71,102.61,-2,-2,24.94,0
-17.44,101.89,-2,-2,24.94,0
-17.77,101.56,-2,-2,24.94,0
-18.24,101.09,-2,-2,24.94,0
-18.97,100.36,-2,-2,24.94,0
-20.13,99.19,-2,-2,24.94,0
-20.78,98.55,-2,-2,24.94,0
-21.17,98.15,-2,-2,24.94,0
-21.65,97.67,-2,-2,24.94,0
-22.31,97.02,-2,-2,24.94,0
-23.11,96.21,-2,-2,24.94,0
-23.44,95.88,-2,-2,24.94,0
-24.21,95.12,-2,-2,24.94,0
-24.79,94.53,-2,-2,24.94,0
-25.16,94.17,-2,-2,24.94,0
-25.77,93.55,-2,-2,24.94,0
-26.24,93.09,-2,-2,24.94,0
-26.85,92.47,-2,-2,24.94,0
-27.47,91.85,-2,-2,24.94,0
-28.18,91.14,-2,-2,24.94,0
-28.75,90.58,-2,-2,24.94,0
-29.23,90.09,-2,-2,24.94,0
-29.72,89.61,-2,-2,24.94,0
-30.33,88.99,-2,-2,24.94,0
-30.82,88.51,-2,-2,24.94,0
-31.32,88.01,-2,-2,24.94,0
-32.08,87.24,-2,-2,24.94,0
-32.61,86.72,-2,-2,24.94,0
-33.51,85.81,-2,-2,24.94,0
-34.24,85.08,-2,-2,24.94,0
-34.59,84.73,-2,-2,24.94,0
-35.33,83.99,-2,-2,24.94,0
-36.26,83.06,-2,-2,24.94,0
-36.88,82.44,-2,-2,24.94,0
-37.37,81.96,-2,-2,24.94,0
-38.2,81.12,-2,-2,24.94,0
-38.81,80.52,-2,-2,24.94,0
-39.47,79.85,-2,-2,24.94,0
-39.81,79.51,-2,-2,24.94,0
-40.42,78.9,-2,-2,24.94,0
-41.12,78.2,-2,-2,24.94,0
-41.73,77.6,-2,-2,24.94,0
-42.43,76.89,-2,-2,24.94,0
-42.78,76.55,-2,-2,24.94,0
-43.38,75.94,-2,-2,24.94,0
-43.9,75.42,-2,-2,24.94,0
-44.75,74.57,-2,-2,24.94,0
-45.4,73.92,-2,-2,24.94,0
-46.01,73.31,-2,-2,24.94,0
-46.41,72.91,-2,-2,24.94,0
-47.02,72.3,-2,-2,24.94,0
-47.99,71.33,-2,-2,24.94,0
-48.56,70.77,-2,-2,24.94,0
-49.19,70.13,-2,-2,24.94,0
-49.8,69.52,-2,-2,24.94,0
-50.57,68.76,-2,-2,24.94,0
-51.22,68.1,-2,-2,24.94,0
-51.75,67.57,-2,-2,24.94,0
-52.23,67.1,-2,-2,24.94,0
-52.75,66.57,-2,-2,24.94,0
-53.59,65.74,-2,-2,24.94,0
-53.89,65.43,-2,-2,24.94,0
-54.39,64.93,-2,-2,24.94,0
-55.0,64.32,-2,-2,24.94,0
-55.43,63.89,-2,-2,24.94,0
-56.33,62.99,-2,-2,24.94,0
-57.1,62.22,-2,-2,24.94,0
-57.99,61.34,-2,-2,24.94,0
-58.66,60.66,-2,-2,24.94,0
-59.26,60.07,-2,-2,24.94,0
-60.0,59.32,-2,-2,24.94,0
-60.92,58.41,-2,-2,24.94,0
-61.77,57.55,-2,-2,24.94,0
-62.24,57.08,-2,-2,24.94,0
-63.11,56.21,-2,-2,24.94,0
-63.69,55.63,-2,-2,24.94,0
-64.49,54.83,-2,-2,24.94,0
-64.98,54.34,-2,-2,24.94,0
-65.47,53.85,-2,-2,24.94,0
-65.96,53.36,-2,-2,24.94,0
-66.45,52.88,-2,-2,24.94,0
-66.94,52.38,-2,-2,24.94,0
-67.43,51.89,-2,-2,24.94,0
-68.54,50.78,-2,-2,24.94,0
-69.03,50.3,-2,-2,24.94,0
-69.52,49.8,-2,-2,24.94,0
-70.01,49.31,-2,-2,24.94,0
-70.62,48.7,-2,-2,24.94,0
-70.95,48.37,-2,-2,24.94,0
-71.44,47.88,-2,-2,24.94,0
-72.29,47.03,-2,-2,24.94,0
-72.68,46.64,-2,-2,24.94,0
-73.58,45.74,-2,-2,24.94,0
-74.23,45.09,-2,-2,24.94,0
-74.59,44.73,-2,-2,24.94,0
-75.13,44.19,-2,-2,24.94,0
-76.28,43.04,-2,-2,24.94,0
-77.13,42.19,-2,-2,24.94,0
-77.86,41.46,-2,-2,24.94,0
-78.58,40.74,-2,-2,24.94,0
-79.17,40.15,-2,-2,24.94,0
-80.45,38.88,-2,-2,24.94,0
-81.04,38.28,-2,-2,24.94,0
-81.77,37.56,-2,-2,24.94,0
-82.17,37.15,-2,-2,24.94,0
-82.7,36.62,-2,-2,24.94,0
-83.3,36.02,-2,-2,24.94,0
-84.24,35.09,-2,-2,24.94,0
-84.82,34.5,-2,-2,24.94,0
-85.18,34.14,-2,-2,24.94,0
-85.77,33.56,-2,-2,24.94,0
-86.28,33.04,-2,-2,24.94,0
-86.88,32.44,-2,-2,24.94,0
-87.58,31.74,-2,-2,24.94,0
-88.4,30.93,-2,-2,24.94,0
-88.76,30.57,-2,-2,24.94,0
-89.43,29.89,-2,-2,24.94,0
-90.04,29.28,-2,-2,24.94,0
-90.78,28.54,-2,-2,24.94,0
-91.16,28.16,-2,-2,24.94,0
-91.68,27.65,-2,-2,24.94,0
-92.26,27.06,-2,-2,24.94,0
-92.89,26.44,-2,-2,24.94,0
-93.63,25.69,-2,-2,24.94,0
-94.2,25.12,-2,-2,24.94,0
-94.93,24.39,-2,-2,24.94,0
-95.41,23.91,-2,-2,24.94,0
-96.2,23.12,-2,-2,24.94,0
-96.69,22.63,-2,-2,24.94,0
-97.58,21.75,-2,-2,24.94,0
-98.06,21.26,-2,-2,24.94,0
-98.67,20.65,-2,-2,24.94,0
-99.09,20.24,-2,-2,24.94,0
-99.99,19.34,-2,-2,24.94,0
-100.84,18.49,-2,-2,24.94,0
-101.22,18.1,-2,-2,24.94,0
-101.94,17.38,-2,-2,24.94,0
-102.64,16.68,-2,-2,24.94,0
-103.0,16.32,-2,-2,24.94,0
-103.85,15.47,-2,-2,24.94,0
-104.19,15.13,-2,-2,24.94,0
-104.88,14.44,-2,-2,24.94,0
-105.5,13.82,-2,-2,24.94,0
-105.99,13.33,-2,-2,24.94,0
-106.6,12.72,-2,-2,24.94,0
-107.38,11.95,-2,-2,24.94,0
-107.92,11.4,-2,-2,24.94,0
-108.53,10.79,-2,-2,24.94,0
-109.26,10.06,-2,-2,24.94,0
-109.75,9.57,-2,-2,24.94,0
-110.27,9.05,-2,-2,24.94,0
-111.11,8.21,-2,-2,24.94,0
-111.46,7.87,-2,-2,24.94,0
-112.38,6.94,-2,-2,24.94,0
-112.7,6.63,-2,-2,24.94,0
-113.3,6.02,-2,-2,24.94,0
-113.94,5.39,-2,-2,24.94,0
-114.44,4.88,-2,-2,24.94,0
-114.92,4.4,-2,-2,24.94,0
-115.55,3.77,-2,-2,24.94,0
-116.26,3.06,-2,-2,24.94,0
-116.89,2.43,-2,-2,24.94,0
-117.71,1.61,-2,-2,24.94,0
-118.2,1.12,-2,-2,24.94,0
-118.73,0.6,-2,-2,24.94,0
-119.47,-0.15,-2,-2,24.94,0
-120.23,-0.91,-2,-2,24.94,0
-120.73,-1.41,-2,-2,24.94,0
-121.22,-1.9,-2,-2,24.94,0
-121.99,-2.66,-2,-2,24.94,0
-122.5,-3.18,-2,-2,24.94,0
-123.05,-3.73,-2,-2,24.94,0
-123.91,-4.59,-2,-2,24.94,0
-124.4,-5.08,-2,-2,24.94,0
-124.89,-5.57,-2,-2,24.94,0
-125.65,-6.32,-2,-2,24.94,0
-126.46,-7.14,-2,-2,24.94,0
-127.13,-7.81,-2,-2,24.94,0
-127.79,-8.47,-2,-2,24.94,0
-128.43,-9.11,-2,-2,24.94,0
-129.22,-9.9,-2,-2,24.94,0
-129.72,-10.39,-2,-2,24.94,0
-130.44,-11.12,-2,-2,24.94,0
-131.05,-11.72,-2,-2,24.94,0
-131.55,-12.23,-2,-2,24.94,0
-132.5,-13.18,-2,-2,24.94,0
-132.98,-13.66,-2,-2,24.94,0
-133.59,-14.27,-2,-2,24.94,0
-133.92,-14.6,-2,-2,24.94,0
-134.52,-15.2,-2,-2,24.94,0
-135.42,-16.1,-2,-2,24.94,0
-136.06,-16.73,-2,-2,24.94,0
-136.4,-17.08,-2,-2,24.94,0
-137.27,-17.94,-2,-2,24.94,0
-137.67,-18.35,-2,-2,24.94,0
-138.52,-19.2,-2,-2,24.94,0
-138.93,-19.61,-2,-2,24.94,0
-139.79,-20.47,-2,-2,24.94,0
-140.22,-20.9,-2,-2,24.94,0
-140.96,-21.64,-2,-2,24.94,0
-141.57,-22.24,-2,-2,24.94,0
-142.01,-22.69,-2,-2,24.94,0
-142.49,-23.16,-2,-2,24.94,0
-143.05,-23.73,-2,-2,24.94,0
-143.73,-24.41,-2,-2,24.94,0
-144.33,-25.01,-2,-2,24.94,0
-144.9,-25.58,-2,-2,24.94,0
-145.53,-26.2,-2,-2,24.94,0
-146.37,-27.05,-2,-2,24.94,0
-147.21,-27.88,-2,-2,24.94,0
-147.98,-28.65,-2,-2,24.94,0
-148.61,-29.29,-2,-2,24.94,0
-149.27,-29.95,-2,-2,24.94,0
-149.92,-30.6,-2,-2,24.94,0
-150.56,-31.24,-2,-2,24.94,0
-150.92,-31.6,-2,-2,24.94,0
-151.86,-32.54,-2,-2,24.94,0
-152.45,-33.12,-2,-2,24.94,0
-153.01,-33.69,-2,-2,24.94,0
-153.31,-33.98,-2,-2,24.94,0
-153.83,-34.51,-2,-2,24.94,0
-154.46,-35.14,-2,-2,24.94,0
-154.98,-35.66,-2,-2,24.94,0
-155.83,-36.51,-2,-2,24.94,0
-156.55,-37.23,-2,-2,24.94,0
-156.87,-37.55,-2,-2,24.94,0
-157.6,-38.28,-2,-2,24.94,0
-158.08,-38.76,-2,-2,24.94,0
-158.76,-39.44,-2,-2,24.94,0
-159.28,-39.96,-2,-2,24.94,0
-160.01,-40.69,-2,-2,24.94,0
-160.82,-41.5,-2,-2,24.94,0
-161.39,-42.07,-2,-2,24.94,0
-161.83,-42.5,-2,-2,24.94,0
-162.32,-42.99,-2,-2,24.94,0
-163.04,-43.72,-2,-2,24.94,0
-163.41,-44.08,-2,-2,24.94,0
-164.18,-44.86,-2,-2,24.94,0
-164.6,-45.28,-2,-2,24.94,0
-165.1,-45.78,-2,-2,24.94,0
-165.69,-46.37,-2,-2,24.94,0
-166.18,-46.86,-2,-2,24.94,0
-166.65,-47.33,-2,-2,24.94,0
-167.11,-47.79,-2,-2,24.94,0
-167.56,-48.23,-2,-2,24.94,0
-168.13,-48.81,-2,-2,24.94,0
-169.04,-49.72,-2,-2,24.94,0
-169.53,-50.21,-2,-2,24.94,0
-170.51,-51.19,-2,-2,24.94,0
-170.92,-51.6,-2,-2,24.94,0
-171.49,-52.17,-2,-2,24.94,0
-172.54,-53.22,-2,-2,24.94,0
-173.02,-53.7,-2,-2,24.94,0
-173.98,-54.66,-2,-2,24.94,0
-174.34,-55.02,-2,-2,24.94,0
-174.98,-55.66,-2,-2,24.94,0
-175.59,-56.26,-2,-2,24.94,0
-176.58,-57.26,-2,-2,24.94,0
-177.29,-57.96,-2,-2,24.94,0
-177.68,-58.36,-2,-2,24.94,0
-178.42,-59.09,-2,-2,24.94,0
-178.76,-59.44,-2,-2,24.94,0
-179.37,-60.05,-2,-2,24.94,0
-179.78,-60.46,-2,-2,24.94,0
-180.26,-60.94,-2,-2,24.94,0
-180.92,-61.6,-2,-2,24.94,0
-181.45,-62.13,-2,-2,24.94,0
-182.23,-62.9,-2,-2,24.94,0
-182.71,-63.38,-2,-2,24.94,0
-183.31,-63.99,-2,-2,24.94,0
-183.92,-64.6,-2,-2,24.94,0
-184.27,-64.95,-2,-2,24.94,0
-184.73,-65.41,-2,-2,24.94,0
-185.47,-66.14,-2,-2,24.94,0
-185.82,-66.5,-2,-2,24.94,0
-186.83,-67.51,-2,-2,24.94,0
-187.5,-68.18,-2,-2,24.94,0
-187.95,-68.63,-2,-2,24.94,0
-188.69,-69.37,-2,-2,24.94,0
-189.01,-69.69,-2,-2,24.94,0
-189.5,-70.17,-2,-2,24.94,0
-190.0,-70.68,-2,-2,24.94,0
-190.54,-71.22,-2,-2,24.94,0
-191.16,-71.83,-2,-2,24.94,0
-192.03,-72.71,-2,-2,24.94,0
-192.38,-73.06,-2,-2,24.94,0
-192.85,-73.53,-2,-2,24.94,0
-193.35,-74.03,-2,-2,24.94,0
-193.83,-74.51,-2,-2,24.94,0
-194.83,-75.51,-2,-2,24.94,0
-195.44,-76.12,-2,-2,24.94,0
-195.84,-76.52,-2,-2,24.94,0
-196.55,-77.22,-2,-2,24.94,0
-197.15,-77.83,-2,-2,24.94,0
-197.52,-78.2,-2,-2,24.94,0
-198.19,-78.87,-2,-2,24.94,0
-198.75,-79.42,-2,-2,24.94,0
-199.24,-79.92,-2,-2,24.94,0
-199.89,-80.57,-2,-2,24.94,0
-200.5,-81.18,-2,-2,24.94,0
-201.15,-81.82,-2,-2,24.94,0
-201.63,-82.3,-2,-2,24.94,0
-202.11,-82.79,-2,-2,24.94,0
-202.76,-83.44,-2,-2,24.94,0
-203.11,-83.79,-2,-2,24.94,0
-203.86,-84.54,-2,-2,24.94,0
-204.22,-84.9,-2,-2,24.94,0
-204.73,-85.41,-2,-2,24.94,0
-205.34,-86.02,-2,-2,24.94,0
-206.06,-86.73,-2,-2,24.94,0
-206.46,-87.14,-2,-2,24.94,0
-207.31,-87.99,-2,-2,24.94,0
-207.67,-88.35,-2,-2,24.94,0
-208.28,-88.95,-2,-2,24.94,0
-208.91,-89.59,-2,-2,24.94,0
-209.4,-90.08,-2,-2,24.94,0
-210.12,-90.79,-2,-2,24.94,0
-210.49,-91.17,-2,-2,24.94,0
-210.97,-91.65,-2,-2,24.94,0
-211.45,-92.13,-2,-2,24.94,0
-212.17,-92.85,-2,-2,24.94,0
-212.57,-93.24,-2,-2,24.94,0
-212.9,-93.58,-2,-2,24.94,0
-213.77,-94.44,-2,-2,24.94,0
-214.09,-94.76,-2,-2,24.94,0
-214.59,-95.27,-2,-2,24.94,0
-215.19,-95.87,-2,-2,24.94,0
-215.65,-96.33,-2,-2,24.94,0
-216.2,-96.88,-2,-2,24.94,0
-216.83,-97.51,-2,-2,24.94,0
-217.33,-98.01,-2,-2,24.94,0
-217.84,-98.52,-2,-2,24.94,0
-218.28,-98.96,-2,-2,24.94,0
-218.77,-99.45,-2,-2,24.94,0
-219.24,-99.92,-2,-2,24.94,0
-219.72,-100.39,-2,-2,24.94,0
-220.46,-101.14,-2,-2,24.94,0
-221.39,-102.07,-2,-2,24.94,0
-222.16,-102.83,-2,-2,24.94,0
-222.88,-103.55,-2,-2,24.94,0
-223.72,-104.4,-2,-2,24.94,0
-224.53,-105.21,-2,-2,24.94,0
-225.29,-105.97,-2,-2,24.94,0
-226.08,-106.76,-2,-2,24.94,0
-226.95,-107.63,-2,-2,24.94,0
-227.81,-108.49,-2,-2,24.94,0
-228.73,-109.41,-2,-2,24.94,0
-229.52,-110.2,-2,-2,24.94,0
-230.33,-111.01,-2,-2,24.94,0
-231.2,-111.88,-2,-2,24.94,0
-231.94,-112.62,-2,-2,24.94,0
-232.75,-113.43,-2,-2,24.94,0
-233.67,-114.35,-2,-2,24.94,0
-234.41,-115.09,-2,-2,24.94,0
-235.08,-115.76,-2,-2,24.94,0
-236.05,-116.73,-2,-2,24.94,0
-236.89,-117.57,-2,-2,24.94,0
-237.93,-118.61,-2,-2,24.94,0
-238.79,-119.47,-2,-2,24.94,0
-239.38,-120.06,-2,-2,24.94,0
-240.3,-120.98,-2,-2,24.94,0
-240.66,-121.34,-2,-2,24.94,0
-241.45,-122.13,-2,-2,24.94,0
-241.88,-122.56,-2,-2,24.94,0
-242.36,-123.04,-2,-2,24.94,0
-243.03,-123.71,-2,-2,24.94,0
-243.49,-124.17,-2,-2,24.94,0
-244.39,-125.07,-2,-2,24.94,0
-245.14,-125.81,-2,-2,24.94,0
-245.74,-126.42,-2,-2,24.94,0
-246.08,-126.75,-2,-2,24.94,0
-246.94,-127.62,-2,-2,24.94,0
-247.56,-128.24,-2,-2,24.94,0
-248.27,-128.95,-2,-2,24.94,0
-249.08,-129.75,-2,-2,24.94,0
-249.85,-130.53,-2,-2,24.94,0
-250.5,-131.18,-2,-2,24.94,0
-251.1,-131.78,-2,-2,24.94,0
-251.99,-132.67,-2,-2,24.94,0
-252.66,-133.34,-2,-2,24.94,0
-253.39,-134.07,-2,-2,24.94,0
-253.75,-134.42,-2,-2,24.94,0
-254.64,-135.32,-2,-2,24.94,0
-255.36,-136.04,-2,-2,24.94,0
-255.85,-136.53,-2,-2,24.94,0
-256.57,-137.25,-2,-2,24.94,0
-257.14,-137.82,-2,-2,24.94,0
-257.63,-138.31,-2,-2,24.94,0
-258.36,-139.04,-2,-2,24.94,0
-258.85,-139.53,-2,-2,24.94,0
-259.34,-140.02,-2,-2,24.94,0
-260.06,-140.74,-2,-2,24.94,0
-260.68,-141.36,-2,-2,24.94,0
-261.3,-141.97,-2,-2,24.94,0
-262.14,-142.81,-2,-2,24.94,0
-262.62,-143.3,-2,-2,24.94,0
-263.35,-144.03,-2,-2,24.94,0
-264.22,-144.89,-2,-2,24.94,0
-264.96,-145.64,-2,-2,24.94,0
-265.6,-146.28,-2,-2,24.94,0
-265.97,-146.65,-2,-2,24.94,0
-266.76,-147.44,-2,-2,24.94,0
-267.18,-147.86,-2,-2,24.94,0
-268.11,-148.78,-2,-2,24.94,0
-268.62,-149.3,-2,-2,24.94,0
-269.45,-150.13,-2,-2,24.94,0
-269.94,-150.61,-2,-2,24.94,0
-270.62,-151.3,-2,-2,24.94,0
-270.99,-151.66,-2,-2,24.94,0
-271.64,-152.32,-2,-2,24.94,0
-272.49,-153.17,-2,-2,24.94,0
-273.25,-153.93,-2,-2,24.94,0
-273.98,-154.66,-2,-2,24.94,0
-274.34,-155.02,-2,-2,24.94,0
-274.97,-155.65,-2,-2,24.94,0
-275.58,-156.26,-2,-2,24.94,0
-276.22,-156.89,-2,-2,24.94,0
-276.94,-157.62,-2,-2,24.94,0
-277.43,-158.1,-2,-2,24.94,0
-278.16,-158.84,-2,-2,24.94,0
-278.65,-159.33,-2,-2,24.94,0
-279.37,-160.05,-2,-2,24.94,0
-280.11,-160.79,-2,-2,24.94,0
-280.6,-161.27,-2,-2,24.94,0
-281.35,-162.03,-2,-2,24.94,0
-281.86,-162.54,-2,-2,24.94,0
-282.71,-163.38,-2,-2,24.94,0
-283.07,-163.75,-2,-2,24.94,0
-283.9,-164.58,-2,-2,24.94,0
-284.59,-165.26,-2,-2,24.94,0
-285.34,-166.02,-2,-2,24.94,0
-285.83,-166.51,-2,-2,24.94,0
-286.59,-167.27,-2,-2,24.94,0
-286.91,-167.59,-2,-2,24.94,0
-287.46,-168.14,-2,-2,24.94,0
-288.57,-169.25,-2,-2,24.94,0
-289.18,-169.86,-2,-2,24.94,0
-289.79,-170.47,-2,-2,24.94,0
-290.27,-170.95,-2,-2,24.94,0
-290.76,-171.44,-2,-2,24.94,0
-291.24,-171.92,-2,-2,24.94,0
-292.11,-172.79,-2,-2,24.94,0
-292.53,-173.21,-2,-2,24.94,0
-293.18,-173.86,-2,-2,24.94,0
-293.67,-174.35,-2,-2,24.94,0
-294.15,-174.83,-2,-2,24.94,0
-294.64,-175.31,-2,-2,24.94,0
-295.24,-175.92,-2,-2,24.94,0
-295.72,-176.4,-2,-2,24.94,0
-296.45,-177.13,-2,-2,24.94,0
-297.17,-177.85,-2,-2,24.94,0
-297.9,-178.57,-2,-2,24.94,0
-298.39,-179.06,-2,-2,24.94,0
-299.23,-179.91,-2,-2,24.94,0
-300.01,-180.69,-2,-2,24.94,0
-300.62,-181.29,-2,-2,24.94,0
-301.35,-182.03,-2,-2,24.94,0
-301.83,-182.51,-2,-2,24.94,0
-302.31,-182.99,-2,-2,24.94,0
-302.86,-183.54,-2,-2,24.94,0
-303.86,-184.54,-2,-2,24.94,0
-304.58,-185.26,-2,-2,24.94,0
-305.2,-185.88,-2,-2,24.94,0
-305.76,-186.44,-2,-2,24.94,0
-306.12,-186.8,-2,-2,24.94,0
-306.99,-187.66,-2,-2,24.94,0
-307.58,-188.26,-2,-2,24.94,0
-308.27,-188.95,-2,-2,24.94,0
-309.01,-189.69,-2,-2,24.94,0
-309.34,-190.02,-2,-2,24.94,0
-310.12,-190.79,-2,-2,24.94,0
-310.7,-191.38,-2,-2,24.94,0
-311.2,-191.88,-2,-2,24.94,0
-311.94,-192.61,-2,-2,24.94,0
-312.49,-193.16,-2,-2,24.94,0
-313.21,-193.89,-2,-2,24.94,0
-313.96,-194.63,-2,-2,24.94,0
-314.56,-195.24,-2,-2,24.94,0
-315.15,-195.83,-2,-2,24.94,0
-315.84,-196.51,-2,-2,24.94,0
-316.88,-197.56,-2,-2,24.94,0
-317.87,-198.55,-2,-2,24.94,0
-318.53,-199.21,-2,-2,24.94,0
-318.86,-199.54,-2,-2,24.94,0
-319.96,-200.64,-2,-2,24.94,0
-320.48,-201.15,-2,-2,24.94,0
-321.32,-202.0,-2,-2,24.94,0
-321.81,-202.49,-2,-2,24.94,0
-322.62,-203.29,-2,-2,24.94,0
-323.11,-203.79,-2,-2,24.94,0
-323.84,-204.52,-2,-2,24.94,0
-324.58,-205.25,-2,-2,24.94,0
-325.19,-205.86,-2,-2,24.94,0
-325.8,-206.48,-2,-2,24.94,0
-326.28,-206.96,-2,-2,24.94,0
-326.69,-207.37,-2,-2,24.94,0
-327.31,-207.99,-2,-2,24.94,0
-327.92,-208.59,-2,-2,24.94,0
-328.52,-209.2,-2,-2,24.94,0
-329.21,-209.88,-2,-2,24.94,0
-329.64,-210.31,-2,-2,24.94,0
-330.11,-210.79,-2,-2,24.94,0
-329.39,-211.4,2,-2,24.94,0
-329.01,-211.77,2,-2,24.94,0
-328.23,-212.56,2,-2,24.94,0
-327.57,-213.21,2,-2,24.94,0
-327.18,-213.61,2,-2,24.94,0
-326.45,-214.34,2,-2,24.94,0
-325.84,-214.94,2,-2,24.94,0
-325.17,-215.62,2,-2,24.94,0
-324.51,-216.27,2,-2,24.94,0
-323.91,-216.87,2,-2,24.94,0
-323.23,-217.56,2,-2,24.94,0
-322.61,-218.18,2,-2,24.94,0
-322.22,-218.56,2,-2,24.94,0
-321.61,-219.18,2,-2,24.94,0
-320.85,-219.94,2,-2,24.94,0
-320.19,-220.6,2,-2,24.94,0
-319.83,-220.95,2,-2,24.94,0
-318.96,-221.83,2,-2,24.94,0
-318.48,-222.31,2,-2,24.94,0
-317.74,-223.04,2,-2,24.94,0
-317.43,-223.36,2,-2,24.94,0
-316.69,-224.09,2,-2,24.94,0
-316.08,-224.7,2,-2,24.94,0
-315.71,-225.08,2,-2,24.94,0
-314.82,-225.97,2,-2,24.94,0
-314.39,-226.4,2,-2,24.94,0
-313.78,-227.0,2,-2,24.94,0
-313.26,-227.53,2,-2,24.94,0
-312.67,-228.12,2,-2,24.94,0
-312.01,-228.78,2,-2,24.94,0
-311.45,-229.33,2,-2,24.94,0
-310.59,-230.19,2,-2,24.94,0
-309.84,-230.95,2,-2,24.94,0
-309.48,-231.31,2,-2,24.94,0
-308.75,-232.03,2,-2,24.94,0
-308.31,-232.47,2,-2,24.94,0
-307.69,-233.09,2,-2,24.94,0
-307.01,-233.78,2,-2,24.94,0
-306.52,-234.27,2,-2,24.94,0
-305.75,-235.03,2,-2,24.94,0
-305.1,-235.69,2,-2,24.94,0
-304.49,-236.3,2,-2,24.94,0
-303.88,-236.91,2,-2,24.94,0
-303.5,-237.29,2,-2,24.94,0
-302.63,-238.15,2,-2,24.94,0
-302.03,-238.76,2,-2,24.94,0
-301.41,-239.37,2,-2,24.94,0
-300.81,-239.98,2,-2,24.94,0
-300.15,-240.63,2,-2,24.94,0
-299.44,-241.34,2,-2,24.94,0
-298.69,-242.09,2,-2,24.94,0
-298.04,-242.74,2,-2,24.94,0
-297.23,-243.56,2,-2,24.94,0
-296.81,-243.98,2,-2,24.94,0
-296.2,-244.59,2,-2,24.94,0
-295.37,-245.42,2,-2,24.94,0
-294.59,-246.19,2,-2,24.94,0
-294.11,-246.68,2,-2,24.94,0
-293.72,-247.07,2,-2,24.94,0
-292.91,-247.88,2,-2,24.94,0
-292.56,-248.22,2,-2,24.94,0
-292.1,-248.68,2,-2,24.94,0
-291.5,-249.29,2,-2,24.94,0
-291.17,-249.62,2,-2,24.94,0
-290.72,-250.07,2,-2,24.94,0
-289.93,-250.86,2,-2,24.94,0
-289.28,-251.5,2,-2,24.94,0
-288.44,-252.35,2,-2,24.94,0
-287.72,-253.07,2,-2,24.94,0
-287.32,-253.46,2,-2,24.94,0
-286.71,-254.07,2,-2,24.94,0
-286.11,-254.67,2,-2,24.94,0
-285.32,-255.47,2,-2,24.94,0
-284.74,-256.05,2,-2,24.94,0
-284.24,-256.55,2,-2,24.94,0
-283.75,-257.03,2,-2,24.94,0
-282.81,-257.98,2,-2,24.94,0
-282.3,-258.48,2,-2,24.94,0
-281.48,-259.3,2,-2,24.94,0
-281.04,-259.74,2,-2,24.94,0
-280.17,-260.61,2,-2,24.94,0
-279.51,-261.28,2,-2,24.94,0
-278.96,-261.82,2,-2,24.94,0
-278.11,-262.67,2,-2,24.94,0
-277.56,-263.23,2,-2,24.94,0
-276.9,-263.89,2,-2,24.94,0
-276.29,-264.49,2,-2,24.94,0
-275.57,-265.22,2,-2,24.94,0
-274.9,-265.89,2,-2,24.94,0
-274.47,-266.32,2,-2,24.94,0
-273.87,-266.92,2,-2,24.94,0
-273.34,-267.45,2,-2,24.94,0
-272.7,-268.09,2,-2,24.94,0
-272.17,-268.62,2,-2,24.94,0
-271.08,-269.71,2,-2,24.94,0
-270.42,-270.36,2,-2,24.94,0
-270.07,-270.71,2,-2,24.94,0
-269.52,-271.27,2,-2,24.94,0
-268.68,-272.11,2,-2,24.94,0
-268.07,-272.71,2,-2,24.94,0
-267.5,-273.29,2,-2,24.94,0
-266.84,-273.94,2,-2,24.94,0
-266.23,-274.56,2,-2,24.94,0
-265.9,-274.89,2,-2,24.94,0
-265.02,-275.77,2,-2,24.94,0
-264.35,-276.44,2,-2,24.94,0
-263.61,-277.17,2,-2,24.94,0
-262.95,-277.84,2,-2,24.94,0
-262.49,-278.29,2,-2,24.94,0
-261.88,-278.91,2,-2,24.94,0
-261.28,-279.51,2,-2,24.94,0
-260.75,-280.03,2,-2,24.94,0
-259.93,-280.86,2,-2,24.94,0
-259.61,-281.17,2,-2,24.94,0
-258.68,-282.11,2,-2,24.94,0
-258.01,-282.78,2,-2,24.94,0
-257.64,-283.15,2,-2,24.94,0
-257.02,-283.77,2,-2,24.94,0
-256.4,-284.38,2,-2,24.94,0
-255.76,-285.03,2,-2,24.94,0
-255.38,-285.4,2,-2,24.94,0
-254.93,-285.86,2,-2,24.94,0
-254.46,-286.33,2,-2,24.94,0
-253.69,-287.1,2,-2,24.94,0
-253.07,-287.72,2,-2,24.94,0
-252.67,-288.12,2,-2,24.94,0
-251.74,-289.05,2,-2,24.94,0
-251.37,-289.41,2,-2,24.94,0
-250.77,-290.01,2,-2,24.94,0
-250.16,-289.39,2,2,24.94,0
-249.76,-288.99,2,2,24.94,0
-249.25,-288.48,2,2,24.94,0
-248.72,-287.94,2,2,24.94,0
-247.86,-287.09,2,2,24.94,0
-247.43,-286.66,2,2,24.94,0
-246.92,-286.15,2,2,24.94,0
-246.31,-285.54,2,2,24.94,0
-245.82,-285.05,2,2,24.94,0
-245.21,-284.44,2,2,24.94,0
-244.75,-283.98,2,2,24.94,0
-243.85,-283.08,2,2,24.94,0
-243.53,-282.76,2,2,24.94,0
-242.91,-282.14,2,2,24.94,0
-242.31,-281.54,2,2,24.94,0
-241.8,-281.03,2,2,24.94,0
-240.96,-280.18,2,2,24.94,0
-240.29,-279.51,2,2,24.94,0
-239.56,-278.79,2,2,24.94,0
-238.96,-278.19,2,2,24.94,0
-238.6,-277.83,2,2,24.94,0
-237.66,-276.89,2,2,24.94,0
-237.09,-276.32,2,2,24.94,0
-236.77,-276.0,2,2,24.94,0
-235.88,-275.11,2,2,24.94,0
-235.09,-274.32,2,2,24.94,0
-234.55,-273.78,2,2,24.94,0
-233.67,-272.89,2,2,24.94,0
-233.04,-272.27,2,2,24.94,0
-232.35,-271.58,2,2,24.94,0
-231.68,-270.91,2,2,24.94,0
-231.32,-270.55,2,2,24.94,0
-230.81,-270.04,2,2,24.94,0
-230.08,-269.31,2,2,24.94,0
-229.43,-268.66,2,2,24.94,0
-228.81,-268.04,2,2,24.94,0
-228.09,-267.32,2,2,24.94,0
-227.38,-266.61,2,2,24.94,0
-226.48,-265.71,2,2,24.94,0
-225.89,-265.12,2,2,24.94,0
-225.04,-264.27,2,2,24.94,0
-224.72,-263.95,2,2,24.94,0
-223.75,-262.98,2,2,24.94,0
-223.05,-262.28,2,2,24.94,0
-222.22,-261.44,2,2,24.94,0
-221.65,-260.88,2,2,24.94,0
-220.9,-260.13,2,2,24.94,0
-220.24,-259.47,2,2,24.94,0
-219.62,-258.85,2,2,24.94,0
-219.11,-258.34,2,2,24.94,0
-218.58,-257.81,2,2,24.94,0
-218.07,-257.3,2,2,24.94,0
-217.54,-256.77,2,2,24.94,0
-217.06,-256.29,2,2,24.94,0
-216.22,-255.45,2,2,24.94,0
-215.37,-254.6,2,2,24.94,0
-214.47,-253.7,2,2,24.94,0
-213.74,-252.97,2,2,24.94,0
-213.35,-252.57,2,2,24.94,0
-212.73,-251.95,2,2,24.94,0
-211.88,-251.11,2,2,24.94,0
-211.16,-250.38,2,2,24.94,0
-210.31,-249.54,2,2,24.94,0
-209.71,-248.94,2,2,24.94,0
-209.23,-248.46,2,2,24.94,0
-208.51,-247.73,2,2,24.94,0
-207.95,-247.18,2,2,24.94,0
-207.22,-246.45,2,2,24.94,0
-206.72,-245.95,2,2,24.94,0
-206.24,-245.47,2,2,24.94,0
-205.59,-244.82,2,2,24.94,0
-205.11,-244.34,2,2,24.94,0
-204.37,-243.6,2,2,24.94,0
-203.63,-242.86,2,2,24.94,0
-203.22,-242.45,2,2,24.94,0
-202.5,-241.73,2,2,24.94,0
-201.82,-241.05,2,2,24.94,0
-201.08,-240.31,2,2,24.94,0
-200.24,-239.47,2,2,24.94,0
-199.51,-238.74,2,2,24.94,0
-198.68,-237.91,2,2,24.94,0
-197.84,-237.07,2,2,24.94,0
-196.98,-236.21,2,2,24.94,0
-196.26,-235.49,2,2,24.94,0
-195.53,-234.76,2,2,24.94,0
-194.82,-234.05,2,2,24.94,0
-194.2,-233.43,2,2,24.94,0
-193.72,-232.95,2,2,24.94,0
-192.88,-232.11,2,2,24.94,0
-191.92,-231.15,2,2,24.94,0
-191.59,-230.82,2,2,24.94,0
-190.87,-230.1,2,2,24.94,0
-190.27,-229.5,2,2,24.94,0
-189.81,-229.04,2,2,24.94,0
-188.95,-228.18,2,2,24.94,0
-188.58,-227.81,2,2,24.94,0
-187.8,-227.03,2,2,24.94,0
-187.27,-226.5,2,2,24.94,0
-186.52,-225.75,2,2,24.94,0
-185.79,-225.02,2,2,24.94,0
-185.17,-224.4,2,2,24.94,0
-184.31,-223.54,2,2,24.94,0
-183.64,-222.86,2,2,24.94,0
-183.31,-222.54,2,2,24.94,0
-182.69,-221.92,2,2,24.94,0
-182.2,-221.43,2,2,24.94,0
-181.56,-220.79,2,2,24.94,0
-181.06,-220.29,2,2,24.94,0
-180.6,-219.83,2,2,24.94,0
-179.9,-219.13,2,2,24.94,0
-179.32,-218.55,2,2,24.94,0
-178.83,-218.06,2,2,24.94,0
-178.34,-217.57,2,2,24.94,0
-177.66,-216.89,2,2,24.94,0
-177.17,-216.4,2,2,24.94,0
-176.69,-215.92,2,2,24.94,0
-175.9,-215.13,2,2,24.94,0
-175.4,-214.63,2,2,24.94,0
-174.53,-213.76,2,2,24.94,0
-173.86,-213.09,2,2,24.94,0
-173.36,-212.59,2,2,24.94,0
-172.63,-211.86,2,2,24.94,0
-171.95,-211.18,2,2,24.94,0
-171.34,-210.57,2,2,24.94,0
-170.84,-210.07,2,2,24.94,0
-170.12,-209.35,2,2,24.94,0
-169.57,-208.8,2,2,24.94,0
-169.03,-208.25,2,2,24.94,0
-168.27,-207.5,2,2,24.94,0
-167.55,-206.78,2,2,24.94,0
-166.94,-206.17,2,2,24.94,0
-166.34,-205.57,2,2,24.94,0
-165.85,-205.08,2,2,24.94,0
-165.06,-204.29,2,2,24.94,0
-164.66,-203.89,2,2,24.94,0
-164.03,-203.25,2,2,24.94,0
-163.04,-202.27,2,2,24.94,0
-162.38,-201.61,2,2,24.94,0
-161.72,-200.95,2,2,24.94,0
-161.1,-200.32,2,2,24.94,0
-160.73,-199.96,2,2,24.94,0
-160.24,-199.47,2,2,24.94,0
-159.7,-198.93,2,2,24.94,0
-158.83,-198.06,2,2,24.94,0
-158.12,-197.35,2,2,24.94,0
-157.23,-196.46,2,2,24.94,0
-156.84,-196.07,2,2,24.94,0
-156.09,-195.32,2,2,24.94,0
-155.24,-194.47,2,2,24.94,0
-154.64,-193.87,2,2,24.94,0
-153.97,-193.2,2,2,24.94,0
-153.43,-192.66,2,2,24.94,0
-152.92,-192.15,2,2,24.94,0
-152.17,-191.4,2,2,24.94,0
-151.31,-190.54,2,2,24.94,0
-150.79,-190.02,2,2,24.94,0
-150.06,-189.29,2,2,24.94,0
-149.56,-188.79,2,2,24.94,0
-148.83,-188.06,2,2,24.94,0
-148.25,-187.48,2,2,24.94,0
-147.77,-186.99,2,2,24.94,0
-146.98,-186.21,2,2,24.94,0
-146.49,-185.72,2,2,24.94,0
-145.88,-185.11,2,2,24.94,0
-145.38,-184.6,2,2,24.94,0
-144.75,-183.98,2,2,24.94,0
-144.27,-183.5,2,2,24.94,0
-143.67,-182.89,2,2,24.94,0
-143.17,-182.4,2,2,24.94,0
-142.55,-181.78,2,2,24.94,0
-141.95,-181.18,2,2,24.94,0
-141.35,-180.57,2,2,24.94,0
-140.62,-179.85,2,2,24.94,0
-140.01,-179.24,2,2,24.94,0
-139.33,-178.56,2,2,24.94,0
-138.53,-177.76,2,2,24.94,0
-137.9,-177.13,2,2,24.94,0
-137.21,-176.44,2,2,24.94,0
-136.53,-175.76,2,2,24.94,0
-136.01,-175.23,2,2,24.94,0
-135.33,-174.56,2,2,24.94,0
-134.76,-173.99,2,2,24.94,0
-133.9,-173.13,2,2,24.94,0
-133.27,-172.5,2,2,24.94,0
-132.53,-171.76,2,2,24.94,0
-131.9,-171.12,2,2,24.94,0
-131.05,-170.27,2,2,24.94,0
-130.56,-169.79,2,2,24.94,0
-129.78,-169.01,2,2,24.94,0
-129.09,-168.32,2,2,24.94,0
-128.53,-167.76,2,2,24.94,0
-128.04,-167.27,2,2,24.94,0
-127.5,-166.73,2,2,24.94,0
-126.93,-166.16,2,2,24.94,0
-126.09,-165.32,2,2,24.94,0
-125.68,-164.91,2,2,24.94,0
-125.17,-164.4,2,2,24.94,0
-124.58,-163.81,2,2,24.94,0
-123.83,-163.06,2,2,24.94,0
-123.46,-162.69,2,2,24.94,0
-122.86,-162.09,2,2,24.94,0
-122.32,-161.54,2,2,24.94,0
-121.7,-160.93,2,2,24.94,0
-121.07,-160.3,2,2,24.94,0
-120.7,-159.93,2,2,24.94,0
-120.21,-159.44,2,2,24.94,0
-119.62,-158.85,2,2,24.94,0
-118.87,-158.1,2,2,24.94,0
-118.38,-157.61,2,2,24.94,0
-117.76,-156.99,2,2,24.94,0
-117.15,-156.38,2,2,24.94,0
-116.56,-155.79,2,2,24.94,0
-115.53,-154.76,2,2,24.94,0
-115.07,-154.3,2,2,24.94,0
-114.36,-153.59,2,2,24.94,0
-113.99,-153.22,2,2,24.94,0
-113.39,-152.62,2,2,24.94,0
-112.63,-151.86,2,2,24.94,0
-111.96,-151.18,2,2,24.94,0
-111.39,-150.62,2,2,24.94,0
-110.74,-149.97,2,2,24.94,0
-110.21,-149.44,2,2,24.94,0
-109.81,-149.04,2,2,24.94,0
-109.3,-148.53,2,2,24.94,0
-108.84,-148.06,2,2,24.94,0
-108.34,-147.57,2,2,24.94,0
-107.87,-147.09,2,2,24.94,0
-107.38,-146.61,2,2,24.94,0
-106.77,-146.0,2,2,24.94,0
-106.14,-145.37,2,2,24.94,0
-105.52,-144.75,2,2,24.94,0
-104.84,-144.07,2,2,24.94,0
-104.25,-143.48,2,2,24.94,0
-103.67,-142.9,2,2,24.94,0
-102.75,-141.98,2,2,24.94,0
-102.01,-141.23,2,2,24.94,0
-101.48,-140.71,2,2,24.94,0
-100.56,-139.79,2,2,24.94,0
-99.81,-139.04,2,2,24.94,0
-99.12,-138.35,2,2,24.94,0
-98.08,-137.3,2,2,24.94,0
-97.67,-136.9,2,2,24.94,0
-96.87,-136.1,2,2,24.94,0
-96.21,-135.44,2,2,24.94,0
-95.39,-134.62,2,2,24.94,0
-94.85,-134.08,2,2,24.94,0
-94.43,-133.66,2,2,24.94,0
-93.68,-132.91,2,2,24.94,0
-92.98,-132.21,2,2,24.94,0
-92.23,-131.46,2,2,24.94,0
-91.56,-130.79,2,2,24.94,0
-90.95,-130.18,2,2,24.94,0
-90.61,-129.83,2,2,24.94,0
-89.76,-128.99,2,2,24.94,0
-89.44,-128.67,2,2,24.94,0
-88.68,-127.91,2,2,24.94,0
-87.94,-127.17,2,2,24.94,0
-87.27,-126.5,2,2,24.94,0
-86.65,-125.88,2,2,24.94,0
-85.93,-125.16,2,2,24.94,0
-85.31,-124.54,2,2,24.94,0
-84.68,-123.91,2,2,24.94,0
-83.9,-123.13,2,2,24.94,0
-83.31,-122.53,2,2,24.94,0
-82.7,-121.92,2,2,24.94,0
-81.82,-121.05,2,2,24.94,0
-81.1,-120.33,2,2,24.94,0
-80.45,-119.68,2,2,24.94,0
-79.78,-119.01,2,2,24.94,0
-79.1,-118.33,2,2,24.94,0
-78.38,-117.61,2,2,24.94,0
-77.7,-116.93,2,2,24.94,0
-77.04,-116.27,2,2,24.94,0
-76.32,-115.55,2,2,24.94,0
-75.62,-114.85,2,2,24.94,0
-74.96,-114.19,2,2,24.94,0
-74.33,-113.55,2,2,24.94,0
-73.59,-112.82,2,2,24.94,0
-72.82,-112.05,2,2,24.94,0
-71.95,-111.17,2,2,24.94,0
-71.36,-110.59,2,2,24.94,0
-70.83,-110.06,2,2,24.94,0
-70.41,-109.64,2,2,24.94,0
-69.66,-108.89,2,2,24.94,0
-68.92,-108.15,2,2,24.94,0
-68.04,-107.27,2,2,24.94,0
-67.31,-106.54,2,2,24.94,0
-66.59,-105.82,2,2,24.94,0
-65.96,-105.19,2,2,24.94,0
-65.37,-104.6,2,2,24.94,0
-65.05,-104.28,2,2,24.94,0
-64.02,-103.25,2,2,24.94,0
-63.44,-102.67,2,2,24.94,0
-62.81,-102.04,2,2,24.94,0
-62.04,-101.26,2,2,24.94,0
-61.37,-100.6,2,2,24.94,0
-61.02,-100.24,2,2,24.94,0
-60.29,-99.52,2,2,24.94,0
-59.57,-98.79,2,2,24.94,0
-59.16,-98.39,2,2,24.94,0
-58.25,-97.48,2,2,24.94,0
-57.92,-97.15,2,2,24.94,0
-57.31,-96.54,2,2,24.94,0
-56.85,-96.08,2,2,24.94,0
-56.15,-95.38,2,2,24.94,0
-55.79,-95.02,2,2,24.94,0
-55.18,-94.41,2,2,24.94,0
-54.45,-93.68,2,2,24.94,0
-53.96,-93.18,2,2,24.94,0
-53.34,-92.57,2,2,24.94,0
-52.88,-92.11,2,2,24.94,0
-52.3,-91.52,2,2,24.94,0
-51.66,-90.89,2,2,24.94,0
-51.18,-90.41,2,2,24.94,0
-50.48,-89.71,2,2,24.94,0
-50.07,-89.3,2,2,24.94,0
-49.18,-88.4,2,2,24.94,0
-48.57,-87.79,2,2,24.94,0
-47.9,-87.13,2,2,24.94,0
-47.31,-86.54,2,2,24.94,0
-46.53,-85.76,2,2,24.94,0
-45.85,-85.08,2,2,24.94,0
-45.12,-84.34,2,2,24.94,0
-44.51,-83.74,2,2,24.94,0
-43.83,-83.06,2,2,24.94,0
-43.11,-82.34,2,2,24.94,0
-42.75,-81.98,2,2,24.94,0
-42.03,-81.26,2,2,24.94,0
-41.18,-80.4,2,2,24.94,0
-40.31,-79.54,2,2,24.94,0
-39.57,-78.8,2,2,24.94,0
-39.03,-78.26,2,2,24.94,0
-38.16,-77.39,2,2,24.94,0
-37.81,-77.04,2,2,24.94,0
-37.21,-76.43,2,2,24.94,0
-36.32,-75.55,2,2,24.94,0
-35.62,-74.85,2,2,24.94,0
-34.92,-74.15,2,2,24.94,0
-34.51,-73.74,2,2,24.94,0
-34.01,-73.24,2,2,24.94,0
-33.44,-72.67,2,2,24.94,0
-32.61,-71.84,2,2,24.94,0
-31.92,-71.15,2,2,24.94,0
-31.12,-70.35,2,2,24.94,0
-30.63,-69.86,2,2,24.94,0
-29.91,-69.13,2,2,24.94,0
-29.42,-68.65,2,2,24.94,0
-28.62,-67.85,2,2,24.94,0
-27.84,-67.07,2,2,24.94,0
-27.28,-66.51,2,2,24.94,0
-26.78,-66.01,2,2,24.94,0
-26.24,-65.47,2,2,24.94,0
-25.51,-64.74,2,2,24.94,0
-25.02,-64.24,2,2,24.94,0
-24.52,-63.75,2,2,24.94,0
-23.8,-63.03,2,2,24.94,0
-23.29,-62.52,2,2,24.94,0
-22.79,-62.02,2,2,24.94,0
-22.27,-61.5,2,2,24.94,0
-21.72,-60.94,2,2,24.94,0
-20.83,-60.05,2,2,24.94,0
-20.18,-59.41,2,2,24.94,0
-19.41,-58.64,2,2,24.94,0
-18.79,-58.02,2,2,24.94,0
-18.29,-57.51,2,2,24.94,0
-17.8,-57.03,2,2,24.94,0
-16.96,-56.19,2,2,24.94,0
-16.36,-55.58,2,2,24.94,0
-15.92,-55.14,2,2,24.94,0
-15.19,-54.42,2,2,24.94,0
-14.71,-53.94,2,2,24.94,0
-13.83,-53.06,2,2,24.94,0
-13.47,-52.7,2,2,24.94,0
-12.69,-51.92,2,2,24.94,0
-11.96,-51.19,2,2,24.94,0
-11.41,-50.63,2,2,24.94,0
-10.92,-50.15,2,2,24.94,0
-10.2,-49.42,2,2,24.94,0
-9.46,-48.69,2,2,24.94,0
-9.13,-48.36,2,2,24.94,0
-8.15,-47.38,2,2,24.94,0
-7.42,-46.65,2,2,24.94,0
-7.06,-46.29,2,2,24.94,0
-6.28,-45.51,2,2,24.94,0
-5.88,-45.11,2,2,24.94,0
-5.0,-44.23,2,2,24.94,0
-4.64,-43.87,2,2,24.94,0
-3.69,-42.92,2,2,24.94,0
-3.03,-42.26,2,2,24.94,0
-2.58,-41.81,2,2,24.94,0
-1.88,-41.11,2,2,24.94,0
-0.92,-40.15,2,2,24.94,0
-0.28,-39.51,2,2,24.94,0
0.44,-38.79,2,2,24.94,0
1.11,-38.12,2,2,24.94,0
1.47,-37.75,2,2,24.94,0
2.0,-37.23,2,2,24.94,0
2.95,-36.28,2,2,24.94,0
3.29,-35.94,2,2,24.94,0
4.15,-35.08,2,2,24.94,0
4.63,-34.6,2,2,24.94,0
5.6,-33.63,2,2,24.94,0
6.35,-32.88,2,2,24.94,0
6.89,-32.34,2,2,24.94,0
7.74,-31.49,2,2,24.94,0
8.35,-30.87,2,2,24.94,0
9.21,-30.02,2,2,24.94,0
9.81,-29.42,2,2,24.94,0
10.42,-28.81,2,2,24.94,0
11.02,-28.2,2,2,24.94,0
11.51,-27.72,2,2,24.94,0
12.23,-27.0,2,2,24.94,0
12.75,-26.48,2,2,24.94,0
13.25,-25.98,2,2,24.94,0
13.74,-25.49,2,2,24.94,0
14.23,-25.0,2,2,24.94,0
14.72,-24.51,2,2,24.94,0
15.33,-23.9,2,2,24.94,0
15.93,-23.3,2,2,24.94,0
16.65,-22.58,2,2,24.94,0
17.26,-21.97,2,2,24.94,0
17.87,-21.36,2,2,24.94,0
18.37,-20.86,2,2,24.94,0
19.1,-20.13,2,2,24.94,0
19.97,-19.26,2,2,24.94,0
20.66,-18.57,2,2,24.94,0
21.42,-17.81,2,2,24.94,0
21.91,-17.32,2,2,24.94,0
22.64,-16.58,2,2,24.94,0
23.14,-16.09,2,2,24.94,0
23.99,-15.24,2,2,24.94,0
24.59,-14.64,2,2,24.94,0
25.32,-13.91,2,2,24.94,0
25.81,-13.42,2,2,24.94,0
26.32,-12.91,2,2,24.94,0
26.85,-12.38,2,2,24.94,0
27.5,-11.73,2,2,24.94,0
28.14,-11.09,2,2,24.94,0
29.04,-10.18,2,2,24.94,0
29.39,-9.84,2,2,24.94,0
30.24,-8.99,2,2,24.94,0
30.68,-8.54,2,2,24.94,0
31.55,-7.67,2,2,24.94,0
31.94,-7.29,2,2,24.94,0
32.73,-6.5,2,2,24.94,0
33.45,-5.78,2,2,24.94,0
34.15,-5.07,2,2,24.94,0
34.52,-4.71,2,2,24.94,0
35.25,-3.98,2,2,24.94,0
35.89,-3.34,2,2,24.94,0
36.53,-2.69,2,2,24.94,0
37.44,-1.78,2,2,24.94,0
37.93,-1.3,2,2,24.94,0
38.53,-0.7,2,2,24.94,0
39.06,-0.17,2,2,24.94,0
39.97,0.75,2,2,24.94,0
40.59,1.37,2,2,24.94,0
41.21,1.98,2,2,24.94,0
41.73,2.5,2,2,24.94,0
42.13,2.91,2,2,24.94,0
42.88,3.65,2,2,24.94,0
43.65,4.42,2,2,24.94,0
44.34,5.12,2,2,24.94,0
45.0,5.77,2,2,24.94,0
45.74,6.51,2,2,24.94,0
46.36,7.13,2,2,24.94,0
46.97,7.74,2,2,24.94,0
47.77,8.54,2,2,24.94,0
48.38,9.15,2,2,24.94,0
48.79,9.57,2,2,24.94,0
49.52,10.3,2,2,24.94,0
49.93,10.7,2,2,24.94,0
50.59,11.36,2,2,24.94,0
51.19,11.96,2,2,24.94,0
51.53,12.31,2,2,24.94,0
52.02,12.79,2,2,24.94,0
52.52,13.29,2,2,24.94,0
53.12,13.9,2,2,24.94,0
53.9,14.68,2,2,24.94,0
54.31,15.08,2,2,24.94,0
54.79,15.56,2,2,24.94,0
55.25,16.02,2,2,24.94,0
55.7,16.47,2,2,24.94,0
56.16,16.93,2,2,24.94,0
56.61,17.38,2,2,24.94,0
57.32,18.1,2,2,24.94,0
57.69,18.46,2,2,24.94,0
58.17,18.94,2,2,24.94,0
58.66,19.43,2,2,24.94,0
59.13,19.9,2,2,24.94,0
59.75,20.52,2,2,24.94,0
60.48,21.25,2,2,24.94,0
61.11,21.88,2,2,24.94,0
61.81,22.58,2,2,24.94,0
62.52,23.29,2,2,24.94,0
62.88,23.65,2,2,24.94,0
63.57,24.34,2,2,24.94,0
64.45,25.22,2,2,24.94,0
65.08,25.85,2,2,24.94,0
65.74,26.51,2,2,24.94,0
66.07,26.84,2,2,24.94,0
66.7,27.47,2,2,24.94,0
67.28,28.05,2,2,24.94,0
68.1,28.87,2,2,24.94,0
68.78,29.55,2,2,24.94,0
69.09,29.86,2,2,24.94,0
69.94,30.71,2,2,24.94,0
70.31,31.08,2,2,24.94,0
71.15,31.92,2,2,24.94,0
71.76,32.53,2,2,24.94,0
72.12,32.89,2,2,24.94,0
72.8,33.57,2,2,24.94,0
76.13,36.9,2,2,24.94,0
76.48,37.25,2,2,24.94,0
77.03,37.8,2,2,24.94,0
77.66,38.43,2,2,24.94,0
78.02,38.79,2,2,24.94,0
78.63,39.4,2,2,24.94,0
78.99,39.77,2,2,24.94,0
79.84,40.61,2,2,24.94,0
80.57,41.34,2,2,24.94,0
81.44,42.21,2,2,24.94,0
81.83,42.61,2,2,24.94,0
82.69,43.46,2,2,24.94,0
83.13,43.9,2,2,24.94,0
83.7,44.48,2,2,24.94,0
84.55,45.32,2,2,24.94,0
85.07,45.84,2,2,24.94,0
85.56,46.33,2,2,24.94,0
85.91,46.68,2,2,24.94,0
86.4,47.17,2,2,24.94,0
87.3,48.07,2,2,24.94,0
87.99,48.76,2,2,24.94,0
88.38,49.15,2,2,24.94,0
88.99,49.76,2,2,24.94,0
89.6,50.37,2,2,24.94,0
90.2,50.97,2,2,24.94,0
90.78,51.55,2,2,24.94,0
91.39,52.16,2,2,24.94,0
91.73,52.5,2,2,24.94,0
92.38,53.15,2,2,24.94,0
93.11,53.88,2,2,24.94,0
93.45,54.23,2,2,24.94,0
94.06,54.83,2,2,24.94,0
94.38,55.15,2,2,24.94,0
95.06,55.83,2,2,24.94,0
95.78,56.55,2,2,24.94,0
96.26,57.04,2,2,24.94,0
96.77,57.54,2,2,24.94,0
97.51,58.29,2,2,24.94,0
98.12,58.89,2,2,24.94,0
98.79,59.57,2,2,24.94,0
99.76,60.53,2,2,24.94,0
100.57,61.34,2,2,24.94,0
101.53,62.3,2,2,24.94,0
101.98,62.75,2,2,24.94,0
102.75,63.52,2,2,24.94,0
103.53,64.3,2,2,24.94,0
104.18,64.95,2,2,24.94,0
104.83,65.6,2,2,24.94,0
105.31,66.08,2,2,24.94,0
106.11,66.88,2,2,24.94,0
106.53,67.3,2,2,24.94,0
107.15,67.92,2,2,24.94,0
107.93,68.7,2,2,24.94,0
108.34,69.11,2,2,24.94,0
108.83,69.6,2,2,24.94,0
109.43,70.2,2,2,26.2,1
110.12,70.9,2,2,27.65,1
110.64,71.41,2,2,28.73,1
111.27,72.04,2,2,30.03,1
111.88,72.65,2,2,31.3,1
112.6,73.37,2,2,32.81,1
112.97,73.74,2,2,33.57,1
113.72,74.5,2,2,35.15,1
114.16,74.93,2,2,36.06,1
114.78,75.55,2,2,37.35,1
115.39,76.16,2,2,38.62,1
116.19,76.96,2,2,40.28,1
116.58,77.35,2,2,41.1,1
117.05,77.82,2,2,42.07,1
117.74,78.51,2,2,43.51,1
118.15,78.92,2,2,44.37,1
118.69,79.46,2,2,45.49,1
119.33,80.1,2,2,46.83,1
120.08,80.85,2,2,48.39,1
120.69,81.46,2,2,49.66,1
121.05,81.82,2,2,50.41,1
121.62,82.39,2,2,51.59,1
122.16,82.93,2,2,52.71,1
123.05,83.82,2,2,54.57,1
123.54,84.31,2,2,55.6,1
123.89,84.66,2,2,56.33,1
124.53,85.3,2,2,57.67,1
125.14,85.91,2,2,58.93,1
125.76,86.53,2,2,60.21,1
126.25,87.02,2,2,61.24,1
126.73,87.5,2,2,62.25,1
127.47,88.24,2,2,63.78,1
128.08,88.85,2,2,65.05,1
128.4,89.17,2,2,65.73,1
129.19,89.96,2,2,67.37,1
129.67,90.44,2,2,68.37,1
130.3,91.07,2,2,69.68,1
131.17,91.94,2,2,71.5,1
131.61,92.38,2,2,72.4,1
132.26,93.03,2,2,73.76,1
132.74,93.52,2,2,74.77,1
133.11,93.88,2,2,75.53,1
133.56,94.33,2,2,76.47,1
134.24,95.01,2,2,77.89,1
134.9,95.68,2,2,79.27,1
135.5,96.27,2,2,80.52,1
135.89,96.66,2,2,81.33,1
136.48,97.25,2,2,82.55,1
137.1,97.88,2,2,83.86,1
137.72,98.49,2,2,85.13,1
138.06,98.83,2,2,85.84,1
138.71,99.48,2,2,87.2,1
139.06,99.83,2,2,87.93,1
139.96,100.73,2,2,89.8,1
140.31,101.08,2,2,90.54,1
140.93,101.7,2,2,91.82,1
141.39,102.16,2,2,92.79,1
141.88,102.65,2,2,93.8,1
142.73,103.5,2,2,95.58,1
143.14,103.91,2,2,96.43,1
144.0,104.77,2,2,98.22,1
144.41,105.18,2,2,99.07,1
145.14,105.92,2,2,100.61,1
145.49,106.26,2,2,101.32,1
146.03,106.8,2,2,102.45,1
146.65,107.42,2,2,103.74,1
147.01,107.78,2,2,104.48,1
147.74,108.51,2,2,106.01,1
148.13,108.9,2,2,106.82,1
148.74,109.51,2,2,108.09,1
149.44,110.21,2,2,109.56,1
149.87,110.64,2,2,110.45,1
150.38,111.15,2,2,111.52,1
150.85,111.62,2,2,112.49,1
151.31,112.08,2,2,113.46,1
152.38,113.15,2,2,115.69,1
152.82,113.59,2,2,116.59,1
153.43,114.2,2,2,117.87,1
153.91,114.69,2,2,118.88,1
154.53,115.31,2,2,120.17,1
155.26,116.03,2,2,121.68,1
155.77,116.54,2,2,122.74,1
156.53,117.3,2,2,124.33,1
157.07,117.84,2,2,125.44,1
157.79,118.57,2,2,126.96,1
158.11,118.88,2,2,127.63,1
158.72,119.49,2,2,128.88,1
159.33,120.1,2,2,130.15,1
159.93,120.7,2,2,131.41,1
160.58,121.35,2,2,132.76,1
161.34,122.11,2,2,134.34,1
162.06,122.83,2,2,135.85,1
162.55,123.33,2,2,136.88,1
163.03,123.8,2,2,137.87,1
163.85,124.62,2,2,139.58,1
164.48,125.25,2,2,140.89,1
165.04,125.81,2,2,142.06,1
165.56,126.33,2,2,143.14,1
166.38,127.15,2,2,144.84,1
167.07,127.85,2,2,146.29,1
167.61,128.38,2,2,147.42,1
168.23,129.0,2,2,148.7,1
168.86,129.64,2,2,150.02,1
169.36,130.13,2,2,151.06,1
170.09,130.86,2,2,152.58,1
170.53,131.3,2,2,153.49,1
171.0,131.77,2,2,154.48,1
171.45,132.22,2,2,155.42,1
171.91,132.69,2,2,156.38,1
172.63,133.4,2,2,157.86,1
173.47,134.24,2,2,159.62,1
174.03,134.81,2,2,160.8,1
174.57,135.34,2,2,161.92,1
175.34,136.11,2,2,163.51,1
176.11,136.88,2,2,165.12,1
176.6,137.37,2,2,166.14,1
177.55,138.32,2,2,168.12,1
178.04,138.82,2,2,169.15,1
178.65,139.42,2,2,170.41,1
179.13,139.9,2,2,171.42,1
180.02,140.79,2,2,173.26,1
180.38,141.15,2,2,174.01,1
181.24,142.01,2,2,175.8,1
181.73,142.5,2,2,176.83,1
182.09,142.86,2,2,177.58,1
182.69,143.46,2,2,178.83,1
183.17,143.94,2,2,179.83,1
183.91,144.69,2,2,181.38,1
184.31,145.08,2,2,182.21,1
184.92,145.69,2,2,183.47,1
185.44,146.21,2,2,184.55,1
186.29,147.06,2,2,186.32,1
186.63,147.4,2,2,187.04,1
187.36,148.13,2,2,188.55,1
188.1,148.87,2,2,190.09,1
188.47,149.24,2,2,190.87,1
189.1,149.87,2,2,192.17,1
189.78,150.55,2,2,193.6,1
190.16,150.93,2,2,194.39,1
190.64,151.41,2,2,195.39,1
191.1,151.87,2,2,196.35,1
191.81,152.58,2,2,197.83,1
192.33,153.1,2,2,198.9,1
192.72,153.49,2,2,199.72,1
193.44,154.21,2,2,201.23,1
193.79,154.56,2,2,201.94,1
194.4,155.17,2,2,203.22,1
195.02,155.79,2,2,204.51,1
195.79,156.56,2,2,206.12,1
197.24,158.01,2,2,206.12,0
197.91,158.68,2,2,206.12,0
198.55,159.32,2,2,206.12,0
198.93,159.7,2,2,206.12,0
200.19,160.96,2,2,206.12,0
200.68,161.45,2,2,206.12,0
201.17,161.94,2,2,206.12,0
201.99,162.76,2,2,206.12,0
202.48,163.25,2,2,206.12,0
203.31,164.08,2,2,206.12,0
204.04,164.81,2,2,206.12,0
204.79,165.56,2,2,206.12,0
205.29,166.06,2,2,206.12,0
205.78,166.55,2,2,206.12,0
206.27,167.04,2,2,206.12,0
206.77,167.54,2,2,206.12,0
207.26,168.03,2,2,206.12,0
207.76,168.53,2,2,206.12,0
208.32,169.09,2,2,206.12,0
208.86,169.63,2,2,206.12,0
209.56,170.33,2,2,206.12,0
210.19,170.96,2,2,206.12,0
210.98,171.75,2,2,206.12,0
211.35,172.12,2,2,206.12,0
211.87,172.64,2,2,206.12,0
212.52,173.29,2,2,206.12,0
213.02,173.8,2,2,206.12,0
213.64,174.41,2,2,206.12,0
214.15,174.92,2,2,206.12,0
215.04,175.81,2,2,206.12,0
215.71,176.48,2,2,206.12,0
216.69,177.46,2,2,206.12,0
217.29,178.06,2,2,206.12,0
217.89,178.66,2,2,206.12,0
218.53,179.3,2,2,206.12,0
219.13,179.9,2,2,206.12,0
219.78,180.55,2,2,206.12,0
220.52,181.29,2,2,206.12,0
221.14,181.91,2,2,206.12,0
221.86,182.63,2,2,206.12,0
222.47,183.24,2,2,206.12,0
223.07,183.84,2,2,206.12,0
223.8,184.57,2,2,206.12,0
224.28,185.05,2,2,206.12,0
225.09,185.86,2,2,206.12,0
225.58,186.35,2,2,206.12,0
226.07,186.84,2,2,206.12,0
226.67,187.44,2,2,206.12,0
227.41,188.18,2,2,206.12,0
228.15,188.92,2,2,206.12,0
228.84,189.61,2,2,206.12,0
229.47,190.24,2,2,206.12,0
230.24,191.01,2,2,206.12,0
230.91,191.68,2,2,206.12,0
231.29,192.06,2,2,206.12,0
232.15,192.93,2,2,206.12,0
232.51,193.29,2,2,206.12,0
233.27,194.05,2,2,206.12,0
233.88,194.65,2,2,206.12,0
234.49,195.26,2,2,206.12,0
235.1,195.87,2,2,206.12,0
235.83,196.6,2,2,206.12,0
236.22,197.0,2,2,206.12,0
236.99,197.76,2,2,206.12,0
237.44,198.22,2,2,206.12,0
238.02,198.8,2,2,206.12,0
238.78,199.55,2,2,206.12,0
239.17,199.94,2,2,206.12,0
240.02,200.79,2,2,206.12,0
240.72,201.49,2,2,206.12,0
241.46,202.23,2,2,206.12,0
242.09,202.87,2,2,206.12,0
242.7,203.47,2,2,206.12,0
243.06,203.83,2,2,206.12,0
243.92,204.69,2,2,206.12,0
244.74,205.51,2,2,206.12,0
245.56,206.33,2,2,206.12,0
245.98,206.75,2,2,206.12,0
246.45,207.22,2,2,206.12,0
246.9,207.67,2,2,206.12,0
247.52,208.29,2,2,206.12,0
247.86,208.63,2,2,206.12,0
248.33,209.1,2,2,206.12,0
248.82,209.6,2,2,206.12,0
249.69,210.46,2,2,206.12,0
250.05,210.82,2,2,206.12,0
250.52,211.29,2,2,206.12,0
250.97,211.74,2,2,206.12,0
251.42,212.19,2,2,206.12,0
252.14,212.91,2,2,206.12,0
252.62,213.39,2,2,206.12,0
253.22,213.99,2,2,206.12,0
253.7,214.48,2,2,206.12,0
254.32,215.09,2,2,206.12,0
255.03,215.8,2,2,206.12,0
255.65,216.42,2,2,206.12,0
256.07,216.84,2,2,206.12,0
257.04,217.81,2,2,206.12,0
257.62,218.4,2,2,206.12,0
258.23,219.0,2,2,206.12,0
258.88,219.65,2,2,206.12,0
259.62,220.39,2,2,206.12,0
260.22,220.99,2,2,206.12,0
260.96,221.73,2,2,206.12,0
261.32,222.09,2,2,206.12,0
262.22,222.99,2,2,206.12,0
262.73,223.5,2,2,206.12,0
263.46,224.24,2,2,206.12,0
264.38,225.15,2,2,206.12,0
264.76,225.54,2,2,206.12,0
265.62,226.39,2,2,206.12,0
266.24,227.01,2,2,206.12,0
266.6,227.37,2,2,206.12,0
267.13,227.9,2,2,206.12,0
267.97,228.74,2,2,206.12,0
268.65,229.43,2,2,206.12,0
269.06,229.83,2,2,206.12,0
269.91,230.68,2,2,206.12,0
270.28,231.05,2,2,206.12,0
270.96,231.73,2,2,206.12,0
271.79,232.56,2,2,206.12,0
272.11,232.88,2,2,206.12,0
272.62,233.39,2,2,206.12,0
273.1,233.87,2,2,206.12,0
273.6,234.37,2,2,206.12,0
274.07,234.84,2,2,206.12,0
274.75,235.52,2,2,206.12,0
275.51,236.28,2,2,206.12,0
276.19,236.97,2,2,206.12,0
276.87,237.64,2,2,206.12,0
277.23,238.0,2,2,206.12,0
277.84,238.61,2,2,206.12,0
278.57,239.34,2,2,206.12,0
279.27,240.04,2,2,206.12,0
279.86,240.63,2,2,206.12,0
280.36,241.13,2,2,206.12,0
281.09,241.86,2,2,206.12,0
281.72,242.49,2,2,206.12,0
282.18,242.95,2,2,206.12,0
282.68,243.45,2,2,206.12,0
283.29,244.06,2,2,206.12,0
283.95,244.73,2,2,206.12,0
284.6,245.37,2,2,206.12,0
285.01,245.78,2,2,206.12,0
285.9,246.67,2,2,206.12,0
286.66,247.43,2,2,206.12,0
287.05,247.83,2,2,206.12,0
287.9,248.67,2,2,206.12,0
288.22,248.99,2,2,206.12,0
289.09,249.87,2,2,206.12,0
289.84,250.61,2,2,206.12,0
290.2,250.97,2,2,206.12,0
290.81,251.58,2,2,206.12,0
291.31,252.08,2,2,206.12,0
292.19,252.96,2,2,206.12,0
292.63,253.4,2,2,206.12,0
293.6,254.38,2,2,206.12,0
294.0,254.77,2,2,206.12,0
294.52,255.29,2,2,206.12,0
295.37,256.14,2,2,206.12,0
295.94,256.72,2,2,206.12,0
296.29,257.06,2,2,206.12,0
297.26,258.03,2,2,206.12,0
297.87,258.64,2,2,206.12,0
298.54,259.31,2,2,206.12,0
298.96,259.73,2,2,206.12,0
299.72,260.49,2,2,206.12,0
300.33,261.1,2,2,206.12,0
300.97,261.74,2,2,206.12,0
302.05,262.82,2,2,206.12,0
302.8,263.57,2,2,206.12,0
303.46,264.23,2,2,206.12,0
304.21,264.99,2,2,206.12,0
304.86,265.63,2,2,206.12,0
305.35,266.12,2,2,206.12,0
306.08,266.85,2,2,206.12,0
306.45,267.22,2,2,206.12,0
307.33,268.11,2,2,206.12,0
307.82,268.59,2,2,206.12,0
308.81,269.58,2,2,206.12,0
309.18,269.95,2,2,206.12,0
310.16,270.93,2,2,206.12,0
311.03,271.81,2,2,206.12,0
311.71,272.48,2,2,206.12,0
312.35,273.12,2,2,206.12,0
313.07,273.84,2,2,206.12,0
313.63,274.4,2,2,206.12,0
314.31,275.08,2,2,206.12,0
314.69,275.46,2,2,206.12,0
315.74,276.51,2,2,208.29,1
316.41,277.19,2,2,209.7,1
316.83,277.6,2,2,210.57,1
317.62,278.39,2,2,212.21,1
317.98,278.75,2,2,212.97,1
318.5,279.27,2,2,214.05,1
319.47,280.24,2,2,216.07,1
319.87,280.64,2,2,216.9,1
320.48,281.25,2,2,218.17,1
320.94,281.71,2,2,219.13,1
321.57,282.34,2,2,220.44,1
321.92,282.69,2,2,221.18,1
322.38,283.15,2,2,222.13,1
323.48,284.25,2,2,224.42,1
324.24,285.01,2,2,226.0,1
324.84,285.61,2,2,227.26,1
325.21,285.98,2,2,228.02,1
325.82,286.59,2,2,229.29,1
326.58,287.35,2,2,230.88,1
327.16,287.93,2,2,232.1,1
328.19,288.96,2,2,234.23,1
328.7,289.48,2,2,235.31,1
329.14,289.91,2,2,236.21,1
329.99,290.76,2,2,237.98,1
330.67,289.32,2,-2,239.4,1
329.32,288.64,-2,-2,240.81,1
328.42,287.74,-2,-2,242.69,1
328.06,287.37,-2,-2,243.45,1
327.15,286.47,-2,-2,245.34,1
326.78,286.1,-2,-2,246.1,1
325.99,285.31,-2,-2,247.75,1
325.39,284.71,-2,-2,249.01,1
324.73,284.05,-2,-2,250,1
323.92,283.24,-2,-2,250,1
323.52,282.84,-2,-2,250,1
322.8,282.12,-2,-2,250,1
322.1,281.42,-2,-2,250,1
321.78,281.1,-2,-2,250,1
321.0,280.32,-2,-2,250,1
320.28,279.6,-2,-2,250,1
319.55,278.87,-2,-2,250,1
319.07,278.39,-2,-2,250,1
318.46,277.78,-2,-2,250,1
317.97,277.29,-2,-2,250,1
316.89,276.21,-2,-2,250,1
316.17,275.49,-2,-2,250,1
315.65,274.97,-2,-2,250,1
314.93,274.25,-2,-2,250,1
314.41,273.73,-2,-2,250,1
314.03,273.34,-2,-2,250,1
313.15,272.47,-2,-2,250,1
312.47,271.79,-2,-2,250,1
311.89,271.21,-2,-2,250,1
311.26,270.58,-2,-2,250,1
310.65,269.97,-2,-2,250,1
309.91,269.23,-2,-2,250,1
309.26,268.58,-2,-2,250,0
308.44,267.75,-2,-2,250,0
307.71,267.03,-2,-2,250,0
306.99,266.31,-2,-2,250,0
306.5,265.82,-2,-2,250,0
305.78,265.1,-2,-2,250,0
305.29,264.61,-2,-2,250,0
304.56,263.88,-2,-2,250,0
304.04,263.36,-2,-2,250,0
303.55,262.87,-2,-2,250,0
303.06,262.38,-2,-2,250,0
302.57,261.89,-2,-2,250,0
302.07,261.39,-2,-2,250,0
301.58,260.9,-2,-2,250,0
301.09,260.41,-2,-2,250,0
300.37,259.69,-2,-2,250,0
299.79,259.11,-2,-2,250,0
299.3,258.62,-2,-2,250,0
298.81,258.13,-2,-2,250,0
298.21,257.53,-2,-2,250,0
297.85,257.16,-2,-2,250,0
297.1,256.42,-2,-2,250,0
296.38,255.7,-2,-2,250,0
295.26,254.58,-2,-2,250,0
294.79,254.11,-2,-2,250,0
293.79,253.11,-2,-2,250,0
292.87,252.19,-2,-2,250,0
291.94,251.26,-2,-2,250,0
291.21,250.53,-2,-2,250,0
290.72,250.04,-2,-2,250,0
290.0,249.32,-2,-2,250,0
288.92,248.23,-2,-2,250,0
288.19,247.51,-2,-2,250,0
287.58,246.9,-2,-2,250,0
286.98,246.3,-2,-2,250,0
286.25,245.57,-2,-2,250,0
285.49,244.81,-2,-2,250,0
284.63,243.95,-2,-2,250,0
284.03,243.34,-2,-2,250,0
283.08,242.4,-2,-2,250,0
282.23,241.55,-2,-2,250,0
281.56,240.88,-2,-2,250,0
280.74,240.06,-2,-2,250,0
280.13,239.45,-2,-2,250,0
279.4,238.72,-2,-2,250,0
278.75,238.07,-2,-2,250,0
278.07,237.39,-2,-2,250,0
277.33,236.65,-2,-2,250,0
276.55,235.87,-2,-2,250,0
275.85,235.17,-2,-2,250,0
275.25,234.56,-2,-2,250,0
274.65,233.97,-2,-2,250,0
273.8,233.12,-2,-2,250,0
272.86,232.18,-2,-2,250,0
272.3,231.62,-2,-2,250,0
271.69,231.01,-2,-2,250,0
271.09,230.41,-2,-2,250,0
270.2,229.52,-2,-2,250,0
269.43,228.75,-2,-2,250,0
268.57,227.88,-2,-2,250,0
267.91,227.23,-2,-2,250,0
267.22,226.54,-2,-2,250,0
266.73,226.05,-2,-2,250,0
266.11,225.43,-2,-2,250,0
265.49,224.81,-2,-2,250,0
264.51,223.83,-2,-2,250,0
263.78,223.1,-2,-2,250,0
263.42,222.74,-2,-2,250,0
262.55,221.87,-2,-2,250,0
262.07,221.39,-2,-2,250,0
261.34,220.66,-2,-2,250,0
260.94,220.26,-2,-2,250,0
260.19,219.51,-2,-2,250,0
259.47,218.79,-2,-2,250,0
258.35,217.67,-2,-2,250,0
257.86,217.18,-2,-2,250,0
257.13,216.45,-2,-2,250,0
256.38,215.7,-2,-2,250,0
255.88,215.2,-2,-2,250,0
255.04,214.36,-2,-2,250,0
254.44,213.76,-2,-2,250,0
253.65,212.97,-2,-2,250,0
252.86,212.18,-2,-2,250,0
252.14,211.46,-2,-2,250,0
251.42,210.74,-2,-2,250,0
250.6,209.92,-2,-2,250,0
249.88,209.2,-2,-2,250,0
249.49,208.8,-2,-2,250,0
248.72,208.03,-2,-2,250,0
248.14,207.46,-2,-2,250,0
247.29,206.61,-2,-2,250,0
246.94,206.26,-2,-2,250,0
246.19,205.51,-2,-2,250,0
245.68,205.0,-2,-2,250,0
245.32,204.64,-2,-2,250,0
244.61,203.93,-2,-2,250,0
243.95,203.27,-2,-2,250,0
243.45,202.77,-2,-2,250,0
242.96,202.28,-2,-2,250,0
242.47,201.79,-2,-2,250,0
241.97,201.29,-2,-2,250,0
241.49,200.81,-2,-2,250,0
240.76,200.08,-2,-2,250,0
239.92,199.24,-2,-2,250,0
239.29,198.61,-2,-2,250,0
238.68,198.0,-2,-2,250,0
238.2,197.52,-2,-2,250,0
237.83,197.15,-2,-2,250,0
237.34,196.66,-2,-2,250,0
236.88,196.19,-2,-2,250,0
236.19,195.51,-2,-2,250,0
235.71,195.03,-2,-2,250,0
235.34,194.66,-2,-2,250,0
234.86,194.18,-2,-2,250,0
234.35,193.67,-2,-2,250,0
233.75,193.07,-2,-2,250,0
233.39,192.71,-2,-2,250,0
232.77,192.09,-2,-2,250,0
232.14,191.46,-2,-2,250,0
231.66,190.98,-2,-2,250,0
230.94,190.25,-2,-2,250,0
230.33,189.65,-2,-2,250,0
229.72,189.04,-2,-2,250,0
229.13,188.44,-2,-2,250,0
228.51,187.83,-2,-2,250,0
228.08,187.4,-2,-2,250,0
227.22,186.54,-2,-2,250,0
226.58,185.9,-2,-2,250,0
225.96,185.28,-2,-2,250,0
225.28,184.6,-2,-2,250,0
224.64,183.96,-2,-2,250,0
224.19,183.51,-2,-2,250,0
223.71,183.03,-2,-2,250,0
222.98,182.3,-2,-2,250,0
222.37,181.69,-2,-2,250,0
221.67,180.99,-2,-2,250,0
221.18,180.5,-2,-2,250,0
220.84,180.16,-2,-2,250,0
219.96,179.28,-2,-2,250,0
219.28,178.6,-2,-2,250,0
218.54,177.86,-2,-2,250,0
217.88,177.19,-2,-2,250,0
217.54,176.86,-2,-2,250,0
216.93,176.25,-2,-2,250,0
216.06,175.38,-2,-2,250,0
215.54,174.86,-2,-2,250,0
214.63,173.95,-2,-2,250,0
213.84,173.16,-2,-2,250,0
213.08,172.4,-2,-2,250,0
212.43,171.75,-2,-2,250,0
211.95,171.27,-2,-2,250,0
211.06,170.38,-2,-2,250,0
210.3,169.61,-2,-2,250,0
209.68,169.0,-2,-2,250,0
208.74,168.06,-2,-2,250,0
207.95,167.27,-2,-2,250,0
207.32,166.64,-2,-2,250,0
206.54,165.86,-2,-2,248.38,2
205.62,164.94,-2,-2,246.45,2
205.22,164.54,-2,-2,245.63,2
204.62,163.94,-2,-2,244.38,2
203.99,163.31,-2,-2,243.07,2
203.46,162.78,-2,-2,241.96,2
203.1,162.42,-2,-2,241.22,2
202.18,161.5,-2,-2,239.29,2
201.49,160.81,-2,-2,237.85,2
200.94,160.26,-2,-2,236.71,2
200.41,159.72,-2,-2,235.6,2
199.8,159.12,-2,-2,234.33,2
199.1,158.42,-2,-2,232.88,2
198.44,157.76,-2,-2,231.51,2
197.68,157.0,-2,-2,229.91,2
197.05,156.37,-2,-2,228.61,2
196.39,155.71,-2,-2,227.23,2
195.98,155.29,-2,-2,226.37,2
195.6,154.92,-2,-2,225.59,2
195.16,154.48,-2,-2,224.67,2
194.53,153.85,-2,-2,223.36,2
193.86,153.18,-2,-2,221.97,2
193.08,152.39,-2,-2,220.33,2
192.45,151.77,-2,-2,219.02,2
192.08,151.4,-2,-2,218.25,2
191.61,150.93,-2,-2,217.27,2
190.98,150.29,-2,-2,215.95,2
190.34,149.66,-2,-2,214.63,2
189.72,149.04,-2,-2,213.33,2
189.35,148.67,-2,-2,212.57,2
188.73,148.05,-2,-2,211.27,2
188.06,147.38,-2,-2,209.87,2
187.47,146.79,-2,-2,208.65,2
186.75,146.07,-2,-2,207.15,2
186.36,145.67,-2,-2,206.32,2
185.63,144.95,-2,-2,204.82,2
184.85,144.17,-2,-2,203.19,2
184.45,143.77,-2,-2,202.35,2
183.97,143.29,-2,-2,201.36,2
183.35,142.67,-2,-2,200.06,2
182.98,142.29,-2,-2,199.28,2
182.35,141.67,-2,-2,197.98,2
182.01,141.33,-2,-2,197.27,2
181.35,140.67,-2,-2,195.9,2
180.98,140.3,-2,-2,195.13,2
180.35,139.67,-2,-2,193.81,2
179.86,139.17,-2,-2,192.78,2
179.31,138.63,-2,-2,191.64,2
178.82,138.13,-2,-2,190.62,2
178.31,137.62,-2,-2,189.55,2
177.59,136.91,-2,-2,188.06,2
177.17,136.49,-2,-2,187.19,2
176.63,135.94,-2,-2,186.05,2
175.91,135.22,-2,-2,184.55,2
175.16,134.48,-2,-2,183.0,2
174.54,133.86,-2,-2,181.7,2
173.77,133.09,-2,-2,180.1,2
173.11,132.43,-2,-2,178.74,2
172.46,131.78,-2,-2,177.38,2
171.86,131.17,-2,-2,176.12,2
171.24,130.56,-2,-2,174.84,2
170.44,129.76,-2,-2,173.17,2
169.79,129.11,-2,-2,171.82,2
169.14,128.46,-2,-2,170.46,2
168.77,128.09,-2,-2,169.69,2
168.13,127.45,-2,-2,168.35,2
167.59,126.91,-2,-2,167.23,2
167.25,126.57,-2,-2,166.53,2
166.79,126.11,-2,-2,165.56,2
166.35,125.67,-2,-2,164.65,2
165.5,124.82,-2,-2,162.88,2
164.82,124.14,-2,-2,161.46,2
164.14,123.46,-2,-2,160.04,2
163.64,122.96,-2,-2,159.01,2
162.99,122.31,-2,-2,157.64,2
162.58,121.9,-2,-2,156.8,2
162.14,121.46,-2,-2,155.88,2
161.35,120.66,-2,-2,154.22,2
160.93,120.25,-2,-2,153.35,2
160.42,119.74,-2,-2,152.3,2
159.94,119.26,-2,-2,151.3,2
159.46,118.78,-2,-2,150.29,2
158.75,118.07,-2,-2,148.81,2
157.94,117.26,-2,-2,147.12,2
157.25,116.57,-2,-2,145.68,2
156.56,115.88,-2,-2,144.26,2
155.93,115.25,-2,-2,142.94,2
155.42,114.74,-2,-2,141.88,2
154.56,113.88,-2,-2,140.08,2
153.69,113.01,-2,-2,138.27,2
153.3,112.62,-2,-2,137.47,2
152.56,111.88,-2,-2,135.92,2
152.21,111.53,-2,-2,135.2,2
151.73,111.05,-2,-2,134.19,2
151.08,110.4,-2,-2,132.84,2
150.49,109.81,-2,-2,131.6,2
149.6,108.92,-2,-2,129.75,2
148.86,108.18,-2,-2,128.21,2
148.14,107.46,-2,-2,126.71,2
147.5,106.82,-2,-2,125.38,2
146.83,106.15,-2,-2,123.99,2
146.18,105.5,-2,-2,122.63,2
145.78,105.1,-2,-2,121.79,2
145.3,104.62,-2,-2,120.79,2
144.61,103.93,-2,-2,119.36,2
143.99,103.3,-2,-2,118.05,2
143.45,102.77,-2,-2,116.94,2
142.7,102.02,-2,-2,115.37,2
142.26,101.58,-2,-2,114.47,2
141.57,100.89,-2,-2,113.03,2
141.21,100.53,-2,-2,112.28,2
140.55,99.87,-2,-2,110.9,2
140.16,99.48,-2,-2,110.08,2
139.52,98.84,-2,-2,108.76,2
138.66,97.98,-2,-2,106.97,2
138.27,97.59,-2,-2,106.16,2
137.75,97.07,-2,-2,105.06,2
136.95,96.27,-2,-2,103.39,2
136.59,95.91,-2,-2,102.64,2
136.1,95.41,-2,-2,101.62,2
135.21,94.53,-2,-2,99.77,2
134.61,93.93,-2,-2,98.52,2
134.24,93.56,-2,-2,97.76,2
133.41,92.73,-2,-2,96.03,2
132.57,91.89,-2,-2,94.27,2
131.85,91.17,-2,-2,92.76,2
131.36,90.68,-2,-2,91.76,2
130.48,89.79,-2,-2,89.91,2
129.99,89.31,-2,-2,88.9,2
129.31,88.63,-2,-2,87.48,2
128.71,88.03,-2,-2,86.23,2
128.24,87.56,-2,-2,85.25,2
127.39,86.71,-2,-2,83.49,2
126.79,86.11,-2,-2,82.23,2
126.31,85.62,-2,-2,81.22,2
125.58,84.9,-2,-2,79.72,2
124.86,84.18,-2,-2,78.21,2
123.89,83.21,-2,-2,76.19,2
123.41,82.73,-2,-2,75.18,2
122.69,82.0,-2,-2,73.68,2
122.08,81.4,-2,-2,72.43,2
121.4,80.72,-2,-2,71.01,2
120.84,80.16,-2,-2,69.84,2
120.12,79.43,-2,-2,68.32,2
119.47,78.79,-2,-2,66.97,2
118.98,78.3,-2,-2,65.97,2
118.1,77.42,-2,-2,64.13,2
117.55,76.86,-2,-2,62.97,2
116.84,76.15,-2,-2,61.49,2
116.18,75.5,-2,-2,60.13,2
115.46,74.78,-2,-2,58.62,2
114.74,74.06,-2,-2,57.12,2
114.24,73.56,-2,-2,56.09,2
113.52,72.84,-2,-2,54.58,2
112.79,72.11,-2,-2,53.07,2
112.07,71.39,-2,-2,51.56,2
111.35,70.67,-2,-2,50.06,2
110.63,69.94,-2,-2,48.55,2
109.9,69.22,-2,-2,47.05,2
109.06,68.38,-2,-2,45.29,2
108.46,67.78,-2,-2,44.03,2
107.6,66.92,-2,-2,42.26,2
107.12,66.44,-2,-2,41.25,2
106.64,65.96,-2,-2,40.25,2
106.16,65.48,-2,-2,39.24,2
105.55,64.87,-2,-2,37.99,2
104.71,64.03,-2,-2,36.23,2
103.98,63.3,-2,-2,34.71,2
103.13,62.45,-2,-2,32.95,2
102.53,61.85,-2,-2,31.68,2
101.92,61.24,-2,-2,30.42,2
101.3,60.62,-2,-2,29.13,2
100.69,60.01,-2,-2,27.85,2
99.95,59.27,-2,-2,26.31,2
99.26,58.57,-2,-2,24.87,2
98.54,57.85,-2,-2,23.37,2
97.8,57.12,-2,-2,21.84,2
97.23,56.55,-2,-2,20.64,2
96.33,55.65,-2,-2,18.78,2
95.61,54.93,-2,-2,17.27,2
94.89,54.2,-2,-2,15.76,2
93.8,53.12,-2,-2,15.76,0
93.19,52.51,-2,-2,15.76,0
92.47,51.79,-2,-2,15.76,0
91.75,51.07,-2,-2,15.76,0
90.95,50.27,-2,-2,15.76,0
90.1,49.42,-2,-2,15.76,0
89.26,48.58,-2,-2,15.76,0
88.42,47.74,-2,-2,15.76,0
87.67,46.99,-2,-2,15.76,0
87.07,46.39,-2,-2,15.76,0
86.13,45.44,-2,-2,15.76,0
85.43,44.75,-2,-2,15.76,0
84.75,44.07,-2,-2,15.76,0
84.17,43.49,-2,-2,15.76,0
83.52,42.84,-2,-2,15.76,0
82.85,42.17,-2,-2,15.76,0
82.41,41.73,-2,-2,15.76,0
81.85,41.17,-2,-2,15.76,0
80.85,40.17,-2,-2,15.76,0
80.51,39.82,-2,-2,15.76,0
79.54,38.86,-2,-2,15.76,0
78.97,38.28,-2,-2,15.76,0
78.58,37.9,-2,-2,15.76,0
77.72,37.04,-2,-2,15.76,0
77.35,36.67,-2,-2,15.76,0
76.62,35.94,-2,-2,15.76,0
76.29,35.61,-2,-2,15.76,0
75.46,34.78,-2,-2,15.76,0
74.82,34.14,-2,-2,15.76,0
74.13,33.45,-2,-2,15.76,0
73.49,32.81,-2,-2,15.76,0
72.93,32.25,-2,-2,15.76,0
72.33,31.64,-2,-2,15.76,0
71.82,31.14,-2,-2,15.76,0
71.1,30.42,-2,-2,15.76,0
70.54,29.86,-2,-2,15.76,0
70.06,29.38,-2,-2,15.76,0
69.57,28.89,-2,-2,15.76,0
68.81,28.13,-2,-2,15.76,0
68.33,27.65,-2,-2,15.76,0
67.61,26.93,-2,-2,15.76,0
67.05,26.36,-2,-2,15.76,0
66.5,25.82,-2,-2,15.76,0
65.72,25.04,-2,-2,15.76,0
65.24,24.56,-2,-2,15.76,0
64.76,24.07,-2,-2,15.76,0
63.99,23.31,-2,-2,15.76,0
63.26,22.58,-2,-2,15.76,0
62.71,22.02,-2,-2,15.76,0
61.9,21.22,-2,-2,15.76,0
61.03,20.34,-2,-2,15.76,0
60.07,19.39,-2,-2,15.76,0
59.33,18.65,-2,-2,15.76,0
58.93,18.25,-2,-2,15.76,0
58.3,17.62,-2,-2,15.76,0
57.64,16.95,-2,-2,15.76,0
56.9,16.22,-2,-2,15.76,0
56.09,15.41,-2,-2,15.76,0
55.31,14.63,-2,-2,15.76,0
54.55,13.87,-2,-2,15.76,0
53.65,12.97,-2,-2,15.76,0
53.04,12.36,-2,-2,15.76,0
52.32,11.64,-2,-2,15.76,0
51.56,10.88,-2,-2,15.76,0
51.08,10.4,-2,-2,15.76,0
50.36,9.68,-2,-2,15.76,0
49.8,9.12,-2,-2,15.76,0
49.45,8.77,-2,-2,15.76,0
48.94,8.26,-2,-2,15.76,0
48.21,7.53,-2,-2,15.76,0
47.6,6.92,-2,-2,15.76,0
47.09,6.41,-2,-2,15.76,0
46.48,5.8,-2,-2,15.76,0
45.93,5.25,-2,-2,15.76,0
45.06,4.38,-2,-2,15.76,0
44.27,3.59,-2,-2,15.76,0
43.84,3.15,-2,-2,15.76,0
43.23,2.54,-2,-2,15.76,0
42.61,1.92,-2,-2,15.76,0
42.11,1.43,-2,-2,15.76,0
41.34,0.66,-2,-2,15.76,0
40.74,0.05,-2,-2,15.76,0
39.81,-0.87,-2,-2,15.76,0
39.25,-1.43,-2,-2,15.76,0
38.65,-2.03,-2,-2,15.76,0
37.84,-2.84,-2,-2,15.76,0
37.27,-3.41,-2,-2,15.76,0
36.56,-4.13,-2,-2,15.76,0
35.9,-4.78,-2,-2,15.76,0
35.28,-5.41,-2,-2,15.76,0
34.72,-5.96,-2,-2,15.76,0
34.17,-6.51,-2,-2,15.76,0
33.41,-7.27,-2,-2,15.76,0
32.81,-7.87,-2,-2,15.76,0
32.25,-8.43,-2,-2,15.76,0
31.65,-9.03,-2,-2,15.76,0
30.99,-9.69,-2,-2,15.76,0
30.25,-10.43,-2,-2,15.76,0
29.77,-10.91,-2,-2,15.76,0
28.78,-11.91,-2,-2,15.76,0
28.13,-12.55,-2,-2,15.76,0
27.8,-12.88,-2,-2,15.76,0
27.27,-13.41,-2,-2,15.76,0
26.3,-14.39,-2,-2,15.76,0
25.91,-14.78,-2,-2,15.76,0
25.06,-15.62,-2,-2,15.76,0
24.43,-16.25,-2,-2,15.76,0
23.99,-16.69,-2,-2,15.76,0
23.38,-17.3,-2,-2,15.76,0
22.64,-18.04,-2,-2,15.76,0
22.04,-18.65,-2,-2,15.76,0
21.37,-19.31,-2,-2,15.76,0
20.7,-19.98,-2,-2,15.76,0
20.34,-20.34,-2,-2,15.76,0
19.51,-21.17,-2,-2,15.76,0
18.79,-21.89,-2,-2,15.76,0
18.19,-22.49,-2,-2,15.76,0
17.54,-23.15,-2,-2,15.76,0
16.68,-24.0,-2,-2,15.76,0
15.88,-24.8,-2,-2,15.76,0
15.32,-25.36,-2,-2,15.76,0
14.79,-25.89,-2,-2,15.76,0
14.04,-26.64,-2,-2,15.76,0
13.68,-27.0,-2,-2,15.76,0
13.06,-27.62,-2,-2,15.76,0
12.3,-28.38,-2,-2,15.76,0
11.9,-28.78,-2,-2,15.76,0
11.39,-29.29,-2,-2,15.76,0
10.77,-29.91,-2,-2,15.76,0
10.3,-30.38,-2,-2,15.76,0
9.67,-31.01,-2,-2,15.76,0
9.34,-31.35,-2,-2,15.76,0
8.84,-31.84,-2,-2,15.76,0
8.38,-32.3,-2,-2,15.76,0
7.92,-32.76,-2,-2,15.76,0
7.36,-33.32,-2,-2,15.76,0
6.72,-33.96,-2,-2,15.76,0
6.12,-34.56,-2,-2,15.76,0
5.35,-35.33,-2,-2,15.76,0
4.74,-35.94,-2,-2,15.76,0
4.11,-36.57,-2,-2,15.76,0
3.43,-37.25,-2,-2,15.76,0
2.91,-37.77,-2,-2,15.76,0
2.29,-38.39,-2,-2,15.76,0
1.37,-39.31,-2,-2,15.76,0
0.94,-39.74,-2,-2,15.76,0
0.08,-40.6,-2,-2,15.76,0
-0.41,-41.09,-2,-2,15.76,0
-0.8,-41.48,-2,-2,15.76,0
-1.29,-41.97,-2,-2,15.76,0
-1.96,-42.64,-2,-2,15.76,0
-2.36,-43.04,-2,-2,15.76,0
-3.09,-43.77,-2,-2,15.76,0
-3.57,-44.25,-2,-2,15.76,0
-4.19,-44.87,-2,-2,15.76,0
-4.92,-45.6,-2,-2,15.76,0
-5.52,-46.2,-2,-2,15.76,0
-5.91,-46.6,-2,-2,15.76,0
-6.37,-47.05,-2,-2,15.76,0
-7.23,-47.91,-2,-2,15.76,0
-7.72,-48.4,-2,-2,15.76,0
-8.2,-48.88,-2,-2,15.76,0
-8.77,-49.45,-2,-2,15.76,0
-9.58,-50.26,-2,-2,15.76,0
-10.11,-50.79,-2,-2,15.76,0
-10.47,-51.15,-2,-2,15.76,0
-11.21,-51.89,-2,-2,15.76,0
-11.8,-52.48,-2,-2,15.76,0
-12.21,-52.89,-2,-2,15.76,0
-12.93,-53.61,-2,-2,15.76,0
-13.31,-53.99,-2,-2,15.76,0
-13.92,-54.6,-2,-2,15.76,0
-14.65,-55.34,-2,-2,15.76,0
-15.27,-55.95,-2,-2,15.76,0
-15.69,-56.37,-2,-2,15.76,0
-16.17,-56.85,-2,-2,15.76,0
-16.91,-57.59,-2,-2,15.76,0
-17.45,-58.13,-2,-2,15.76,0
-17.81,-58.5,-2,-2,15.76,0
-18.28,-58.96,-2,-2,15.76,0
-19.13,-59.81,-2,-2,15.76,0
-19.74,-60.42,-2,-2,15.76,0
-20.1,-60.78,-2,-2,15.76,0
-20.71,-61.39,-2,-2,15.76,0
-21.32,-62.0,-2,-2,15.76,0
-21.81,-62.49,-2,-2,15.76,0
-22.49,-63.17,-2,-2,15.76,0
-23.09,-63.77,-2,-2,15.76,0
-23.94,-64.62,-2,-2,15.76,0
-24.45,-65.13,-2,-2,15.76,0
-24.95,-65.63,-2,-2,15.76,0
-25.31,-65.99,-2,-2,15.76,0
-25.76,-66.44,-2,-2,15.76,0
-26.39,-67.07,-2,-2,15.76,0
-26.73,-67.41,-2,-2,15.76,0
-27.17,-67.85,-2,-2,15.76,0
-27.67,-68.35,-2,-2,15.76,0
-28.16,-68.85,-2,-2,15.76,0
-28.82,-69.5,-2,-2,15.76,0
-29.57,-70.25,-2,-2,15.76,0
-30.31,-70.99,-2,-2,15.76,0
-30.92,-71.6,-2,-2,15.76,0
-31.32,-72.0,-2,-2,15.76,0
-31.94,-72.62,-2,-2,15.76,0
-32.8,-73.48,-2,-2,15.76,0
-33.52,-74.2,-2,-2,15.76,0
-33.96,-74.64,-2,-2,15.76,0
-34.44,-75.12,-2,-2,15.76,0
-35.03,-75.71,-2,-2,15.76,0
-35.83,-76.51,-2,-2,15.76,0
-36.21,-76.89,-2,-2,15.76,0
-36.86,-77.55,-2,-2,15.76,0
-37.5,-78.18,-2,-2,15.76,0
-37.86,-78.54,-2,-2,15.76,0
-38.34,-79.02,-2,-2,15.76,0
-38.85,-79.53,-2,-2,15.76,0
-39.44,-80.12,-2,-2,15.76,0
-40.04,-80.72,-2,-2,15.76,0
-40.52,-81.2,-2,-2,15.76,0
-41.03,-81.72,-2,-2,15.76,0
-41.52,-82.2,-2,-2,15.76,0
-41.99,-82.68,-2,-2,15.76,0
-42.48,-83.17,-2,-2,15.76,0
-43.31,-83.99,-2,-2,15.76,0
-43.89,-84.57,-2,-2,15.76,0
-44.53,-85.21,-2,-2,15.76,0
-45.25,-85.93,-2,-2,15.76,0
-45.68,-86.36,-2,-2,15.76,0
-46.17,-86.85,-2,-2,15.76,0
-46.78,-87.46,-2,-2,15.76,0
-47.4,-88.08,-2,-2,15.76,0
-47.83,-88.51,-2,-2,15.76,0
-48.44,-89.12,-2,-2,15.76,0
-49.06,-89.74,-2,-2,15.76,0
-49.44,-90.12,-2,-2,15.76,0
-49.93,-90.61,-2,-2,15.76,0
-50.54,-91.22,-2,-2,15.76,0
-51.19,-91.87,-2,-2,15.76,0
-51.58,-92.26,-2,-2,15.76,0
-52.3,-92.98,-2,-2,15.76,0
-52.79,-93.47,-2,-2,15.76,0
-53.59,-94.27,-2,-2,15.76,0
-54.04,-94.72,-2,-2,15.76,0
-54.53,-95.21,-2,-2,15.76,0
-55.25,-95.93,-2,-2,15.76,0
-55.61,-96.29,-2,-2,15.76,0
-56.16,-96.84,-2,-2,15.76,0
-57.1,-97.78,-2,-2,15.76,0
-57.47,-98.15,-2,-2,15.76,0
-58.09,-98.77,-2,-2,15.76,0
-58.95,-99.63,-2,-2,15.76,0
-59.79,-100.48,-2,-2,15.76,0
-60.41,-101.09,-2,-2,15.76,0
-60.82,-101.5,-2,-2,15.76,0
-61.43,-102.11,-2,-2,15.76,0
-61.95,-102.64,-2,-2,15.76,0
-62.69,-103.38,-2,-2,15.76,0
-63.33,-104.01,-2,-2,15.76,0
-64.27,-104.95,-2,-2,15.76,0
-64.81,-105.49,-2,-2,15.76,0
-65.2,-105.88,-2,-2,15.76,0
-65.69,-106.37,-2,-2,15.76,0
-66.3,-106.98,-2,-2,15.76,0
-67.12,-107.8,-2,-2,15.76,0
-73.49,-114.17,-2,-2,15.76,0
-73.97,-114.66,-2,-2,15.76,0
-74.82,-115.5,-2,-2,15.76,0
-75.43,-116.11,-2,-2,15.76,0
-76.16,-116.84,-2,-2,15.76,0
-76.68,-117.36,-2,-2,15.76,0
-77.29,-117.97,-2,-2,15.76,0
-77.65,-118.33,-2,-2,15.76,0
-78.1,-118.78,-2,-2,15.76,0
-79.19,-119.87,-2,-2,15.76,0
-79.81,-120.49,-2,-2,15.76,0
-80.21,-120.89,-2,-2,15.76,0
-81.08,-121.76,-2,-2,15.76,0
-81.4,-122.09,-2,-2,15.76,0
-81.9,-122.58,-2,-2,15.76,0
-82.5,-123.18,-2,-2,15.76,0
-83.39,-124.07,-2,-2,15.76,0
-84.0,-124.68,-2,-2,15.76,0
-84.73,-125.41,-2,-2,15.76,0
-85.34,-126.02,-2,-2,15.76,0
-85.82,-126.51,-2,-2,15.76,0
-86.55,-127.23,-2,-2,15.76,0
-87.16,-127.84,-2,-2,15.76,0
-87.78,-128.46,-2,-2,15.76,0
-88.12,-128.8,-2,-2,15.76,0
-88.87,-129.55,-2,-2,15.76,0
-89.22,-129.9,-2,-2,15.76,0
-90.09,-130.77,-2,-2,15.76,0
-90.58,-131.26,-2,-2,15.76,0
-91.37,-132.05,-2,-2,15.76,0
-91.86,-132.54,-2,-2,15.76,0
-92.35,-133.04,-2,-2,15.76,0
-93.12,-133.8,-2,-2,15.76,0
-93.48,-134.16,-2,-2,15.76,0
-93.97,-134.65,-2,-2,15.76,0
-94.44,-135.12,-2,-2,15.76,0
-95.19,-135.87,-2,-2,15.76,0
-95.51,-136.2,-2,-2,15.76,0
-96.4,-137.08,-2,-2,15.76,0
-97.0,-137.68,-2,-2,15.76,0
-97.48,-138.16,-2,-2,15.76,0
-98.21,-138.89,-2,-2,15.76,0
-98.84,-139.52,-2,-2,15.76,0
-99.68,-140.36,-2,-2,15.76,0
-100.29,-140.97,-2,-2,15.76,0
-101.01,-141.69,-2,-2,15.76,0
-101.74,-142.42,-2,-2,15.76,0
-102.46,-143.15,-2,-2,15.76,0
-103.43,-144.11,-2,-2,15.76,0
-104.16,-144.84,-2,-2,15.76,0
-104.65,-145.33,-2,-2,15.76,0
-105.62,-146.3,-2,-2,15.76,0
-106.28,-146.97,-2,-2,15.76,0
-106.88,-147.56,-2,-2,15.76,0
-107.6,-148.28,-2,-2,15.76,0
-108.23,-148.91,-2,-2,15.76,0
-108.95,-149.63,-2,-2,15.76,0
-109.61,-150.29,-2,-2,15.76,0
-110.34,-151.03,-2,-2,15.76,0
-110.97,-151.65,-2,-2,15.76,0
-111.75,-152.43,-2,-2,15.76,0
-112.35,-153.03,-2,-2,15.76,0
-113.21,-153.89,-2,-2,15.76,0
-113.81,-154.49,-2,-2,15.76,0
-114.44,-155.12,-2,-2,15.76,0
-115.14,-155.82,-2,-2,15.76,0
-115.85,-156.53,-2,-2,15.76,0
-116.69,-157.37,-2,-2,15.76,0
-117.29,-157.97,-2,-2,15.76,0
-118.03,-158.71,-2,-2,15.76,0
-118.66,-159.34,-2,-2,15.76,0
-119.74,-160.43,-2,-2,15.76,0
-120.23,-160.91,-2,-2,15.76,0
-120.96,-161.64,-2,-2,15.76,0
-121.68,-162.36,-2,-2,15.76,0
-122.17,-162.85,-2,-2,15.76,0
-123.01,-163.69,-2,-2,15.76,0
-123.74,-164.42,-2,-2,15.76,0
-124.46,-165.14,-2,-2,15.76,0
-125.18,-165.86,-2,-2,15.76,0
-125.9,-166.58,-2,-2,15.76,0
-126.63,-167.31,-2,-2,15.76,0
-127.47,-168.15,-2,-2,15.76,0
-127.95,-168.63,-2,-2,15.76,0
-128.57,-169.25,-2,-2,15.76,0
-129.3,-169.98,-2,-2,15.76,0
-129.89,-170.57,-2,-2,15.76,0
-130.62,-171.3,-2,-2,15.76,0
-131.25,-171.93,-2,-2,15.76,0
-132.0,-172.68,-2,-2,15.76,0
-132.48,-173.16,-2,-2,15.76,0
-133.09,-173.77,-2,-2,15.76,0
-133.45,-174.13,-2,-2,15.76,0
-134.28,-174.96,-2,-2,15.76,0
-134.8,-175.48,-2,-2,15.76,0
-135.58,-176.27,-2,-2,15.76,0
-136.07,-176.75,-2,-2,15.76,0
-136.56,-177.24,-2,-2,15.76,0
-137.04,-177.73,-2,-2,15.76,0
-137.78,-178.46,-2,-2,15.76,0
-138.27,-178.95,-2,-2,15.76,0
-138.76,-179.44,-2,-2,15.76,0
-139.24,-179.92,-2,-2,15.76,0
-139.98,-180.66,-2,-2,15.76,0
-140.79,-181.48,-2,-2,15.76,0
-141.28,-181.96,-2,-2,15.76,0
-141.85,-182.53,-2,-2,15.76,0
-142.57,-183.26,-2,-2,15.76,0
-143.2,-183.88,-2,-2,15.76,0
-143.73,-184.41,-2,-2,15.76,0
-144.77,-185.45,-2,-2,15.76,0
-145.43,-186.11,-2,-2,15.76,0
-146.26,-186.94,-2,-2,15.76,0
-146.58,-187.26,-2,-2,15.76,0
-147.49,-188.17,-2,-2,15.76,0
-148.01,-188.69,-2,-2,15.76,0
-148.73,-189.41,-2,-2,15.76,0
-149.08,-189.77,-2,-2,15.76,0
-149.69,-190.37,-2,-2,15.76,0
-150.04,-190.72,-2,-2,15.76,0
-150.63,-191.31,-2,-2,15.76,0
-151.49,-192.17,-2,-2,15.76,0
-151.9,-192.58,-2,-2,15.76,0
-152.51,-193.19,-2,-2,15.76,0
-153.19,-193.87,-2,-2,15.76,0
-153.66,-194.34,-2,-2,15.76,0
-154.11,-194.79,-2,-2,15.76,0
-154.71,-195.39,-2,-2,15.76,0
-155.05,-195.73,-2,-2,15.76,0
-155.89,-196.57,-2,-2,15.76,0
-156.43,-197.11,-2,-2,15.76,0
-157.52,-198.2,-2,-2,15.76,0
-158.3,-198.98,-2,-2,15.76,0
-159.25,-199.93,-2,-2,15.76,0
-159.74,-200.42,-2,-2,15.76,0
-160.78,-201.47,-2,-2,15.76,0
-161.44,-202.12,-2,-2,15.76,0
-162.18,-202.86,-2,-2,15.76,0
-162.54,-203.22,-2,-2,15.76,0
-163.48,-204.16,-2,-2,15.76,0
-163.96,-204.64,-2,-2,15.76,0
-164.65,-205.33,-2,-2,15.76,0
-165.51,-206.2,-2,-2,15.76,0
-166.09,-206.77,-2,-2,15.76,0
-166.4,-207.08,-2,-2,15.76,0
-167.2,-207.88,-2,-2,15.76,0
-167.92,-208.6,-2,-2,15.76,0
-168.54,-209.22,-2,-2,15.76,0
-168.9,-209.58,-2,-2,15.76,0
-169.51,-210.19,-2,-2,15.76,0
-170.25,-210.93,-2,-2,15.76,0
-171.26,-211.94,-2,-2,15.76,0
-171.6,-212.28,-2,-2,15.76,0
-172.44,-213.12,-2,-2,15.76,0
-172.97,-213.65,-2,-2,15.76,0
-173.73,-214.41,-2,-2,15.76,0
-174.14,-214.82,-2,-2,15.76,0
-174.86,-215.55,-2,-2,15.76,0
-175.54,-216.22,-2,-2,15.76,0
-176.27,-216.95,-2,-2,15.76,0
-177.01,-217.69,-2,-2,15.76,0
-177.76,-218.44,-2,-2,15.76,0
-178.36,-219.04,-2,-2,15.76,0
-179.07,-219.75,-2,-2,15.76,0
-179.8,-220.48,-2,-2,15.76,0
-180.66,-221.34,-2,-2,15.76,0
-181.79,-222.47,-2,-2,15.76,0
-182.5,-223.18,-2,-2,15.76,0
-183.45,-224.13,-2,-2,15.76,0
-184.03,-224.71,-2,-2,15.76,0
-184.89,-225.57,-2,-2,15.76,0
-185.25,-225.94,-2,-2,15.76,0
-185.88,-226.56,-2,-2,15.76,0
-186.37,-227.05,-2,-2,15.76,0
-187.3,-227.98,-2,-2,15.76,0
-187.95,-228.63,-2,-2,15.76,0
-188.34,-229.02,-2,-2,15.76,0
-188.97,-229.65,-2,-2,15.76,0
-189.8,-230.48,-2,-2,15.76,0
-190.23,-230.91,-2,-2,15.76,0
-191.1,-231.78,-2,-2,15.76,0
-191.71,-232.39,-2,-2,15.76,0
-192.07,-232.75,-2,-2,15.76,0
-192.79,-233.47,-2,-2,15.76,0
-193.17,-233.85,-2,-2,15.76,0
-193.77,-234.45,-2,-2,15.76,0
-194.52,-235.2,-2,-2,15.76,0
-195.23,-235.91,-2,-2,15.76,0
-196.0,-236.68,-2,-2,15.76,0
-196.72,-237.4,-2,-2,15.76,0
-197.08,-237.76,-2,-2,15.76,0
-198.07,-238.75,-2,-2,15.76,0
-198.73,-239.41,-2,-2,15.76,0
-199.05,-239.73,-2,-2,15.76,0
-199.77,-240.45,-2,-2,15.76,0
-200.33,-241.01,-2,-2,15.76,0
-201.29,-241.97,-2,-2,15.76,0
-202.18,-242.86,-2,-2,15.76,0
-202.77,-243.45,-2,-2,15.76,0
-203.47,-244.15,-2,-2,15.76,0
-204.13,-244.81,-2,-2,15.76,0
-204.76,-245.44,-2,-2,15.76,0
-205.6,-246.28,-2,-2,15.76,0
-206.22,-246.9,-2,-2,15.76,0
-207.02,-247.7,-2,-2,15.76,0
-207.68,-248.36,-2,-2,15.76,0
-208.29,-248.97,-2,-2,15.76,0
-208.96,-249.64,-2,-2,15.76,0
-209.72,-250.4,-2,-2,15.76,0
-210.49,-251.17,-2,-2,15.76,0
-211.17,-251.85,-2,-2,15.76,0
-211.84,-252.52,-2,-2,15.76,0
-212.52,-253.2,-2,-2,15.76,0
-213.22,-253.9,-2,-2,15.76,0
-213.76,-254.44,-2,-2,15.76,0
-214.31,-255.0,-2,-2,15.76,0
-215.16,-255.84,-2,-2,15.76,0
-215.97,-256.65,-2,-2,15.76,0
-216.78,-257.46,-2,-2,15.76,0
-217.11,-257.79,-2,-2,15.76,0
-217.99,-258.67,-2,-2,15.76,0
-218.6,-259.28,-2,-2,15.76,0
-219.32,-260.0,-2,-2,15.76,0
-220.0,-260.69,-2,-2,15.76,0
-220.79,-261.47,-2,-2,15.76,0
-221.21,-261.89,-2,-2,15.76,0
-222.07,-262.76,-2,-2,15.76,0
-222.68,-263.36,-2,-2,15.76,0
-223.04,-263.72,-2,-2,15.76,0
-223.76,-264.44,-2,-2,15.76,0
-224.38,-265.06,-2,-2,15.76,0
-224.75,-265.43,-2,-2,15.76,0
-225.36,-266.04,-2,-2,15.76,0
-225.82,-266.5,-2,-2,15.76,0
-226.28,-266.96,-2,-2,15.76,0
-226.87,-267.55,-2,-2,15.76,0
-227.57,-268.25,-2,-2,15.76,0
-228.16,-268.85,-2,-2,15.76,0
-228.54,-269.22,-2,-2,15.76,0
-229.41,-270.09,-2,-2,15.76,0
-230.04,-270.72,-2,-2,15.76,0
-230.64,-271.32,-2,-2,15.76,0
-231.31,-271.99,-2,-2,15.76,0
-231.91,-272.59,-2,-2,15.76,0
-232.7,-273.38,-2,-2,15.76,0
-233.37,-274.05,-2,-2,15.76,0
-234.04,-274.72,-2,-2,15.76,0
-234.68,-275.36,-2,-2,15.76,0
-235.11,-275.79,-2,-2,15.76,0
-235.82,-276.51,-2,-2,15.76,0
-236.56,-277.24,-2,-2,15.76,0
-236.92,-277.6,-2,-2,15.76,0
-237.48,-278.16,-2,-2,15.76,0
-237.98,-278.66,-2,-2,15.76,0
-238.6,-279.28,-2,-2,15.76,0
-239.09,-279.77,-2,-2,15.76,0
-239.7,-280.38,-2,-2,15.76,0
-240.18,-280.86,-2,-2,15.76,0
-240.84,-281.52,-2,-2,15.76,0
-241.31,-281.99,-2,-2,15.76,0
-241.94,-282.62,-2,-2,15.76,0
-242.64,-283.32,-2,-2,15.76,0
-243.02,-283.7,-2,-2,15.76,0
-243.83,-284.51,-2,-2,15.76,0
-244.19,-284.87,-2,-2,15.76,0
-244.84,-285.53,-2,-2,15.76,0
-245.45,-286.13,-2,-2,15.76,0
-246.22,-286.9,-2,-2,15.76,0
-246.58,-287.27,-2,-2,15.76,0
-247.32,-288.0,-2,-2,15.76,0
-247.97,-288.65,-2,-2,15.76,0
-248.64,-289.32,-2,-2,15.76,0
-249.24,-289.93,-2,-2,15.76,0
-249.96,-290.64,-2,-2,15.76,0
-250.62,-289.33,-2,2,15.76,0
-251.21,-288.75,-2,2,15.76,0
-251.96,-288.0,-2,2,15.76,0
-252.57,-287.39,-2,2,15.76,0
-253.2,-286.76,-2,2,15.76,0
-253.86,-286.09,-2,2,15.76,0
-254.55,-285.41,-2,2,15.76,0
-255.22,-284.73,-2,2,15.76,0
-256.07,-283.89,-2,2,15.76,0
-256.56,-283.4,-2,2,15.76,0
-257.66,-282.3,-2,2,15.76,0
-258.41,-281.55,-2,2,15.76,0
-259.09,-280.87,-2,2,15.76,0
-259.69,-280.26,-2,2,15.76,0
-260.27,-279.69,-2,2,15.76,0
-260.78,-279.18,-2,2,15.76,0
-261.67,-278.28,-2,2,15.76,0
-262.29,-277.67,-2,2,15.76,0
-262.68,-277.27,-2,2,15.76,0
-263.49,-276.47,-2,2,15.76,0
-263.97,-275.99,-2,2,15.76,0
-264.59,-275.37,-2,2,15.76,0
-265.37,-274.59,-2,2,15.76,0
-265.85,-274.1,-2,2,15.76,0
-266.34,-273.61,-2,2,15.76,0
-267.1,-272.86,-2,2,15.76,0
-267.83,-272.13,-2,2,15.76,0
-268.31,-271.64,-2,2,15.76,0
-269.04,-270.92,-2,2,15.76,0
-269.62,-270.34,-2,2,15.76,0
-270.11,-269.85,-2,2,15.76,0
-270.59,-269.36,-2,2,15.76,0
-271.56,-268.4,-2,2,15.76,0
-272.06,-267.9,-2,2,15.76,0
-272.8,-267.16,-2,2,15.76,0
-273.62,-266.33,-2,2,15.76,0
-274.03,-265.93,-2,2,15.76,0
-275.02,-264.93,-2,2,15.76,0
-275.87,-264.09,-2,2,15.76,0
-276.66,-263.29,-2,2,15.76,0
-277.03,-262.93,-2,2,15.76,0
-278.0,-261.96,-2,2,15.76,0
-278.67,-261.29,-2,2,15.76,0
-279.44,-260.52,-2,2,15.76,0
-280.01,-259.95,-2,2,15.76,0
-280.78,-259.18,-2,2,15.76,0
-281.43,-258.52,-2,2,15.76,0
-281.95,-258.01,-2,2,15.76,0
-282.71,-257.25,-2,2,15.76,0
-283.32,-256.64,-2,2,15.76,0
-283.81,-256.15,-2,2,15.76,0
-284.39,-255.57,-2,2,15.76,0
-285.32,-254.64,-2,2,15.76,0
-285.74,-254.22,-2,2,15.76,0
-286.36,-253.6,-2,2,15.76,0
-287.38,-252.58,-2,2,15.76,0
-287.99,-251.97,-2,2,15.76,0
-288.47,-251.48,-2,2,15.76,0
-289.08,-250.88,-2,2,15.76,0
-289.44,-250.52,-2,2,15.76,0
-290.04,-249.91,-2,2,15.76,0
-290.54,-249.42,-2,2,15.76,0
-291.39,-248.57,-2,2,15.76,0
-291.98,-247.98,-2,2,15.76,0
-292.79,-247.17,-2,2,15.76,0
-293.12,-246.84,-2,2,15.76,0
-293.85,-246.11,-2,2,15.76,0
-294.22,-245.74,-2,2,15.76,0
-295.18,-244.77,-2,2,15.76,0
-295.8,-244.16,-2,2,15.76,0
-296.17,-243.79,-2,2,15.76,0
-297.2,-242.76,-2,2,15.76,0
-297.62,-242.33,-2,2,15.76,0
-298.25,-241.71,-2,2,15.76,0
-298.92,-241.03,-2,2,15.76,0
-299.58,-240.38,-2,2,15.76,0
-300.11,-239.85,-2,2,15.76,0
-300.61,-239.35,-2,2,15.76,0
-301.08,-238.88,-2,2,15.76,0
-301.53,-238.42,-2,2,15.76,0
-302.02,-237.93,-2,2,15.76,0
-302.51,-237.45,-2,2,15.76,0
-303.21,-236.75,-2,2,15.76,0
-303.79,-236.17,-2,2,15.76,0
-304.4,-235.55,-2,2,15.76,0
-305.01,-234.94,-2,2,15.76,0
-305.76,-234.19,-2,2,15.76,0
-306.25,-233.71,-2,2,15.76,0
-306.97,-232.99,-2,2,15.76,0
-307.69,-232.26,-2,2,15.76,0
-308.18,-231.78,-2,2,15.76,0
-308.93,-231.02,-2,2,15.76,0
-309.55,-230.41,-2,2,15.76,0
-309.92,-230.04,-2,2,15.76,0
-310.48,-229.47,-2,2,15.76,0
-311.45,-228.5,-2,2,15.76,0
-311.99,-227.97,-2,2,15.76,0
-312.74,-227.21,-2,2,15.76,0
-313.35,-226.61,-2,2,15.76,0
-313.83,-226.13,-2,2,15.76,0
-314.45,-225.51,-2,2,15.76,0
-315.29,-224.67,-2,2,15.76,0
-315.78,-224.17,-2,2,15.76,0
-316.27,-223.69,-2,2,15.76,0
-317.11,-222.85,-2,2,15.76,0
-317.71,-222.25,-2,2,15.76,0
-318.32,-221.64,-2,2,15.76,0
-319.16,-220.79,-2,2,15.76,0
-319.65,-220.3,-2,2,15.76,0
-320.5,-219.45,-2,2,15.76,0
-321.1,-218.85,-2,2,15.76,0
-321.51,-218.44,-2,2,15.76,0
-322.24,-217.72,-2,2,15.76,0
-322.66,-217.3,-2,2,15.76,0
-323.59,-216.37,-2,2,15.76,0
-324.43,-215.53,-2,2,15.76,0
-325.11,-214.85,-2,2,15.76,0
-325.52,-214.44,-2,2,15.76,0
-326.04,-213.91,-2,2,15.76,0
-326.66,-213.3,-2,2,15.76,0
-327.71,-212.25,-2,2,15.76,0
-328.19,-211.77,-2,2,15.76,0
-328.92,-211.04,-2,2,15.76,0
-329.65,-210.31,-2,2,15.76,0
-330.14,-209.82,-2,2,15.76,0
-329.22,-209.04,2,2,15.76,0
-328.65,-208.47,2,2,15.76,0
-327.67,-207.49,2,2,15.76,0
-326.9,-206.71,2,2,15.76,0
-326.52,-206.34,2,2,15.76,0
-325.92,-205.73,2,2,15.76,0
-325.12,-204.94,2,2,15.76,0
-324.75,-204.57,2,2,15.76,0
-324.27,-204.09,2,2,15.76,0
-323.66,-203.48,2,2,15.76,0
-323.3,-203.11,2,2,15.76,0
-322.83,-202.65,2,2,15.76,0
-322.38,-202.19,2,2,15.76,0
-321.75,-201.56,2,2,15.76,0
-321.12,-200.94,2,2,15.76,0
-320.38,-200.2,2,2,15.76,0
-319.73,-199.54,2,2,15.76,0
-319.07,-198.88,2,2,15.76,0
-318.65,-198.46,2,2,15.76,0
-317.76,-197.58,2,2,15.76,0
-317.08,-196.9,2,2,15.76,0
-316.7,-196.52,2,2,15.76,0
-316.01,-195.83,2,2,15.76,0
-315.41,-195.23,2,2,15.76,0
-314.93,-194.75,2,2,15.76,0
-314.14,-193.95,2,2,15.76,0
-313.34,-193.16,2,2,15.76,0
-312.65,-192.47,2,2,15.76,0
-312.07,-191.89,2,2,15.76,0
-311.33,-191.15,2,2,15.76,0
-310.75,-190.56,2,2,15.76,0
-310.06,-189.88,2,2,15.76,0
-309.66,-189.48,2,2,15.76,0
-308.87,-188.68,2,2,15.76,0
-308.48,-188.3,2,2,15.76,0
-307.62,-187.44,2,2,15.76,0
-307.13,-186.94,2,2,15.76,0
-306.76,-186.58,2,2,15.76,0
-306.29,-186.11,2,2,15.76,0
-305.79,-185.6,2,2,15.76,0
-304.99,-184.81,2,2,15.76,0
-304.35,-184.16,2,2,15.76,0
-303.7,-183.52,2,2,15.76,0
-303.31,-183.12,2,2,15.76,0
-302.68,-182.5,2,2,15.76,0
-302.07,-181.89,2,2,15.76,0
-301.59,-181.41,2,2,15.76,0
-301.08,-180.9,2,2,15.76,0
-300.5,-180.32,2,2,15.76,0
-299.92,-179.73,2,2,15.76,0
-298.9,-178.72,2,2,15.76,0
-298.23,-178.04,2,2,15.76,0
-297.78,-177.59,2,2,15.76,0
-297.16,-176.98,2,2,15.76,0
-296.71,-176.53,2,2,15.76,0
-295.98,-175.8,2,2,15.76,0
-295.58,-175.39,2,2,15.76,0
-294.83,-174.65,2,2,15.76,0
-294.07,-173.88,2,2,15.76,0
-293.59,-173.4,2,2,15.76,0
-292.91,-172.72,2,2,15.76,0
-292.43,-172.24,2,2,15.76,0
-291.8,-171.62,2,2,15.76,0
-291.24,-171.06,2,2,15.76,0
-290.43,-170.25,2,2,15.76,0
-290.03,-169.85,2,2,15.76,0
-289.18,-168.99,2,2,15.76,0
-288.81,-168.63,2,2,15.76,0
-288.32,-168.14,2,2,15.76,0
-287.71,-167.52,2,2,15.76,0
-287.36,-167.17,2,2,15.76,0
-286.67,-166.48,2,2,15.76,0
-286.3,-166.12,2,2,15.76,0
-285.82,-165.64,2,2,15.76,0
-285.32,-165.14,2,2,15.76,0
-284.71,-164.53,2,2,15.76,0
-284.36,-164.18,2,2,15.76,0
-283.76,-163.57,2,2,15.76,0
-283.41,-163.22,2,2,15.76,0
-282.61,-162.43,2,2,15.76,0
-282.29,-162.1,2,2,15.76,0
-281.84,-161.66,2,2,15.76,0
-281.09,-160.9,2,2,15.76,0
-280.44,-160.26,2,2,15.76,0
-280.01,-159.83,2,2,15.76,0
-279.4,-159.21,2,2,15.76,0
-278.77,-158.59,2,2,15.76,0
-278.24,-158.05,2,2,15.76,0
-277.62,-157.44,2,2,15.76,0
-276.64,-156.45,2,2,15.76,0
-275.97,-155.79,2,2,15.76,0
-275.48,-155.3,2,2,15.76,0
-275.0,-154.82,2,2,15.76,0
-274.35,-154.17,2,2,15.76,0
-273.94,-153.75,2,2,15.76,0
-273.4,-153.21,2,2,15.76,0
-272.79,-152.61,2,2,15.76,0
-272.27,-152.09,2,2,15.76,0
-271.7,-151.52,2,2,15.76,0
-270.92,-150.74,2,2,15.76,0
-270.32,-150.14,2,2,15.76,0
-269.72,-149.53,2,2,15.76,0
-269.08,-148.89,2,2,15.76,0
-268.37,-148.19,2,2,15.76,0
-268.0,-147.82,2,2,15.76,0
-267.4,-147.22,2,2,15.76,0
-266.83,-146.65,2,2,15.76,0
-266.1,-145.91,2,2,15.76,0
-265.61,-145.43,2,2,15.76,0
-265.24,-145.05,2,2,15.76,0
-264.38,-144.2,2,2,15.76,0
-261.75,-141.56,2,2,15.76,0
-261.13,-140.94,2,2,15.76,0
-260.45,-140.27,2,2,15.76,0
-259.96,-139.78,2,2,15.76,0
-259.37,-139.19,2,2,15.76,0
-258.91,-138.73,2,2,15.76,0
-258.42,-138.24,2,2,15.76,0
-257.92,-137.74,2,2,15.76,0
-257.1,-136.92,2,2,15.76,0
-256.71,-136.52,2,2,15.76,0
-256.08,-135.9,2,2,15.76,0
-255.6,-135.41,2,2,15.76,0
-255.09,-134.9,2,2,15.76,0
-254.47,-134.29,2,2,15.76,0
-254.11,-133.93,2,2,15.76,0
-253.5,-133.32,2,2,15.76,0
-253.02,-132.83,2,2,15.76,0
-252.5,-132.32,2,2,15.76,0
-252.02,-131.84,2,2,15.76,0
-251.53,-131.34,2,2,15.76,0
-250.93,-130.74,2,2,15.76,0
-250.43,-130.25,2,2,15.76,0
-249.96,-129.77,2,2,15.76,0
-249.04,-128.85,2,2,15.76,0
-248.56,-128.37,2,2,15.76,0
-248.06,-127.88,2,2,15.76,0
-247.58,-127.39,2,2,15.76,0
-247.07,-126.89,2,2,15.76,0
-246.63,-126.44,2,2,15.76,0
-246.13,-125.95,2,2,15.76,0
-245.61,-125.43,2,2,15.76,0
-244.65,-124.47,2,2,15.76,0
-244.23,-124.04,2,2,15.76,0
-243.41,-123.23,2,2,15.76,0
-243.05,-122.86,2,2,15.76,0
-242.05,-121.86,2,2,15.76,0
-241.64,-121.46,2,2,15.76,0
-241.14,-120.95,2,2,15.76,0
-240.41,-120.22,2,2,15.76,0
-240.05,-119.87,2,2,15.76,0
-239.55,-119.37,2,2,15.76,0
-238.93,-118.74,2,2,15.76,0
-238.34,-118.16,2,2,15.76,0
-237.71,-117.53,2,2,15.76,0
-237.23,-117.05,2,2,15.76,0
-236.38,-116.19,2,2,15.76,0
-235.88,-115.7,2,2,15.76,0
-235.25,-115.06,2,2,15.76,0
-234.63,-114.44,2,2,15.76,0
-233.98,-113.8,2,2,15.76,0
-233.03,-112.84,2,2,15.76,0
-232.68,-112.5,2,2,15.76,0
-231.92,-111.74,2,2,15.76,0
-231.52,-111.34,2,2,15.76,0
-230.91,-110.72,2,2,15.76,0
-230.42,-110.24,2,2,15.76,0
-229.77,-109.59,2,2,15.76,0
-229.43,-109.24,2,2,15.76,0
-228.94,-108.76,2,2,15.76,0
-228.29,-108.11,2,2,15.76,0
-227.69,-107.5,2,2,15.76,0
-226.94,-106.75,2,2,15.76,0
-226.28,-106.1,2,2,15.76,0
-225.92,-105.74,2,2,15.76,0
-225.3,-105.12,2,2,15.76,0
-224.7,-104.51,2,2,15.76,0
-224.08,-103.9,2,2,15.76,0
-223.47,-103.29,2,2,15.76,0
-223.01,-102.83,2,2,15.76,0
-222.52,-102.33,2,2,15.76,0
-221.78,-101.6,2,2,15.76,0
-221.08,-100.9,2,2,15.76,0
-220.6,-100.41,2,2,15.76,0
-220.21,-100.03,2,2,15.76,0
-219.5,-99.32,2,2,15.76,0
-218.8,-98.61,2,2,15.76,0
-217.97,-97.79,2,2,15.76,0
-217.63,-97.45,2,2,15.76,0
-216.54,-96.36,2,2,15.76,0
-215.85,-95.67,2,2,15.76,0
-215.37,-95.18,2,2,15.76,0
-214.75,-94.57,2,2,15.76,0
-213.99,-93.8,2,2,15.76,0
-213.45,-93.26,2,2,15.76,0
-212.66,-92.48,2,2,15.76,0
-212.17,-91.98,2,2,15.76,0
-211.68,-91.49,2,2,15.76,0
-210.88,-90.7,2,2,15.76,0
-210.55,-90.37,2,2,15.76,0
-210.06,-89.88,2,2,15.76,0
-209.56,-89.37,2,2,15.76,0
-209.07,-88.89,2,2,15.76,0
-208.28,-88.1,2,2,15.76,0
-207.54,-87.36,2,2,15.76,0
-206.82,-86.63,2,2,15.76,0
-206.33,-86.15,2,2,15.76,0
-205.85,-85.66,2,2,15.76,0
-205.0,-84.82,2,2,15.76,0
-204.4,-84.21,2,2,15.76,0
-203.67,-83.48,2,2,15.76,0
-203.39,-83.21,2,2,15.76,0
-202.64,-82.46,2,2,15.76,0
-202.28,-82.09,2,2,15.76,0
-201.82,-81.64,2,2,15.76,0
-201.11,-80.93,2,2,15.76,0
-200.75,-80.56,2,2,15.76,0
-200.26,-80.07,2,2,15.76,0
-199.77,-79.58,2,2,15.76,0
-199.28,-79.09,2,2,15.76,0
-198.76,-78.58,2,2,15.76,0
-198.0,-77.82,2,2,15.76,0
-197.43,-77.25,2,2,15.76,0
-196.88,-76.7,2,2,15.76,0
-196.12,-75.93,2,2,15.76,0
-195.54,-75.36,2,2,15.76,0
-195.02,-74.83,2,2,15.76,0
-194.45,-74.27,2,2,15.76,0
-193.69,-73.5,2,2,15.76,0
-192.84,-72.66,2,2,15.76,0
-192.23,-72.05,2,2,15.76,0
-191.67,-71.49,2,2,15.76,0
-191.17,-70.99,2,2,15.76,0
-190.81,-70.63,2,2,15.76,0
-190.33,-70.15,2,2,15.76,0
-189.85,-69.67,2,2,15.76,0
-188.92,-68.73,2,2,15.76,0
-188.32,-68.14,2,2,15.76,0
-187.71,-67.52,2,2,15.76,0
-186.98,-66.79,2,2,15.76,0
-186.58,-66.39,2,2,15.76,0
-185.85,-65.66,2,2,15.76,0
-185.04,-64.86,2,2,15.76,0
-184.7,-64.52,2,2,15.76,0
-184.17,-63.99,2,2,15.76,0
-183.66,-63.48,2,2,15.76,0
-183.05,-62.87,2,2,15.76,0
-182.56,-62.37,2,2,15.76,0
-181.78,-61.6,2,2,15.76,0
-181.05,-60.87,2,2,15.76,0
-180.44,-60.26,2,2,15.76,0
-179.98,-59.79,2,2,15.76,0
-179.11,-58.93,2,2,15.76,0
-178.34,-58.16,2,2,15.76,0
-177.91,-57.73,2,2,15.76,0
-176.98,-56.8,2,2,15.76,0
-176.55,-56.37,2,2,15.76,0
-175.83,-55.65,2,2,15.76,0
-175.21,-55.03,2,2,15.76,0
-174.59,-54.4,2,2,15.76,0
-173.97,-53.79,2,2,15.76,0
-173.34,-53.16,2,2,15.76,0
-172.8,-52.62,2,2,15.76,0
-172.08,-51.89,2,2,15.76,0
-171.35,-51.17,2,2,15.76,0
-170.74,-50.56,2,2,15.76,0
-170.26,-50.08,2,2,15.76,0
-169.52,-49.33,2,2,15.76,0
-168.78,-48.6,2,2,15.76,0
-167.88,-47.69,2,2,15.76,0
-167.21,-47.02,2,2,15.76,0
-166.59,-46.41,2,2,15.76,0
-165.88,-45.69,2,2,15.76,0
-165.47,-45.29,2,2,15.76,0
-164.86,-44.68,2,2,15.76,0
-164.44,-44.26,2,2,15.76,0
-163.64,-43.46,2,2,15.76,0
-163.09,-42.91,2,2,15.76,0
-162.57,-42.38,2,2,15.76,0
-162.04,-41.85,2,2,15.76,0
-161.53,-41.35,2,2,15.76,0
-160.8,-40.61,2,2,15.76,0
-160.31,-40.13,2,2,15.76,0
-159.45,-39.27,2,2,15.76,0
-158.89,-38.71,2,2,15.76,0
-158.4,-38.22,2,2,15.76,0
-157.75,-37.57,2,2,15.76,0
-156.89,-36.71,2,2,15.76,0
-156.17,-35.98,2,2,15.76,0
-155.32,-35.14,2,2,15.76,0
-154.69,-34.5,2,2,15.76,0
-153.94,-33.75,2,2,15.76,0
-153.08,-32.9,2,2,15.76,0
-152.21,-32.02,2,2,15.76,0
-151.6,-31.42,2,2,15.76,0
-150.94,-30.76,2,2,15.76,0
-150.1,-29.92,2,2,15.76,0
-149.76,-29.58,2,2,15.76,0
-148.94,-28.75,2,2,15.76,0
-148.4,-28.21,2,2,15.76,0
-147.64,-27.46,2,2,15.76,0
-147.11,-26.93,2,2,15.76,0
-146.62,-26.43,2,2,15.76,0
-145.94,-25.75,2,2,15.76,0
-145.08,-24.9,2,2,15.76,0
-144.4,-24.21,2,2,15.76,0
-143.53,-23.35,2,2,15.76,0
-142.91,-22.73,2,2,15.76,0
-142.16,-21.98,2,2,15.76,0
-141.57,-21.39,2,2,15.76,0
-140.78,-20.6,2,2,15.76,0
-140.29,-20.11,2,2,15.76,0
-139.67,-19.49,2,2,15.76,0
-139.05,-18.87,2,2,15.76,0
-138.44,-18.26,2,2,15.76,0
-137.7,-17.52,2,2,15.76,0
-137.04,-16.85,2,2,15.76,0
-136.42,-16.24,2,2,15.76,0
-135.75,-15.57,2,2,15.76,0
-135.36,-15.18,2,2,15.76,0
-134.6,-14.41,2,2,15.76,0
-133.91,-13.73,2,2,15.76,0
-133.55,-13.37,2,2,15.76,0
-132.62,-12.44,2,2,15.76,0
-132.22,-12.03,2,2,15.76,0
-131.73,-11.55,2,2,15.76,0
-131.04,-10.85,2,2,15.76,0
-130.43,-10.25,2,2,15.76,0
-129.98,-9.79,2,2,15.76,0
-129.31,-9.13,2,2,15.76,0
-128.52,-8.33,2,2,15.76,0
-128.03,-7.84,2,2,15.76,0
-127.65,-7.47,2,2,15.76,0
-127.18,-7.0,2,2,15.76,0
-126.73,-6.54,2,2,15.76,0
-126.26,-6.07,2,2,15.76,0
-125.74,-5.56,2,2,15.76,0
-125.06,-4.88,2,2,15.76,0
-124.56,-4.38,2,2,15.76,0
-123.93,-3.75,2,2,15.76,0
-123.42,-3.24,2,2,15.76,0
-122.89,-2.71,2,2,15.76,0
-122.28,-2.1,2,2,15.76,0
-121.94,-1.75,2,2,15.76,0
-121.47,-1.29,2,2,15.76,0
-120.68,-0.5,2,2,15.76,0
-120.02,0.16,2,2,15.76,0
-119.7,0.49,2,2,15.76,0
-118.97,1.22,2,2,15.76,0
-118.24,1.94,2,2,15.76,0
-117.84,2.34,2,2,15.76,0
-117.24,2.94,2,2,15.76,0
-116.51,3.68,2,2,15.76,0
-115.48,4.7,2,2,15.76,0
-114.55,5.63,2,2,15.76,0
-113.91,6.28,2,2,15.76,0
-113.18,7.0,2,2,15.76,0
-112.61,7.58,2,2,15.76,0
-111.64,8.54,2,2,15.76,0
-110.92,9.27,2,2,15.76,0
-110.24,9.94,2,2,15.76,0
-109.85,10.33,2,2,15.76,0
-109.06,11.12,2,2,15.76,0
-108.58,11.61,2,2,15.76,0
-107.97,12.21,2,2,15.76,0
-107.38,12.8,2,2,15.76,0
-106.81,13.37,2,2,15.76,0
-106.03,14.15,2,2,15.76,0
-105.64,14.54,2,2,15.76,0
-104.87,15.31,2,2,15.76,0
-104.51,15.67,2,2,15.76,0
-103.91,16.28,2,2,15.76,0
-103.03,17.15,2,2,15.76,0
-102.64,17.54,2,2,15.76,0
-101.91,18.27,2,2,15.76,0
-101.07,19.11,2,2,15.76,0
-100.42,19.76,2,2,15.76,0
-99.53,20.66,2,2,15.76,0
-98.76,21.42,2,2,15.76,0
-98.27,21.92,2,2,15.76,0
-97.5,22.68,2,2,15.76,0
-96.95,23.24,2,2,15.76,0
-96.14,24.04,2,2,15.76,0
-95.66,24.52,2,2,15.76,0
-94.72,25.46,2,2,15.76,0
-93.87,26.32,2,2,15.76,0
-93.26,26.92,2,2,15.76,0
-92.54,27.64,2,2,15.76,0
-91.96,28.23,2,2,15.76,0
-91.12,29.07,2,2,15.76,0
-90.51,29.67,2,2,15.76,0
-90.11,30.07,2,2,15.76,0
-89.25,30.94,2,2,15.76,0
-88.84,31.34,2,2,15.76,0
-88.11,32.07,2,2,15.76,0
-87.51,32.67,2,2,15.76,0
-87.15,33.03,2,2,15.76,0
-86.68,33.51,2,2,15.76,0
-86.21,33.97,2,2,15.76,0
-85.45,34.73,2,2,15.76,0
-85.09,35.09,2,2,15.76,0
-84.24,35.95,2,2,15.76,0
-83.91,36.28,2,2,15.76,0
-83.06,37.13,2,2,15.76,0
-82.63,37.56,2,2,15.76,0
-81.69,38.49,2,2,15.76,0
-81.12,39.07,2,2,15.76,0
-80.5,39.68,2,2,15.76,0
-79.86,40.32,2,2,15.76,0
-79.25,40.93,2,2,15.76,0
-78.8,41.39,2,2,16.72,1
-77.84,42.34,2,2,18.71,1
-77.12,43.07,2,2,20.21,1
-76.35,43.83,2,2,21.81,1
-75.88,44.31,2,2,22.8,1
-75.19,45.0,2,2,24.24,1
-74.4,45.78,2,2,25.87,1
-73.75,46.43,2,2,27.23,1
-72.65,47.53,2,2,29.52,1
-71.74,48.45,2,2,31.43,1
-71.25,48.93,2,2,32.44,1
-70.15,50.04,2,2,34.74,1
-69.43,50.76,2,2,36.24,1
-68.8,51.38,2,2,37.54,1
-67.84,52.34,2,2,39.54,1
-66.96,53.22,2,2,41.37,1
-66.1,54.08,2,2,43.17,1
-65.47,54.71,2,2,44.47,1
-64.48,55.7,2,2,46.54,1
-63.63,56.55,2,2,48.31,1
-62.91,57.27,2,2,49.81,1
-61.95,58.23,2,2,51.82,1
-61.56,58.62,2,2,52.63,1
-60.58,59.61,2,2,54.68,1
-59.61,60.57,2,2,56.68,1
-59.26,60.93,2,2,57.43,1
-58.33,61.86,2,2,59.36,1
-57.59,62.59,2,2,60.89,1
-56.75,63.44,2,2,62.66,1
-56.09,64.09,2,2,64.01,1
-55.24,64.95,2,2,65.8,1
-54.76,65.43,2,2,66.8,1
-54.25,65.93,2,2,67.86,1
-53.58,66.6,2,2,69.24,1
-53.2,66.99,2,2,70.05,1
-52.59,67.59,2,2,71.32,1
-51.69,68.5,2,2,73.2,1
-51.12,69.07,2,2,74.39,1
-50.68,69.5,2,2,75.29,1
-50.07,70.11,2,2,76.55,1
-49.47,70.72,2,2,77.82,1
-49.11,71.07,2,2,78.56,1
-48.1,72.08,2,2,80.67,1
-47.37,72.81,2,2,82.19,1
-46.7,73.49,2,2,83.59,1
-46.11,74.07,2,2,84.81,1
-45.48,74.7,2,2,86.12,1
-44.88,75.31,2,2,87.38,1
-44.21,75.98,2,2,88.78,1
-43.31,76.88,2,2,90.66,1
-42.58,77.6,2,2,92.16,1
-42.0,78.19,2,2,93.38,1
-41.06,79.13,2,2,95.34,1
-40.42,79.76,2,2,96.66,1
-39.46,80.72,2,2,98.67,1
-38.83,81.35,2,2,99.98,1
-38.05,82.14,2,2,101.61,1
-37.52,82.66,2,2,102.71,1
-36.56,83.62,2,2,104.71,1
-35.75,84.43,2,2,106.39,1
-34.97,85.21,2,2,108.02,1
-34.31,85.87,2,2,109.39,1
-33.6,86.58,2,2,110.88,1
-32.95,87.23,2,2,112.23,1
-31.91,88.28,2,2,114.4,1
-31.25,88.93,2,2,115.77,1
-30.86,89.33,2,2,116.59,1
-30.13,90.06,2,2,118.11,1
-29.63,90.55,2,2,119.14,1
-28.91,91.27,2,2,120.65,1
-27.9,92.29,2,2,122.76,1
-27.41,92.77,2,2,123.77,1
-26.5,93.68,2,2,125.67,1
-26.16,94.02,2,2,126.37,1
-25.14,95.04,2,2,128.5,1
-24.27,95.91,2,2,130.31,1
-23.67,96.52,2,2,131.57,1
-23.05,97.14,2,2,132.86,1
-22.56,97.62,2,2,133.88,1
-21.8,98.39,2,2,135.47,1
-21.0,99.18,2,2,137.12,1
-20.39,99.79,2,2,138.39,1
-19.78,100.4,2,2,139.66,1
-19.06,101.12,2,2,141.17,1
-18.58,101.61,2,2,142.18,1
-18.09,102.09,2,2,143.18,1
-17.23,102.95,2,2,144.97,1
-16.48,103.7,2,2,146.53,1
-15.91,104.27,2,2,147.73,1
-15.4,104.78,2,2,148.79,1
-14.92,105.27,2,2,149.8,1
-14.31,105.88,2,2,151.07,1
-13.41,106.78,2,2,152.95,1
-12.75,107.44,2,2,154.32,1
-12.24,107.94,2,2,155.38,1
-11.74,108.44,2,2,156.41,1
-11.25,108.93,2,2,157.43,1
-10.76,109.42,2,2,158.46,1
-10.15,110.04,2,2,159.73,1
-9.66,110.53,2,2,160.76,1
-9.05,111.13,2,2,162.02,1
-8.56,111.62,2,2,163.03,1
-7.83,112.35,2,2,164.56,1
-7.33,112.85,2,2,165.6,1
-6.58,113.61,2,2,165.6,0
-5.85,114.33,2,2,165.6,0
-5.25,114.94,2,2,165.6,0
-4.58,115.61,2,2,165.6,0
-3.93,116.26,2,2,165.6,0
-3.55,116.64,2,2,165.6,0
-2.76,117.42,2,2,165.6,0
-2.35,117.83,2,2,165.6,0
-1.86,118.33,2,2,165.6,0
-0.94,119.25,2,2,165.6,0
-0.47,119.72,2,2,165.6,0
0.27,120.45,2,2,165.6,0
0.79,120.98,2,2,165.6,0
1.61,121.8,2,2,165.6,0
2.25,122.43,2,2,165.6,0
2.88,123.06,2,2,165.6,0
3.37,123.55,2,2,165.6,0
4.22,124.41,2,2,165.6,0
5.09,125.27,2,2,165.6,0
5.57,125.75,2,2,165.6,0
6.17,126.36,2,2,165.6,0
6.9,127.08,2,2,165.6,0
7.67,127.86,2,2,165.6,0
8.16,128.34,2,2,165.6,0
8.92,129.1,2,2,165.6,0
9.29,129.47,2,2,165.6,0
9.89,130.08,2,2,165.6,0
10.8,130.98,2,2,165.6,0
11.54,131.72,2,2,165.6,0
12.14,132.32,2,2,165.6,0
12.5,132.69,2,2,165.6,0
13.19,133.38,2,2,165.6,0
13.8,133.98,2,2,165.6,0
14.52,134.71,2,2,165.6,0
15.25,135.44,2,2,165.6,0
15.78,135.97,2,2,165.6,0
16.52,136.71,2,2,165.6,0
17.17,137.35,2,2,165.6,0
17.83,138.01,2,2,165.6,0
18.21,138.39,2,2,165.6,0
19.19,139.37,2,2,165.6,0
20.05,140.23,2,2,165.6,0
20.43,140.62,2,2,165.6,0
21.14,141.33,2,2,165.6,0
21.54,141.72,2,2,165.6,0
22.28,142.47,2,2,165.6,0
22.89,143.08,2,2,165.6,0
23.53,143.71,2,2,165.6,0
24.01,144.2,2,2,165.6,0
24.74,144.92,2,2,165.6,0
25.22,145.4,2,2,165.6,0
25.7,145.89,2,2,165.6,0
26.18,146.37,2,2,165.6,0
26.91,147.09,2,2,165.6,0
27.4,147.59,2,2,165.6,0
28.14,148.32,2,2,165.6,0
28.44,148.63,2,2,165.6,0
29.06,149.24,2,2,165.6,0
29.67,149.85,2,2,165.6,0
30.17,150.36,2,2,165.6,0
31.1,151.28,2,2,165.6,0
31.82,152.01,2,2,165.6,0
32.33,152.51,2,2,165.6,0
33.1,153.29,2,2,165.6,0
33.8,153.99,2,2,165.6,0
34.14,154.32,2,2,165.6,0
35.04,155.23,2,2,165.6,0
35.47,155.65,2,2,165.6,0
35.95,156.13,2,2,165.6,0
36.75,156.94,2,2,165.6,0
37.51,157.7,2,2,165.6,0
38.08,158.26,2,2,165.6,0
38.72,158.91,2,2,165.6,0
39.3,159.49,2,2,165.6,0
40.13,160.31,2,2,165.6,0
40.61,160.8,2,2,165.6,0
41.05,161.24,2,2,165.6,0
41.92,162.11,2,2,165.6,0
42.58,162.76,2,2,165.6,0
43.44,163.63,2,2,165.6,0
43.93,164.11,2,2,165.6,0
44.66,164.85,2,2,165.6,0
45.15,165.34,2,2,165.6,0
45.76,165.94,2,2,165.6,0
46.48,166.67,2,2,165.6,0
47.34,167.52,2,2,165.6,0
47.7,167.89,2,2,165.6,0
48.54,168.73,2,2,165.6,0
49.03,169.21,2,2,165.6,0
49.54,169.73,2,2,165.6,0
50.11,170.3,2,2,165.6,0
50.86,171.04,2,2,165.6,0
51.21,171.39,2,2,165.6,0
52.13,172.31,2,2,165.6,0
52.74,172.92,2,2,165.6,0
53.39,173.57,2,2,165.6,0
54.08,174.26,2,2,165.6,0
54.77,174.95,2,2,165.6,0
55.53,175.72,2,2,165.6,0
55.86,176.04,2,2,165.6,0
56.42,176.6,2,2,165.6,0
57.13,177.32,2,2,165.6,0
57.62,177.8,2,2,165.6,0
58.29,178.48,2,2,165.6,0
58.94,179.12,2,2,165.6,0
59.46,179.64,2,2,165.6,0
59.97,180.15,2,2,165.6,0
60.59,180.77,2,2,165.6,0
70.88,191.06,2,2,165.6,0
71.49,191.68,2,2,165.6,0
71.97,192.15,2,2,165.6,0
72.84,193.03,2,2,165.6,0
73.25,193.44,2,2,165.6,0
73.86,194.05,2,2,165.6,0
74.38,194.56,2,2,165.6,0
74.9,195.09,2,2,165.6,0
75.88,196.06,2,2,165.6,0
76.48,196.67,2,2,165.6,0
76.88,197.06,2,2,165.6,0
77.36,197.55,2,2,165.6,0
78.18,198.36,2,2,165.6,0
78.78,198.96,2,2,165.6,0
79.16,199.34,2,2,165.6,0
79.79,199.97,2,2,165.6,0
80.29,200.47,2,2,165.6,0
81.07,201.25,2,2,165.6,0
81.39,201.58,2,2,165.6,0
81.88,202.06,2,2,165.6,0
82.49,202.67,2,2,165.6,0
82.97,203.16,2,2,165.6,0
83.76,203.94,2,2,165.6,0
84.4,204.58,2,2,165.6,0
84.74,204.92,2,2,165.6,0
85.46,205.65,2,2,165.6,0
85.93,206.11,2,2,165.6,0
86.83,207.01,2,2,165.6,0
87.18,207.36,2,2,165.6,0
87.78,207.97,2,2,165.6,0
88.36,208.54,2,2,165.6,0
89.08,209.26,2,2,165.6,0
89.45,209.63,2,2,165.6,0
90.26,210.44,2,2,165.6,0
90.86,211.05,2,2,165.6,0
91.53,211.71,2,2,165.6,0
91.94,212.12,2,2,165.6,0
92.54,212.73,2,2,165.6,0
93.52,213.71,2,2,165.6,0
93.88,214.06,2,2,165.6,0
94.82,215.01,2,2,165.6,0
95.34,215.52,2,2,165.6,0
96.29,216.47,2,2,165.6,0
96.89,217.08,2,2,165.6,0
97.63,217.81,2,2,165.6,0
98.23,218.41,2,2,165.6,0
98.95,219.13,2,2,165.6,0
99.7,219.88,2,2,165.6,0
100.42,220.6,2,2,165.6,0
100.8,220.99,2,2,165.6,0
101.41,221.6,2,2,165.6,0
102.29,222.47,2,2,165.6,0
102.89,223.07,2,2,165.6,0
103.67,223.86,2,2,165.6,0
104.27,224.45,2,2,165.6,0
104.68,224.86,2,2,165.6,0
105.42,225.6,2,2,165.6,0
105.9,226.08,2,2,165.6,0
106.66,226.85,2,2,165.6,0
107.35,227.53,2,2,165.6,0
107.96,228.14,2,2,165.6,0
108.7,228.88,2,2,165.6,0
109.34,229.52,2,2,165.6,0
110.06,230.25,2,2,165.6,0
110.91,231.09,2,2,165.6,0
111.51,231.69,2,2,165.6,0
111.86,232.04,2,2,165.6,0
112.53,232.72,2,2,165.6,0
113.02,233.21,2,2,165.6,0
113.53,233.72,2,2,165.6,0
114.14,234.32,2,2,165.6,0
114.5,234.68,2,2,165.6,0
115.35,235.53,2,2,165.6,0
115.74,235.93,2,2,165.6,0
116.47,236.65,2,2,165.6,0
116.83,237.01,2,2,165.6,0
117.43,237.62,2,2,165.6,0
118.05,238.23,2,2,165.6,0
118.91,239.1,2,2,165.6,0
119.52,239.7,2,2,165.6,0
120.12,240.31,2,2,165.6,0
120.85,241.03,2,2,165.6,0
121.43,241.61,2,2,165.6,0
122.03,242.21,2,2,165.6,0
122.67,242.86,2,2,165.6,0
123.25,243.44,2,2,165.6,0
123.73,243.91,2,2,165.6,0
124.5,244.68,2,2,165.6,0
125.14,245.33,2,2,165.6,0
125.83,246.01,2,2,165.6,0
126.48,246.66,2,2,165.6,0
127.6,247.78,2,2,165.6,0
128.28,248.46,2,2,165.6,0
128.95,249.13,2,2,165.6,0
129.55,249.73,2,2,165.6,0
130.16,250.35,2,2,165.6,0
130.9,251.09,2,2,165.6,0
131.85,252.04,2,2,165.6,0
132.63,252.82,2,2,165.6,0
132.97,253.15,2,2,165.6,0
133.5,253.68,2,2,165.6,0
134.44,254.62,2,2,165.6,0
135.12,255.31,2,2,165.6,0
135.77,255.96,2,2,165.6,0
136.13,256.32,2,2,165.6,0
136.7,256.88,2,2,165.6,0
137.36,257.55,2,2,165.6,0
138.01,258.2,2,2,165.6,0
138.72,258.9,2,2,165.6,0
139.46,259.65,2,2,165.6,0
140.07,260.25,2,2,165.6,0
140.77,260.96,2,2,165.6,0
141.45,261.64,2,2,165.6,0
141.95,262.13,2,2,165.6,0
142.93,263.11,2,2,165.6,0
143.53,263.71,2,2,165.6,0
144.36,264.54,2,2,165.6,0
144.84,265.03,2,2,165.6,0
145.65,265.84,2,2,165.6,0
146.27,266.46,2,2,165.6,0
146.88,267.06,2,2,165.6,0
147.4,267.58,2,2,165.6,0
148.27,268.45,2,2,165.6,0
148.93,269.11,2,2,165.6,0
149.36,269.54,2,2,165.6,0
149.84,270.03,2,2,165.6,0
150.49,270.67,2,2,165.6,0
151.14,271.32,2,2,165.6,0
151.62,271.81,2,2,165.6,0
152.08,272.27,2,2,165.6,0
152.74,272.92,2,2,165.6,0
153.68,273.86,2,2,165.6,0
154.32,274.51,2,2,165.6,0
154.87,275.06,2,2,165.6,0
155.52,275.7,2,2,165.6,0
156.26,276.44,2,2,165.6,0
156.88,277.06,2,2,165.6,0
157.38,277.56,2,2,165.6,0
157.98,278.17,2,2,165.6,0
158.58,278.77,2,2,165.6,0
159.28,279.46,2,2,165.6,0
160.0,280.18,2,2,165.6,0
160.56,280.74,2,2,165.6,0
161.28,281.46,2,2,165.6,0
161.76,281.95,2,2,165.6,0
162.5,282.68,2,2,165.6,0
163.23,283.42,2,2,165.6,0
163.78,283.96,2,2,165.6,0
164.52,284.71,2,2,165.6,0
165.01,285.19,2,2,165.6,0
165.62,285.8,2,2,165.6,0
166.23,286.41,2,2,165.6,0
167.21,287.4,2,2,165.6,0
167.71,287.89,2,2,165.6,0
168.46,288.64,2,2,165.6,0
169.2,289.39,2,2,165.6,0
169.83,290.01,2,2,165.6,0
170.43,289.4,2,-2,165.6,0
171.15,288.67,2,-2,165.6,0
171.89,287.93,2,-2,165.6,0
172.62,287.21,2,-2,165.6,0
173.12,286.71,2,-2,165.6,0
173.84,285.98,2,-2,165.6,0
174.4,285.42,2,-2,165.6,0
175.13,284.7,2,-2,165.6,0
175.64,284.18,2,-2,165.6,0
176.16,283.67,2,-2,165.6,0
176.89,282.94,2,-2,165.6,0
177.44,282.38,2,-2,165.6,0
178.01,281.81,2,-2,165.6,0
178.82,281.0,2,-2,165.6,0
179.37,280.46,2,-2,165.6,0
180.09,279.74,2,-2,165.6,0
180.64,279.19,2,-2,165.6,0
181.16,278.66,2,-2,165.6,0
182.01,277.82,2,-2,165.6,0
182.73,277.09,2,-2,165.6,0
183.54,276.29,2,-2,165.6,0
184.15,275.68,2,-2,165.6,0
184.73,275.1,2,-2,165.6,0
185.38,274.45,2,-2,165.6,0
186.16,273.67,2,-2,165.6,0
186.76,273.06,2,-2,165.6,0
187.36,272.46,2,-2,165.6,0
188.25,271.58,2,-2,165.6,0
188.89,270.94,2,-2,165.6,0
189.61,270.22,2,-2,165.6,0
190.27,269.56,2,-2,165.6,0
190.88,268.95,2,-2,165.6,0
191.6,268.22,2,-2,165.6,0
191.97,267.85,2,-2,165.6,0
192.69,267.13,2,-2,165.6,0
193.39,266.44,2,-2,165.6,0
194.11,265.71,2,-2,165.6,0
194.77,265.06,2,-2,165.6,0
195.47,264.36,2,-2,165.6,0
196.19,263.64,2,-2,165.6,0
196.91,262.92,2,-2,165.6,0
197.54,262.28,2,-2,165.6,0
198.12,261.7,2,-2,165.6,0
198.85,260.98,2,-2,165.6,0
199.67,260.15,2,-2,165.6,0
200.31,259.51,2,-2,165.6,0
200.8,259.03,2,-2,165.6,0
201.52,258.3,2,-2,165.6,0
202.13,257.7,2,-2,165.6,0
202.89,256.94,2,-2,165.6,0
203.65,256.18,2,-2,165.6,0
204.13,255.69,2,-2,165.6,0
204.86,254.97,2,-2,165.6,0
205.59,254.24,2,-2,165.6,0
206.5,253.33,2,-2,165.6,0
207.34,252.48,2,-2,165.6,0
207.95,251.88,2,-2,165.6,0
208.67,251.16,2,-2,165.6,0
209.16,250.66,2,-2,165.6,0
210.01,249.82,2,-2,165.6,0
210.74,249.09,2,-2,165.6,0
211.28,248.54,2,-2,165.6,0
212.25,247.57,2,-2,165.6,0
212.91,246.91,2,-2,165.6,0
213.61,246.22,2,-2,165.6,0
214.01,245.82,2,-2,165.6,0
214.78,245.04,2,-2,165.6,0
215.66,244.16,2,-2,165.6,0
216.29,243.53,2,-2,165.6,0
216.9,242.93,2,-2,165.6,0
217.38,242.44,2,-2,165.6,0
218.12,241.71,2,-2,165.6,0
219.1,240.73,2,-2,165.6,0
219.71,240.12,2,-2,165.6,0
220.43,239.4,2,-2,165.6,0
221.08,238.75,2,-2,165.6,0
221.75,238.08,2,-2,165.6,0
222.16,237.67,2,-2,165.6,0
222.91,236.91,2,-2,165.6,0
223.75,236.08,2,-2,165.6,0
224.72,235.11,2,-2,165.6,0
225.44,234.38,2,-2,165.6,0
225.93,233.89,2,-2,165.6,0
226.65,233.17,2,-2,165.6,0
227.41,232.42,2,-2,165.6,0
228.13,231.69,2,-2,165.6,0
228.62,231.2,2,-2,165.6,0
229.35,230.47,2,-2,165.6,0
229.87,229.96,2,-2,165.6,0
230.42,229.41,2,-2,165.6,0
231.2,228.63,2,-2,165.6,0
231.93,227.9,2,-2,165.6,0
232.69,227.14,2,-2,165.6,0
233.41,226.42,2,-2,165.6,0
233.83,225.99,2,-2,165.6,0
234.32,225.51,2,-2,165.6,0
235.13,224.69,2,-2,165.6,0
235.64,224.19,2,-2,165.6,0
236.12,223.7,2,-2,165.6,0
236.86,222.96,2,-2,165.6,0
237.35,222.48,2,-2,165.6,0
238.12,221.71,2,-2,165.6,0
238.89,220.94,2,-2,165.6,0
239.39,220.44,2,-2,165.6,0
240.12,219.7,2,-2,165.6,0
240.86,218.96,2,-2,165.6,0
241.52,218.3,2,-2,165.6,0
241.93,217.9,2,-2,165.6,0
242.89,216.93,2,-2,165.6,0
243.7,216.12,2,-2,165.6,0
244.18,215.64,2,-2,165.6,0
245.11,214.71,2,-2,165.6,0
245.47,214.35,2,-2,165.6,0
246.18,213.65,2,-2,165.6,0
247.02,212.81,2,-2,165.6,0
247.74,212.08,2,-2,165.6,0
248.23,211.6,2,-2,165.6,0
248.72,211.11,2,-2,165.6,0
249.44,210.38,2,-2,165.6,0
249.78,210.04,2,-2,165.6,0
250.54,209.29,2,-2,165.6,0
251.36,208.47,2,-2,165.6,0
252.33,207.5,2,-2,165.6,0
252.93,206.89,2,-2,165.6,0
253.42,206.41,2,-2,165.6,0
254.07,205.75,2,-2,165.6,0
254.42,205.41,2,-2,165.6,0
255.14,204.68,2,-2,165.6,0
255.84,203.99,2,-2,165.6,0
256.2,203.63,2,-2,165.6,0
257.04,202.78,2,-2,165.6,0
257.65,202.18,2,-2,165.6,0
258.13,201.69,2,-2,165.6,0
258.91,200.92,2,-2,165.6,0
259.76,200.07,2,-2,165.6,0
260.42,199.41,2,-2,165.6,0
261.06,198.76,2,-2,165.6,0
261.71,198.12,2,-2,165.6,0
262.22,197.6,2,-2,165.6,0
262.91,196.92,2,-2,165.6,0
263.51,196.32,2,-2,165.6,0
264.3,195.52,2,-2,165.6,0
264.67,195.15,2,-2,165.6,0
265.3,194.53,2,-2,165.6,0
265.87,193.95,2,-2,165.6,0
266.5,193.33,2,-2,165.6,0
267.2,192.63,2,-2,165.6,0
267.8,192.03,2,-2,165.6,0
268.29,191.54,2,-2,165.6,0
268.76,191.07,2,-2,165.6,0
269.22,190.61,2,-2,165.6,0
269.67,190.15,2,-2,165.6,0
270.29,189.54,2,-2,165.6,0
270.65,189.18,2,-2,165.6,0
271.26,188.56,2,-2,165.6,0
271.87,187.95,2,-2,165.6,0
272.48,187.34,2,-2,165.6,0
273.1,186.73,2,-2,165.6,0
273.77,186.05,2,-2,165.6,0
274.19,185.64,2,-2,165.6,0
274.92,184.9,2,-2,165.6,0
275.41,184.42,2,-2,165.6,0
275.88,183.95,2,-2,165.6,0
276.38,183.45,2,-2,165.6,0
276.99,182.84,2,-2,165.6,0
277.75,182.08,2,-2,165.6,0
278.43,181.39,2,-2,165.6,0
279.19,180.64,2,-2,165.6,0
279.67,180.15,2,-2,165.6,0
280.3,179.52,2,-2,165.6,0
280.79,179.04,2,-2,165.6,0
281.58,178.25,2,-2,165.6,0
282.18,177.64,2,-2,165.6,0
282.88,176.95,2,-2,165.6,0
283.22,176.61,2,-2,165.6,0
283.78,176.05,2,-2,165.6,0
284.65,175.18,2,-2,165.6,0
285.26,174.57,2,-2,165.6,0
285.83,173.99,2,-2,165.6,0
286.26,173.57,2,-2,165.6,0
286.99,172.83,2,-2,165.6,0
287.33,172.5,2,-2,165.6,0
287.94,171.88,2,-2,165.6,0
288.68,171.14,2,-2,165.6,0
289.1,170.72,2,-2,165.6,0
289.71,170.11,2,-2,165.6,0
290.23,169.6,2,-2,165.6,0
290.85,168.97,2,-2,165.6,0
291.55,168.27,2,-2,165.6,0
292.27,167.56,2,-2,165.6,0
293.03,166.8,2,-2,165.6,0
293.7,166.13,2,-2,165.6,0
294.09,165.73,2,-2,165.6,0
294.94,164.89,2,-2,165.6,0
295.55,164.27,2,-2,165.6,0
296.23,163.59,2,-2,165.6,0
296.9,162.92,2,-2,165.6,0
297.5,162.33,2,-2,165.6,0
298.23,161.6,2,-2,165.6,0
298.89,160.93,2,-2,165.6,0
299.37,160.45,2,-2,165.6,0
300.03,159.79,2,-2,165.6,0
300.39,159.43,2,-2,165.6,0
301.1,158.73,2,-2,165.6,0
301.91,157.92,2,-2,165.6,0
302.33,157.49,2,-2,165.6,0
303.18,156.64,2,-2,165.6,0
304.16,155.66,2,-2,165.6,0
304.52,155.3,2,-2,165.6,0
305.44,154.38,2,-2,165.6,0
305.81,154.02,2,-2,165.6,0
306.31,153.52,2,-2,165.6,0
307.01,152.82,2,-2,165.6,0
307.72,152.1,2,-2,165.6,0
308.08,151.74,2,-2,165.6,0
308.54,151.29,2,-2,165.6,0
309.03,150.8,2,-2,165.6,0
309.61,150.22,2,-2,165.6,0
310.21,149.61,2,-2,165.6,0
310.81,149.01,2,-2,165.6,0
311.32,148.51,2,-2,165.6,0
311.8,148.03,2,-2,165.6,0
312.28,147.55,2,-2,165.6,0
312.73,147.1,2,-2,165.6,0
313.19,146.64,2,-2,165.6,0
314.1,145.72,2,-2,165.6,0
314.68,145.14,2,-2,165.6,0
315.09,144.73,2,-2,165.6,0
315.62,144.2,2,-2,165.6,0
316.27,143.56,2,-2,165.6,0
317.01,142.82,2,-2,165.6,0
317.6,142.22,2,-2,165.6,0
317.99,141.83,2,-2,165.6,0
318.83,140.99,2,-2,165.6,0
319.18,140.65,2,-2,165.6,0
320.04,139.79,2,-2,165.6,0
320.36,139.46,2,-2,165.6,0
321.05,138.78,2,-2,165.6,0
321.65,138.18,2,-2,165.6,0
322.25,137.57,2,-2,165.6,0
322.79,137.04,2,-2,165.6,0
323.49,136.33,2,-2,165.6,0
323.89,135.94,2,-2,165.6,0
324.61,135.22,2,-2,165.6,0
325.0,134.83,2,-2,165.6,0
325.74,134.09,2,-2,165.6,0
326.03,133.79,2,-2,165.6,0
326.76,133.06,2,-2,165.6,0
327.25,132.58,2,-2,165.6,0
327.87,131.95,2,-2,165.6,0
328.48,131.35,2,-2,165.6,0
329.09,130.73,2,-2,165.6,0
329.68,130.15,2,-2,165.6,0
330.17,129.66,2,-2,165.6,0
329.25,128.91,-2,-2,165.6,0
328.61,128.27,-2,-2,165.6,0
328.08,127.74,-2,-2,165.6,0
327.69,127.35,-2,-2,165.6,0
326.95,126.61,-2,-2,165.6,0
326.08,125.74,-2,-2,165.6,0
325.56,125.22,-2,-2,165.6,0
325.16,124.82,-2,-2,165.6,0
324.36,124.02,-2,-2,165.6,0
323.75,123.41,-2,-2,165.6,0
323.1,122.76,-2,-2,165.6,0
322.5,122.16,-2,-2,165.6,0
321.88,121.54,-2,-2,165.6,0
321.16,120.82,-2,-2,165.6,0
320.15,119.81,-2,-2,165.6,0
319.55,119.21,-2,-2,165.6,0
318.95,118.61,-2,-2,165.6,0
318.63,118.29,-2,-2,165.6,0
317.98,117.64,-2,-2,165.6,0
316.97,116.63,-2,-2,165.6,0
316.58,116.24,-2,-2,165.6,0
315.95,115.61,-2,-2,165.6,0
315.22,114.88,-2,-2,165.6,0
314.83,114.49,-2,-2,165.6,0
314.33,113.99,-2,-2,165.6,0
313.87,113.53,-2,-2,165.6,0
313.27,112.93,-2,-2,165.6,0
312.91,112.56,-2,-2,165.6,0
312.44,112.1,-2,-2,165.6,0
311.84,111.5,-2,-2,165.6,0
311.48,111.14,-2,-2,165.6,0
311.03,110.69,-2,-2,165.6,0
310.43,110.09,-2,-2,165.6,0
310.07,109.73,-2,-2,165.6,0
309.2,108.86,-2,-2,165.6,0
308.34,108.0,-2,-2,165.6,0
307.73,107.39,-2,-2,165.6,0
307.39,107.04,-2,-2,165.6,0
306.76,106.42,-2,-2,165.6,0
305.9,105.56,-2,-2,165.6,0
305.27,104.93,-2,-2,165.6,0
304.87,104.53,-2,-2,165.6,0
303.96,103.62,-2,-2,165.6,0
303.3,102.96,-2,-2,165.6,0
302.68,102.34,-2,-2,165.6,0
302.34,102.0,-2,-2,165.6,0
301.74,101.4,-2,-2,165.6,0
301.25,100.91,-2,-2,165.6,0
300.33,99.99,-2,-2,165.6,0
299.59,99.25,-2,-2,165.6,0
298.84,98.5,-2,-2,165.6,0
298.24,97.89,-2,-2,165.6,0
297.81,97.47,-2,-2,165.6,0
297.1,96.76,-2,-2,165.6,0
296.79,96.45,-2,-2,165.6,0
296.06,95.72,-2,-2,165.6,0
295.33,94.99,-2,-2,165.6,0
294.94,94.6,-2,-2,165.6,0
294.21,93.87,-2,-2,165.6,0
293.86,93.52,-2,-2,165.6,0
292.9,92.56,-2,-2,165.6,0
292.29,91.95,-2,-2,165.6,0
291.81,91.47,-2,-2,165.6,0
291.23,90.88,-2,-2,165.6,0
290.29,89.95,-2,-2,165.6,0
289.64,89.3,-2,-2,165.6,0
288.92,88.58,-2,-2,165.6,0
288.5,88.16,-2,-2,165.6,0
287.9,87.56,-2,-2,165.6,0
287.01,86.67,-2,-2,165.6,0
286.37,86.03,-2,-2,165.6,0
285.95,85.61,-2,-2,165.6,0
285.01,84.67,-2,-2,165.6,0
284.4,84.06,-2,-2,165.6,0
283.82,83.47,-2,-2,165.6,0
283.09,82.75,-2,-2,165.6,0
282.37,82.03,-2,-2,165.6,0
281.84,81.5,-2,-2,165.6,0
281.08,80.74,-2,-2,165.6,0
280.36,80.02,-2,-2,165.6,0
279.87,79.53,-2,-2,165.6,0
279.38,79.04,-2,-2,165.6,0
278.9,78.55,-2,-2,165.6,0
278.41,78.07,-2,-2,165.6,0
277.68,77.34,-2,-2,165.6,0
277.2,76.85,-2,-2,165.6,0
276.25,75.91,-2,-2,165.6,0
275.64,75.3,-2,-2,165.6,0
274.92,74.58,-2,-2,165.6,0
274.43,74.09,-2,-2,165.6,0
273.8,73.46,-2,-2,165.6,0
273.19,72.85,-2,-2,165.6,0
272.59,72.25,-2,-2,165.6,0
271.84,71.49,-2,-2,165.6,0
271.35,71.01,-2,-2,165.6,0
270.87,70.53,-2,-2,165.6,0
270.36,70.02,-2,-2,165.6,0
267.16,66.82,-2,-2,165.6,0
266.64,66.3,-2,-2,165.6,0
266.16,65.82,-2,-2,164.59,2
265.39,65.05,-2,-2,162.99,2
264.78,64.44,-2,-2,161.74,2
264.17,63.83,-2,-2,160.46,2
263.69,63.35,-2,-2,159.46,2
263.33,62.99,-2,-2,158.7,2
262.62,62.28,-2,-2,157.23,2
261.89,61.55,-2,-2,155.7,2
261.12,60.78,-2,-2,154.1,2
260.64,60.3,-2,-2,153.1,2
260.19,59.85,-2,-2,152.16,2
259.71,59.37,-2,-2,151.17,2
259.05,58.71,-2,-2,149.8,2
258.56,58.22,-2,-2,148.78,2
257.84,57.5,-2,-2,147.27,2
257.23,56.89,-2,-2,146.0,2
256.86,56.52,-2,-2,145.24,2
256.35,56.01,-2,-2,144.17,2
255.75,55.41,-2,-2,142.91,2
255.21,54.87,-2,-2,141.79,2
254.71,54.37,-2,-2,140.76,2
253.98,53.64,-2,-2,139.23,2
253.58,53.24,-2,-2,138.39,2
252.97,52.63,-2,-2,137.13,2
252.29,51.95,-2,-2,135.7,2
251.55,51.21,-2,-2,134.16,2
250.91,50.57,-2,-2,132.83,2
250.43,50.09,-2,-2,131.82,2
250.01,49.67,-2,-2,130.95,2
249.11,48.77,-2,-2,129.09,2
248.69,48.35,-2,-2,128.21,2
247.97,47.63,-2,-2,126.7,2
247.12,46.78,-2,-2,124.94,2
246.48,46.14,-2,-2,123.6,2
245.86,45.52,-2,-2,122.31,2
245.14,44.8,-2,-2,120.82,2
244.47,44.13,-2,-2,119.41,2
243.91,43.57,-2,-2,118.24,2
243.23,42.89,-2,-2,116.83,2
242.65,42.31,-2,-2,115.63,2
241.89,41.55,-2,-2,114.04,2
241.24,40.9,-2,-2,112.68,2
240.29,39.95,-2,-2,110.71,2
239.81,39.47,-2,-2,109.7,2
239.02,38.68,-2,-2,108.06,2
238.35,38.01,-2,-2,106.67,2
237.98,37.64,-2,-2,105.89,2
237.23,36.89,-2,-2,104.34,2
236.81,36.47,-2,-2,103.46,2
236.17,35.83,-2,-2,102.13,2
235.31,34.97,-2,-2,100.33,2
234.69,34.35,-2,-2,99.05,2
234.33,33.99,-2,-2,98.29,2
233.86,33.52,-2,-2,97.32,2
233.39,33.05,-2,-2,96.34,2
232.52,32.18,-2,-2,94.52,2
232.16,31.82,-2,-2,93.77,2
231.69,31.35,-2,-2,92.78,2
231.1,30.76,-2,-2,91.57,2
230.43,30.09,-2,-2,90.16,2
230.07,29.73,-2,-2,89.41,2
229.16,28.82,-2,-2,87.52,2
228.7,28.36,-2,-2,86.55,2
227.96,27.62,-2,-2,85.03,2
227.22,26.88,-2,-2,83.49,2
226.72,26.38,-2,-2,82.44,2
225.85,25.51,-2,-2,80.63,2
225.0,24.66,-2,-2,78.86,2
224.52,24.18,-2,-2,77.85,2
223.8,23.46,-2,-2,76.34,2
223.31,22.97,-2,-2,75.33,2
222.58,22.24,-2,-2,73.82,2
222.22,21.88,-2,-2,73.06,2
221.38,21.04,-2,-2,71.31,2
220.95,20.61,-2,-2,70.42,2
220.43,20.09,-2,-2,69.32,2
219.82,19.48,-2,-2,68.07,2
218.98,18.64,-2,-2,66.32,2
218.28,17.94,-2,-2,64.85,2
217.88,17.54,-2,-2,64.03,2
217.16,16.82,-2,-2,62.52,2
216.68,16.34,-2,-2,61.53,2
216.16,15.82,-2,-2,60.44,2
215.54,15.2,-2,-2,59.14,2
215.04,14.7,-2,-2,58.1,2
214.42,14.08,-2,-2,56.8,2
213.62,13.28,-2,-2,55.14,2
213.22,12.87,-2,-2,54.3,2
212.49,12.15,-2,-2,52.8,2
211.98,11.64,-2,-2,51.74,2
211.46,11.12,-2,-2,50.65,2
210.69,10.35,-2,-2,49.04,2
210.36,10.01,-2,-2,48.34,2
209.5,9.16,-2,-2,46.56,2
208.91,8.57,-2,-2,45.33,2
208.33,7.99,-2,-2,44.12,2
207.91,7.57,-2,-2,43.25,2
207.18,6.84,-2,-2,41.73,2
206.53,6.19,-2,-2,40.37,2
205.87,5.53,-2,-2,39.0,2
205.29,4.95,-2,-2,37.79,2
204.52,4.18,-2,-2,36.19,2
204.18,3.84,-2,-2,35.48,2
203.46,3.12,-2,-2,33.97,2
202.74,2.4,-2,-2,32.48,2
202.14,1.8,-2,-2,31.22,2
201.8,1.46,-2,-2,30.52,2
201.06,0.72,-2,-2,28.97,2
200.45,0.11,-2,-2,27.71,2
199.97,-0.37,-2,-2,26.71,2
199.62,-0.72,-2,-2,25.97,2
199.0,-1.34,-2,-2,24.68,2
198.53,-1.81,-2,-2,23.7,2
198.04,-2.3,-2,-2,22.69,2
197.43,-2.91,-2,-2,21.42,2
197.04,-3.3,-2,-2,20.6,2
196.57,-3.77,-2,-2,19.63,2
195.97,-4.37,-2,-2,18.37,2
195.25,-5.09,-2,-2,16.87,2
194.5,-5.84,-2,-2,15.32,2
193.9,-6.44,-2,-2,14.07,2
193.3,-7.04,-2,-2,12.81,2
192.7,-7.64,-2,-2,11.55,2
192.2,-8.14,-2,-2,10.51,2
191.46,-8.88,-2,-2,8.97,2
191.02,-9.32,-2,-2,8.06,2
190.53,-9.81,-2,-2,7.05,2
189.93,-10.41,-2,-2,5.78,2
188.94,-11.4,-2,-2,3.72,2
188.26,-12.08,-2,-2,2.32,2
187.55,-12.79,-2,-2,0.84,2
187.05,-13.29,-2,-2,-0.22,2
186.05,-14.29,-2,-2,-0.22,0
185.45,-14.9,-2,-2,-0.22,0
184.82,-15.52,-2,-2,-0.22,0
184.46,-15.88,-2,-2,-0.22,0
183.85,-16.49,-2,-2,-0.22,0
183.01,-17.33,-2,-2,-0.22,0
182.39,-17.95,-2,-2,-0.22,0
181.7,-18.64,-2,-2,-0.22,0
180.91,-19.43,-2,-2,-0.22,0
180.59,-19.75,-2,-2,-0.22,0
179.86,-20.48,-2,-2,-0.22,0
179.47,-20.87,-2,-2,-0.22,0
179.01,-21.33,-2,-2,-0.22,0
178.44,-21.9,-2,-2,-0.22,0
177.65,-22.69,-2,-2,-0.22,0
177.03,-23.31,-2,-2,-0.22,0
176.44,-23.9,-2,-2,-0.22,0
176.08,-24.26,-2,-2,-0.22,0
175.21,-25.13,-2,-2,-0.22,0
174.84,-25.5,-2,-2,-0.22,0
174.33,-26.01,-2,-2,-0.22,0
173.86,-26.48,-2,-2,-0.22,0
173.08,-27.26,-2,-2,-0.22,0
172.72,-27.62,-2,-2,-0.22,0
172.21,-28.13,-2,-2,-0.22,0
171.54,-28.8,-2,-2,-0.22,0
171.11,-29.23,-2,-2,-0.22,0
170.6,-29.74,-2,-2,-0.22,0
170.1,-30.24,-2,-2,-0.22,0
169.31,-31.03,-2,-2,-0.22,0
168.59,-31.76,-2,-2,-0.22,0
168.26,-32.08,-2,-2,-0.22,0
167.77,-32.57,-2,-2,-0.22,0
167.15,-33.19,-2,-2,-0.22,0
166.42,-33.92,-2,-2,-0.22,0
166.03,-34.31,-2,-2,-0.22,0
165.22,-35.12,-2,-2,-0.22,0
164.57,-35.77,-2,-2,-0.22,0
164.11,-36.23,-2,-2,-0.22,0
163.71,-36.63,-2,-2,-0.22,0
163.23,-37.11,-2,-2,-0.22,0
162.78,-37.56,-2,-2,-0.22,0
162.06,-38.28,-2,-2,-0.22,0
161.7,-38.64,-2,-2,-0.22,0
161.25,-39.09,-2,-2,-0.22,0
160.79,-39.55,-2,-2,-0.22,0
160.34,-40.0,-2,-2,-0.22,0
159.89,-40.45,-2,-2,-0.22,0
159.2,-41.14,-2,-2,-0.22,0
158.64,-41.7,-2,-2,-0.22,0
158.04,-42.3,-2,-2,-0.22,0
157.35,-42.99,-2,-2,-0.22,0
156.99,-43.35,-2,-2,-0.22,0
156.29,-44.05,-2,-2,-0.22,0
155.56,-44.78,-2,-2,-0.22,0
154.64,-45.7,-2,-2,-0.22,0
153.73,-46.61,-2,-2,-0.22,0
152.98,-47.36,-2,-2,-0.22,0
152.49,-47.85,-2,-2,-0.22,0
151.63,-48.71,-2,-2,-0.22,0
150.75,-49.59,-2,-2,-0.22,0
150.02,-50.32,-2,-2,-0.22,0
149.17,-51.17,-2,-2,-0.22,0
148.59,-51.75,-2,-2,-0.22,0
147.94,-52.4,-2,-2,-0.22,0
147.63,-52.72,-2,-2,-0.22,0
147.07,-53.27,-2,-2,-0.22,0
146.58,-53.76,-2,-2,-0.22,0
146.08,-54.26,-2,-2,-0.22,0
145.46,-54.88,-2,-2,-0.22,0
144.81,-55.53,-2,-2,-0.22,0
144.33,-56.01,-2,-2,-0.22,0
143.52,-56.82,-2,-2,-0.22,0
142.99,-57.35,-2,-2,-0.22,0
142.19,-58.15,-2,-2,-0.22,0
141.58,-58.76,-2,-2,-0.22,0
141.22,-59.13,-2,-2,-0.22,0
140.46,-59.88,-2,-2,-0.22,0
139.73,-60.61,-2,-2,-0.22,0
139.12,-61.22,-2,-2,-0.22,0
138.26,-62.08,-2,-2,-0.22,0
137.85,-62.49,-2,-2,-0.22,0
136.89,-63.45,-2,-2,-0.22,0
136.14,-64.2,-2,-2,-0.22,0
135.83,-64.51,-2,-2,-0.22,0
135.22,-65.12,-2,-2,-0.22,0
134.55,-65.79,-2,-2,-0.22,0
134.03,-66.31,-2,-2,-0.22,0
133.29,-67.05,-2,-2,-0.22,0
132.45,-67.89,-2,-2,-0.22,0
131.8,-68.54,-2,-2,-0.22,0
131.18,-69.16,-2,-2,-0.22,0
130.78,-69.56,-2,-2,-0.22,0
130.06,-70.28,-2,-2,-0.22,0
129.4,-70.94,-2,-2,-0.22,0
128.7,-71.64,-2,-2,-0.22,0
127.93,-72.41,-2,-2,-0.22,0
127.62,-72.72,-2,-2,-0.22,0
126.98,-73.36,-2,-2,-0.22,0
126.37,-73.97,-2,-2,-0.22,0
125.86,-74.48,-2,-2,-0.22,0
125.02,-75.32,-2,-2,-0.22,0
124.63,-75.71,-2,-2,-0.22,0
124.0,-76.34,-2,-2,-0.22,0
123.67,-76.67,-2,-2,-0.22,0
123.17,-77.17,-2,-2,-0.22,0
122.67,-77.67,-2,-2,-0.22,0
122.05,-78.29,-2,-2,-0.22,0
121.33,-79.01,-2,-2,-0.22,0
120.97,-79.37,-2,-2,-0.22,0
120.37,-79.97,-2,-2,-0.22,0
119.52,-80.82,-2,-2,-0.22,0
118.93,-81.41,-2,-2,-0.22,0
118.54,-81.8,-2,-2,-0.22,0
117.93,-82.41,-2,-2,-0.22,0
117.11,-83.23,-2,-2,-0.22,0
116.52,-83.82,-2,-2,-0.22,0
116.1,-84.24,-2,-2,-0.22,0
114.88,-85.46,-2,-2,-0.22,0
114.24,-86.1,-2,-2,-0.22,0
113.56,-86.78,-2,-2,-0.22,0
112.79,-87.55,-2,-2,-0.22,0
112.17,-88.17,-2,-2,-0.22,0
111.28,-89.06,-2,-2,-0.22,0
110.7,-89.64,-2,-2,-0.22,0
110.34,-90.0,-2,-2,-0.22,0
109.66,-90.68,-2,-2,-0.22,0
108.82,-91.52,-2,-2,-0.22,0
108.42,-91.92,-2,-2,-0.22,0
107.82,-92.52,-2,-2,-0.22,0
107.3,-93.04,-2,-2,-0.22,0
106.45,-93.89,-2,-2,-0.22,0
105.73,-94.61,-2,-2,-0.22,0
105.01,-95.33,-2,-2,-0.22,0
104.62,-95.72,-2,-2,-0.22,0
104.02,-96.32,-2,-2,-0.22,0
103.11,-97.23,-2,-2,-0.22,0
102.75,-97.59,-2,-2,-0.22,0
102.19,-98.15,-2,-2,-0.22,0
101.26,-99.08,-2,-2,-0.22,0
100.68,-99.66,-2,-2,-0.22,0
100.32,-100.02,-2,-2,-0.22,0
99.52,-100.82,-2,-2,-0.22,0
98.5,-101.84,-2,-2,-0.22,0
97.96,-102.38,-2,-2,-0.22,0
97.36,-102.98,-2,-2,-0.22,0
96.58,-103.76,-2,-2,-0.22,0
96.26,-104.08,-2,-2,-0.22,0
95.54,-104.8,-2,-2,-0.22,0
94.94,-105.4,-2,-2,-0.22,0
94.18,-106.16,-2,-2,-0.22,0
93.42,-106.92,-2,-2,-0.22,0
92.85,-107.49,-2,-2,-0.22,0
92.38,-107.96,-2,-2,-0.22,0
91.4,-108.94,-2,-2,-0.22,0
90.98,-109.36,-2,-2,-0.22,0
90.12,-110.22,-2,-2,-0.22,0
89.76,-110.58,-2,-2,-0.22,0
88.96,-111.38,-2,-2,-0.22,0
88.54,-111.8,-2,-2,-0.22,0
87.81,-112.53,-2,-2,-0.22,0
87.32,-113.02,-2,-2,-0.22,0
86.86,-113.48,-2,-2,-0.22,0
86.41,-113.93,-2,-2,-0.22,0
85.97,-114.37,-2,-2,-0.22,0
85.24,-115.1,-2,-2,-0.22,0
84.88,-115.46,-2,-2,-0.22,0
84.37,-115.97,-2,-2,-0.22,0
83.76,-116.58,-2,-2,-0.22,0
83.22,-117.12,-2,-2,-0.22,0
82.71,-117.63,-2,-2,-0.22,0
82.23,-118.11,-2,-2,-0.22,0
81.76,-118.58,-2,-2,-0.22,0
80.98,-119.36,-2,-2,-0.22,0
80.37,-119.97,-2,-2,-0.22,0
79.52,-120.82,-2,-2,-0.22,0
78.88,-121.46,-2,-2,-0.22,0
78.24,-122.1,-2,-2,-0.22,0
77.88,-122.46,-2,-2,-0.22,0
77.01,-123.33,-2,-2,-0.22,0
76.63,-123.71,-2,-2,-0.22,0
75.8,-124.54,-2,-2,-0.22,0
75.19,-125.15,-2,-2,-0.22,0
74.83,-125.51,-2,-2,-0.22,0
74.22,-126.12,-2,-2,-0.22,0
73.6,-126.74,-2,-2,-0.22,0
73.24,-127.1,-2,-2,-0.22,0
72.52,-127.82,-2,-2,-0.22,0
71.82,-128.52,-2,-2,-0.22,0
71.21,-129.13,-2,-2,-0.22,0
70.49,-129.85,-2,-2,-0.22,0
69.94,-130.4,-2,-2,-0.22,0
69.36,-130.99,-2,-2,-0.22,0
68.61,-131.73,-2,-2,-0.22,0
68.13,-132.21,-2,-2,-0.22,0
67.64,-132.7,-2,-2,-0.22,0
67.14,-133.21,-2,-2,-0.22,0
66.56,-133.78,-2,-2,-0.22,0
65.79,-134.55,-2,-2,-0.22,0
65.05,-135.29,-2,-2,-0.22,0
64.53,-135.81,-2,-2,-0.22,0
63.79,-136.55,-2,-2,-0.22,0
63.06,-137.28,-2,-2,-0.22,0
62.7,-137.64,-2,-2,-0.22,0
62.11,-138.23,-2,-2,-0.22,0
61.33,-139.01,-2,-2,-0.22,0
60.79,-139.55,-2,-2,-0.22,0
60.29,-140.05,-2,-2,-0.22,0
59.54,-140.8,-2,-2,-0.22,0
58.89,-141.45,-2,-2,-0.22,0
58.28,-142.06,-2,-2,-0.22,0
57.54,-142.8,-2,-2,-0.22,0
57.0,-143.34,-2,-2,-0.22,0
56.28,-144.06,-2,-2,-0.22,0
55.84,-144.5,-2,-2,-0.22,0
54.95,-145.39,-2,-2,-0.22,0
54.56,-145.78,-2,-2,-0.22,0
54.05,-146.29,-2,-2,-0.22,0
53.07,-147.27,-2,-2,-0.22,0
52.74,-147.6,-2,-2,-0.22,0
51.86,-148.48,-2,-2,-0.22,0
51.21,-149.13,-2,-2,-0.22,0
50.72,-149.62,-2,-2,-0.22,0
49.91,-150.43,-2,-2,-0.22,0
49.3,-151.04,-2,-2,-0.22,0
48.7,-151.64,-2,-2,-0.22,0
48.34,-152.0,-2,-2,-0.22,0
47.85,-152.49,-2,-2,-0.22,0
47.11,-153.23,-2,-2,-0.22,0
46.62,-153.72,-2,-2,-0.22,0
45.88,-154.46,-2,-2,-0.22,0
45.28,-155.06,-2,-2,-0.22,0
44.55,-155.79,-2,-2,-0.22,0
43.98,-156.36,-2,-2,-0.22,0
43.39,-156.95,-2,-2,-0.22,0
42.71,-157.63,-2,-2,-0.22,0
42.1,-158.24,-2,-2,-0.22,0
41.74,-158.6,-2,-2,-0.22,0
40.93,-159.41,-2,-2,-0.22,0
40.5,-159.84,-2,-2,-0.22,0
39.89,-160.45,-2,-2,-0.22,0
39.29,-161.05,-2,-2,-0.22,0
38.67,-161.67,-2,-2,-0.22,0
38.06,-162.28,-2,-2,-0.22,0
37.43,-162.91,-2,-2,-0.22,0
36.83,-163.51,-2,-2,-0.22,0
36.34,-164.0,-2,-2,-0.22,0
35.72,-164.62,-2,-2,-0.22,0
35.17,-165.17,-2,-2,-0.22,0
34.42,-165.92,-2,-2,-0.22,0
34.0,-166.34,-2,-2,-0.22,0
33.14,-167.2,-2,-2,-0.22,0
32.53,-167.81,-2,-2,-0.22,0
31.87,-168.47,-2,-2,-0.22,0
31.16,-169.18,-2,-2,-0.22,0
30.46,-169.88,-2,-2,-0.22,0
30.06,-170.28,-2,-2,-0.22,0
28.99,-171.35,-2,-2,-0.22,0
28.46,-171.88,-2,-2,-0.22,0
28.08,-172.26,-2,-2,-0.22,0
27.47,-172.87,-2,-2,-0.22,0
27.05,-173.29,-2,-2,-0.22,0
26.29,-174.05,-2,-2,-0.22,0
25.92,-174.42,-2,-2,-0.22,0
25.03,-175.31,-2,-2,-0.22,0
24.62,-175.72,-2,-2,-0.22,0
23.91,-176.43,-2,-2,-0.22,0
23.43,-176.91,-2,-2,-0.22,0
22.9,-177.44,-2,-2,-0.22,0
22.36,-177.98,-2,-2,-0.22,0
21.74,-178.6,-2,-2,-0.22,0
21.26,-179.08,-2,-2,-0.22,0
20.53,-179.81,-2,-2,-0.22,0
19.93,-180.41,-2,-2,-0.22,0
19.54,-180.8,-2,-2,-0.22,0
18.92,-181.42,-2,-2,-0.22,0
18.07,-182.27,-2,-2,-0.22,0
17.71,-182.63,-2,-2,-0.22,0
16.9,-183.44,-2,-2,-0.22,0
16.25,-184.09,-2,-2,-0.22,0
15.37,-184.97,-2,-2,-0.22,0
14.66,-185.68,-2,-2,-0.22,0
14.06,-186.28,-2,-2,-0.22,0
13.67,-186.67,-2,-2,-0.22,0
13.07,-187.27,-2,-2,-0.22,0
12.5,-187.85,-2,-2,-0.22,0
11.89,-188.45,-2,-2,-0.22,0
11.55,-188.79,-2,-2,-0.22,0
10.97,-189.37,-2,-2,-0.22,0
10.65,-189.69,-2,-2,-0.22,0
9.95,-190.39,-2,-2,-0.22,0
9.3,-191.04,-2,-2,-0.22,0
8.69,-191.65,-2,-2,-0.22,0
8.09,-192.25,-2,-2,-0.22,0
7.32,-193.02,-2,-2,-0.22,0
7.0,-193.34,-2,-2,-0.22,0
6.27,-194.07,-2,-2,-0.22,0
5.66,-194.68,-2,-2,-0.22,0
4.78,-195.57,-2,-2,-0.22,0
4.01,-196.33,-2,-2,-0.22,0
3.23,-197.11,-2,-2,-0.22,0
2.7,-197.64,-2,-2,-0.22,0
2.3,-198.04,-2,-2,-0.22,0
1.81,-198.53,-2,-2,-0.22,0
1.11,-199.23,-2,-2,-0.22,0
0.4,-199.94,-2,-2,-0.22,0
-0.12,-200.46,-2,-2,-0.22,0
-0.5,-200.85,-2,-2,-0.22,0
-0.97,-201.31,-2,-2,-0.22,0
-1.71,-202.05,-2,-2,-0.22,0
-2.13,-202.47,-2,-2,-0.22,0
-2.67,-203.01,-2,-2,-0.22,0
-3.2,-203.54,-2,-2,-0.22,0
-3.78,-204.12,-2,-2,-0.22,0
-4.41,-204.75,-2,-2,-0.22,0
-5.07,-205.41,-2,-2,-0.22,0
-5.43,-205.77,-2,-2,-0.22,0
-6.15,-206.49,-2,-2,-0.22,0
-6.63,-206.97,-2,-2,-0.22,0
-7.1,-207.44,-2,-2,-0.22,0
-7.6,-207.94,-2,-2,-0.22,0
-8.24,-208.58,-2,-2,-0.22,0
-8.85,-209.19,-2,-2,-0.22,0
-9.47,-209.81,-2,-2,-0.22,0
-10.2,-210.54,-2,-2,-0.22,0
-10.82,-211.16,-2,-2,-0.22,0
-11.54,-211.88,-2,-2,-0.22,0
-11.94,-212.28,-2,-2,-0.22,0
-12.42,-212.76,-2,-2,-0.22,0
-13.28,-213.62,-2,-2,-0.22,0
-13.88,-214.22,-2,-2,-0.22,0
-14.49,-214.83,-2,-2,-0.22,0
-15.0,-215.34,-2,-2,-0.22,0
-15.52,-215.86,-2,-2,-0.22,0
-16.16,-216.5,-2,-2,-0.22,0
-16.68,-217.02,-2,-2,-0.22,0
-17.44,-217.78,-2,-2,-0.22,0
-18.28,-218.62,-2,-2,-0.22,0
-18.72,-219.06,-2,-2,-0.22,0
-19.44,-219.78,-2,-2,-0.22,0
-20.09,-220.43,-2,-2,-0.22,0
-20.73,-221.07,-2,-2,-0.22,0
-21.14,-221.48,-2,-2,-0.22,0
-21.87,-222.21,-2,-2,-0.22,0
-22.52,-222.86,-2,-2,-0.22,0
-23.18,-223.53,-2,-2,-0.22,0
-23.58,-223.92,-2,-2,-0.22,0
-24.08,-224.42,-2,-2,-0.22,0
-24.69,-225.03,-2,-2,-0.22,0
-25.06,-225.4,-2,-2,-0.22,0
-25.54,-225.88,-2,-2,-0.22,0
-25.99,-226.33,-2,-2,-0.22,0
-26.8,-227.14,-2,-2,-0.22,0
-27.53,-227.87,-2,-2,-0.22,0
-28.14,-228.48,-2,-2,-0.22,0
-28.86,-229.2,-2,-2,-0.22,0
-29.54,-229.88,-2,-2,-0.22,0
-30.17,-230.51,-2,-2,-0.22,0
-30.76,-231.11,-2,-2,-0.22,0
-31.61,-231.95,-2,-2,-0.22,0
-32.29,-232.63,-2,-2,-0.22,0
-32.83,-233.17,-2,-2,-0.22,0
-33.33,-233.67,-2,-2,-0.22,0
-33.9,-234.24,-2,-2,-0.22,0
-34.72,-235.06,-2,-2,-0.22,0
-35.09,-235.43,-2,-2,-0.22,0
-35.92,-236.26,-2,-2,-0.22,0
-36.64,-236.98,-2,-2,-0.22,0
-37.13,-237.47,-2,-2,-0.22,0
-37.87,-238.21,-2,-2,-0.22,0
-38.51,-238.85,-2,-2,-0.22,0
-39.23,-239.57,-2,-2,-0.22,0
-40.1,-240.44,-2,-2,-0.22,0
-40.46,-240.8,-2,-2,-0.22,0
-40.95,-241.29,-2,-2,-0.22,0
-41.55,-241.89,-2,-2,-0.22,0
-42.43,-242.77,-2,-2,-0.22,0
-42.83,-243.17,-2,-2,-0.22,0
-43.47,-243.81,-2,-2,-0.22,0
-44.1,-244.45,-2,-2,-0.22,0
-44.59,-244.93,-2,-2,-0.22,0
-45.15,-245.49,-2,-2,-0.22,0
-45.65,-245.99,-2,-2,-0.22,0
-46.13,-246.47,-2,-2,-0.22,0
-46.91,-247.25,-2,-2,-0.22,0
-47.57,-247.91,-2,-2,-0.22,0
-48.11,-248.45,-2,-2,-0.22,0
-48.47,-248.81,-2,-2,-0.22,0
-49.07,-249.41,-2,-2,-0.22,0
-49.93,-250.27,-2,-2,-0.22,0
-50.58,-250.92,-2,-2,-0.22,0
-51.0,-251.34,-2,-2,-0.22,0
-51.72,-252.06,-2,-2,-0.22,0
-52.45,-252.79,-2,-2,-0.22,0
-52.87,-253.21,-2,-2,-0.22,0
-53.39,-253.73,-2,-2,-0.22,0
-54.14,-254.48,-2,-2,-0.22,0
-54.83,-255.17,-2,-2,-0.22,0
-56.41,-256.75,-2,-2,-0.22,0
-57.14,-257.48,-2,-2,-0.22,0
-57.8,-258.14,-2,-2,-0.22,0
-58.22,-258.56,-2,-2,-0.22,0
-58.89,-259.23,-2,-2,-0.22,0
-59.42,-259.76,-2,-2,-0.22,0
-60.16,-260.5,-2,-2,-0.22,0
-60.53,-260.87,-2,-2,-0.22,0
-61.02,-261.36,-2,-2,-0.22,0
-61.56,-261.9,-2,-2,-0.22,0
-62.51,-262.85,-2,-2,-0.22,0
-63.19,-263.53,-2,-2,-0.22,0
-63.6,-263.94,-2,-2,-0.22,0
-64.32,-264.67,-2,-2,-0.22,0
-64.73,-265.07,-2,-2,-0.22,0
-65.33,-265.67,-2,-2,-0.22,0
-65.67,-266.01,-2,-2,-0.22,0
-66.22,-266.56,-2,-2,-0.22,0
-66.83,-267.17,-2,-2,-0.22,0
-67.44,-267.78,-2,-2,-0.22,0
-68.18,-268.53,-2,-2,-0.22,0
-68.57,-268.91,-2,-2,-0.22,0
-69.42,-269.76,-2,-2,-0.22,0
-69.78,-270.12,-2,-2,-0.22,0
-70.54,-270.88,-2,-2,-0.22,0
-71.07,-271.41,-2,-2,-0.22,0
-71.8,-272.14,-2,-2,-0.22,0
-72.17,-272.51,-2,-2,-0.22,0
-72.78,-273.12,-2,-2,-0.22,0
-73.49,-273.83,-2,-2,-0.22,0
-74.33,-274.67,-2,-2,-0.22,0
-75.01,-275.35,-2,-2,-0.22,0
-75.55,-275.89,-2,-2,-0.22,0
-76.21,-276.55,-2,-2,-0.22,0
-76.61,-276.96,-2,-2,-0.22,0
-77.4,-277.74,-2,-2,-0.22,0
-77.8,-278.14,-2,-2,-0.22,0
-78.9,-279.24,-2,-2,-0.22,0
-79.5,-279.84,-2,-2,-0.22,0
-80.32,-280.66,-2,-2,-0.22,0
-81.0,-281.34,-2,-2,-0.22,0
-81.49,-281.84,-2,-2,-0.22,0
-82.19,-282.53,-2,-2,-0.22,0
-83.21,-283.55,-2,-2,-0.22,0
-83.97,-284.31,-2,-2,-0.22,0
-84.45,-284.79,-2,-2,-0.22,0
-85.16,-285.5,-2,-2,-0.22,0
-85.52,-285.87,-2,-2,-0.22,0
-86.05,-286.39,-2,-2,-0.22,0
-86.83,-287.17,-2,-2,-0.22,0
-87.51,-287.85,-2,-2,-0.22,0
-88.53,-288.87,-2,-2,-0.22,0
-89.13,-289.47,-2,-2,-0.22,0
-89.89,-290.23,-2,-2,-0.22,0
-90.22,-289.66,-2,2,-0.22,0
-91.11,-288.78,-2,2,-0.22,0
-91.73,-288.16,-2,2,-0.22,0
-92.13,-287.75,-2,2,-0.22,0
-92.77,-287.11,-2,2,-0.22,0
-93.28,-286.61,-2,2,-0.22,0
-93.96,-285.93,-2,2,-0.22,0
-94.61,-285.28,-2,2,-0.22,0
-95.38,-284.51,-2,2,-0.22,0
-96.02,-283.86,-2,2,-0.22,0
-96.71,-283.18,-2,2,-0.22,0
-97.35,-282.54,-2,2,-0.22,0
-97.7,-282.19,-2,2,-0.22,0
-98.66,-281.23,-2,2,-0.22,0
-99.38,-280.5,-2,2,-0.22,0
-100.21,-279.67,-2,2,-0.22,0
-100.75,-279.14,-2,2,-0.22,0
-101.23,-278.65,-2,2,-0.22,0
-101.97,-277.92,-2,2,-0.22,0
-102.69,-277.19,-2,2,-0.22,0
-103.42,-276.47,-2,2,-0.22,0
-103.91,-275.98,-2,2,-0.22,0
-104.4,-275.49,-2,2,-0.22,0
-105.14,-274.75,-2,2,-0.22,0
-105.63,-274.25,-2,2,-0.22,0
-106.13,-273.76,-2,2,-0.22,0
-106.87,-273.01,-2,2,-0.22,0
-107.36,-272.52,-2,2,-0.22,0
-107.85,-272.04,-2,2,-0.22,0
-108.39,-271.49,-2,2,-0.22,0
-109.14,-270.75,-2,2,-0.22,0
-109.63,-270.26,-2,2,-0.22,0
-110.15,-269.73,-2,2,-0.22,0
-111.02,-268.86,-2,2,-0.22,0
-111.52,-268.37,-2,2,-0.22,0
-112.0,-267.88,-2,2,-0.22,0
-112.78,-267.11,-2,2,-0.22,0
-113.56,-266.33,-2,2,-0.22,0
-113.92,-265.97,-2,2,-0.22,0
-114.97,-264.92,-2,2,-0.22,0
-115.42,-264.47,-2,2,-0.22,0
-116.05,-263.84,-2,2,-0.22,0
-116.82,-263.07,-2,2,-0.22,0
-117.2,-262.69,-2,2,-0.22,0
-117.81,-262.08,-2,2,-0.22,0
-118.92,-260.96,-2,2,-0.22,0
-119.33,-260.56,-2,2,-0.22,0
-120.07,-259.82,-2,2,-0.22,0
-120.6,-259.29,-2,2,-0.22,0
-121.1,-258.78,-2,2,-0.22,0
-121.83,-258.06,-2,2,-0.22,0
-122.67,-257.22,-2,2,-0.22,0
-123.44,-256.44,-2,2,-0.22,0
-124.12,-255.77,-2,2,-0.22,0
-124.77,-255.12,-2,2,-0.22,0
-125.11,-254.78,-2,2,-0.22,0
-126.2,-253.69,-2,2,-0.22,0
-127.03,-252.86,-2,2,-0.22,0
-127.67,-252.22,-2,2,-0.22,0
-128.19,-251.7,-2,2,-0.22,0
-128.68,-251.21,-2,2,-0.22,0
-129.53,-250.36,-2,2,-0.22,0
-130.15,-249.74,-2,2,-0.22,0
-131.04,-248.84,-2,2,-0.22,0
-131.55,-248.34,-2,2,-0.22,0
-132.06,-247.83,-2,2,-0.22,0
-132.86,-247.03,-2,2,-0.22,0
-133.71,-246.18,-2,2,-0.22,0
-134.34,-245.54,-2,2,-0.22,0
-134.92,-244.97,-2,2,-0.22,0
-135.89,-243.99,-2,2,-0.22,0
-136.55,-243.34,-2,2,-0.22,0
-137.21,-242.67,-2,2,-0.22,0
-137.91,-241.98,-2,2,-0.22,0
-138.41,-241.48,-2,2,-0.22,0
-139.36,-240.53,-2,2,-0.22,0
-139.79,-240.09,-2,2,-0.22,0
-140.41,-239.48,-2,2,-0.22,0
-140.9,-238.98,-2,2,-0.22,0
-141.5,-238.38,-2,2,-0.22,0
-141.83,-238.06,-2,2,-0.22,0
-142.29,-237.6,-2,2,-0.22,0
-142.74,-237.15,-2,2,-0.22,0
-143.34,-236.54,-2,2,-0.22,0
-144.09,-235.8,-2,2,-0.22,0
-144.45,-235.44,-2,2,-0.22,0
-145.17,-234.71,-2,2,-0.22,0
-145.77,-234.11,-2,2,-0.22,0
-146.17,-233.71,-2,2,-0.22,0
-147.1,-232.78,-2,2,-0.22,0
-147.51,-232.38,-2,2,-0.22,0
-148.38,-231.5,-2,2,-0.22,0
-149.13,-230.75,-2,2,-0.22,0
-149.96,-229.93,-2,2,-0.22,0
-150.56,-229.32,-2,2,-0.22,0
-150.99,-228.9,-2,2,-0.22,0
-151.71,-228.18,-2,2,-0.22,0
-152.08,-227.81,-2,2,-0.22,0
-152.68,-227.2,-2,2,-0.22,0
-153.44,-226.45,-2,2,-0.22,0
-153.95,-225.93,-2,2,-0.22,0
-154.6,-225.29,-2,2,-0.22,0
-155.33,-224.56,-2,2,-0.22,0
-155.72,-224.16,-2,2,-0.22,0
-156.45,-223.44,-2,2,-0.22,0
-156.81,-223.08,-2,2,-0.22,0
-157.29,-222.59,-2,2,-0.22,0
-157.85,-222.04,-2,2,-0.22,0
-158.74,-221.15,-2,2,-0.22,0
-159.22,-220.67,-2,2,-0.22,0
-159.7,-220.19,-2,2,-0.22,0
-160.21,-219.68,-2,2,-0.22,0
-160.72,-219.17,-2,2,-0.22,0
-161.49,-218.39,-2,2,-0.22,0
-161.85,-218.04,-2,2,-0.22,0
-162.7,-217.19,-2,2,-0.22,0
-163.07,-216.82,-2,2,-0.22,0
-163.94,-215.95,-2,2,-0.22,0
-164.38,-215.51,-2,2,-0.22,0
-164.93,-214.95,-2,2,-0.22,0
-165.41,-214.48,-2,2,-0.22,0
-165.85,-214.04,-2,2,-0.22,0
-166.7,-213.19,-2,2,-0.22,0
-167.42,-212.46,-2,2,-0.22,0
-168.43,-211.45,-2,2,-0.22,0
-169.11,-210.78,-2,2,-0.22,0
-169.83,-210.05,-2,2,-0.22,0
-170.46,-209.43,-2,2,-0.22,0
-171.08,-208.8,-2,2,-0.22,0
-171.73,-208.15,-2,2,-0.22,0
-172.6,-207.29,-2,2,-0.22,0
-173.2,-206.69,-2,2,-0.22,0
-173.82,-206.07,-2,2,-0.22,0
-174.54,-205.34,-2,2,-0.22,0
-175.64,-204.24,-2,2,-0.22,0
-176.3,-203.59,-2,2,-0.22,0
-177.02,-202.86,-2,2,-0.22,0
-177.68,-202.21,-2,2,-0.22,0
-178.57,-201.32,-2,2,-0.22,0
-179.29,-200.6,-2,2,-0.22,0
-179.92,-199.96,-2,2,-0.22,0
-180.65,-199.24,-2,2,-0.22,0
-181.49,-198.4,-2,2,-0.22,0
-182.13,-197.76,-2,2,-0.22,0
-182.76,-197.12,-2,2,-0.22,0
-183.52,-196.37,-2,2,-0.22,0
-184.25,-195.64,-2,2,-0.22,0
-184.86,-195.03,-2,2,-0.22,0
-185.46,-194.43,-2,2,-0.22,0
-186.13,-193.76,-2,2,-0.22,0
-186.72,-193.17,-2,2,-0.22,0
-187.33,-192.56,-2,2,-0.22,0
-187.91,-191.98,-2,2,-0.22,0
-188.54,-191.34,-2,2,-0.22,0
-189.0,-190.89,-2,2,-0.22,0
-189.72,-190.17,-2,2,-0.22,0
-190.67,-189.22,-2,2,-0.22,0
-191.39,-188.49,-2,2,-0.22,0
-191.81,-188.07,-2,2,-0.22,0
-192.69,-187.2,-2,2,-0.22,0
-193.25,-186.63,-2,2,-0.22,0
-193.8,-186.08,-2,2,-0.22,0
-194.68,-185.21,-2,2,-0.22,0
-195.16,-184.73,-2,2,-0.22,0
-196.02,-183.86,-2,2,-0.22,0
-196.66,-183.23,-2,2,-0.22,0
-197.4,-182.48,-2,2,-0.22,0
-197.82,-182.07,-2,2,-0.22,0
-198.79,-181.09,-2,2,-0.22,0
-199.5,-180.39,-2,2,-0.22,0
-200.19,-179.7,-2,2,-0.22,0
-200.91,-178.97,-2,2,-0.22,0
-201.24,-178.65,-2,2,-0.22,0
-202.11,-177.78,-2,2,-0.22,0
-202.51,-177.38,-2,2,-0.22,0
-203.11,-176.77,-2,2,-0.22,0
-203.77,-176.12,-2,2,-0.22,0
-204.5,-175.39,-2,2,-0.22,0
-204.85,-175.03,-2,2,-0.22,0
-205.41,-174.48,-2,2,-0.22,0
-205.93,-173.95,-2,2,-0.22,0
-206.73,-173.15,-2,2,-0.22,0
-207.14,-172.75,-2,2,-0.22,0
-208.21,-171.68,-2,2,-0.22,0
-208.65,-171.23,-2,2,-0.22,0
-209.27,-170.61,-2,2,-0.22,0
-209.77,-170.12,-2,2,-0.22,0
-210.72,-169.17,-2,2,-0.22,0
-211.45,-168.44,-2,2,-0.22,0
-212.11,-167.77,-2,2,-0.22,0
-212.74,-167.14,-2,2,-0.22,0
-213.23,-166.66,-2,2,-0.22,0
-213.84,-166.05,-2,2,-0.22,0
-214.58,-165.31,-2,2,-0.22,0
-215.35,-164.54,-2,2,-0.22,0
-215.71,-164.17,-2,2,-0.22,0
-216.53,-163.36,-2,2,-0.22,0
-216.95,-162.93,-2,2,-0.22,0
-217.91,-161.97,-2,2,-0.22,0
-218.63,-161.26,-2,2,-0.22,0
-219.54,-160.35,-2,2,-0.22,0
-220.46,-159.43,-2,2,-0.22,0
-221.12,-158.76,-2,2,-0.22,0
-221.91,-157.98,-2,2,-0.22,0
-222.75,-157.13,-2,2,-0.22,0
-223.38,-156.51,-2,2,-0.22,0
-223.97,-155.92,-2,2,-0.22,0
-224.33,-155.56,-2,2,-0.22,0
-225.06,-154.82,-2,2,-0.22,0
-225.81,-154.08,-2,2,-0.22,0
-226.76,-153.13,-2,2,-0.22,0
-227.37,-152.51,-2,2,-0.22,0
-227.89,-151.99,-2,2,-0.22,0
-228.26,-151.63,-2,2,-0.22,0
-228.88,-151.01,-2,2,-0.22,0
-229.35,-150.54,-2,2,-0.22,0
-230.2,-149.68,-2,2,-0.22,0
-231.03,-148.86,-2,2,-0.22,0
-231.38,-148.5,-2,2,-0.22,0
-232.11,-147.77,-2,2,-0.22,0
-232.5,-147.39,-2,2,-0.22,0
-233.1,-146.78,-2,2,-0.22,0
-233.47,-146.42,-2,2,-0.22,0
-234.08,-145.8,-2,2,-0.22,0
-234.81,-145.08,-2,2,-0.22,0
-235.5,-144.38,-2,2,-0.22,0
-235.87,-144.02,-2,2,-0.22,0
-236.41,-143.48,-2,2,-0.22,0
-237.28,-142.6,-2,2,-0.22,0
-237.68,-142.2,-2,2,-0.22,0
-238.54,-141.35,-2,2,-0.22,0
-239.14,-140.75,-2,2,-0.22,0
-239.76,-140.13,-2,2,-0.22,0
-240.49,-139.4,-2,2,-0.22,0
-241.16,-138.72,-2,2,-0.22,0
-242.0,-137.89,-2,2,-0.22,0
-242.65,-137.23,-2,2,-0.22,0
-243.5,-136.38,-2,2,-0.22,0
-244.27,-135.62,-2,2,-0.22,0
-244.99,-134.89,-2,2,-0.22,0
-245.59,-134.29,-2,2,-0.22,0
-246.45,-133.44,-2,2,-0.22,0
-247.11,-132.78,-2,2,-0.22,0
-247.52,-132.36,-2,2,-0.22,0
-248.37,-131.52,-2,2,-0.22,0
-248.98,-130.9,-2,2,-0.22,0
-249.51,-130.37,-2,2,-0.22,0
-250.17,-129.72,-2,2,-0.22,0
-250.79,-129.09,-2,2,-0.22,0
-251.15,-128.73,-2,2,-0.22,0
-251.76,-128.12,-2,2,-0.22,0
-252.74,-127.15,-2,2,-0.22,0
-253.34,-126.54,-2,2,-0.22,0
-253.74,-126.15,-2,2,-0.22,0
-254.63,-125.26,-2,2,-0.22,0
-255.23,-124.65,-2,2,-0.22,0
-255.98,-123.9,-2,2,-0.22,0
-256.83,-123.05,-2,2,-0.22,0
-257.56,-122.33,-2,2,-0.22,0
-257.97,-121.91,-2,2,-0.22,0
-258.83,-121.06,-2,2,-0.22,0
-259.33,-120.55,-2,2,-0.22,0
-260.07,-119.81,-2,2,-0.22,0
-260.62,-119.26,-2,2,-0.22,0
-261.35,-118.54,-2,2,-0.22,0
-262.0,-117.88,-2,2,-0.22,0
-262.63,-117.26,-2,2,-0.22,0
-263.42,-116.46,-2,2,-0.22,0
-264.06,-115.82,-2,2,-0.22,0
-264.55,-115.33,-2,2,-0.22,0
-265.28,-114.61,-2,2,-0.22,0
-265.55,-114.34,-2,2,-0.22,0
-266.29,-113.6,-2,2,-0.22,0
-266.85,-113.04,-2,2,-0.22,0
-267.35,-112.53,-2,2,-0.22,0
-268.09,-111.8,-2,2,-0.22,0
-268.46,-111.43,-2,2,-0.22,0
-269.15,-110.73,-2,2,-0.22,0
-269.52,-110.37,-2,2,-0.22,0
-269.97,-109.91,-2,2,-0.22,0
-270.58,-109.3,-2,2,-0.22,0
-271.36,-108.53,-2,2,-0.22,0
-272.03,-107.86,-2,2,-0.22,0
-272.7,-107.18,-2,2,-0.22,0
-273.3,-106.58,-2,2,-0.22,0
-273.69,-106.2,-2,2,-0.22,0
-274.4,-105.49,-2,2,-0.22,0
-275.03,-104.85,-2,2,-0.22,0
-275.53,-104.35,-2,2,-0.22,0
-276.15,-103.73,-2,2,-0.22,0
-276.64,-103.25,-2,2,-0.22,0
-277.12,-102.77,-2,2,-0.22,0
-277.73,-102.16,-2,2,-0.22,0
-278.49,-101.4,-2,2,-0.22,0
-279.22,-100.67,-2,2,-0.22,0
-279.74,-100.15,-2,2,-0.22,0
-280.5,-99.39,-2,2,-0.22,0
-280.99,-98.89,-2,2,-0.22,0
-281.49,-98.4,-2,2,-0.22,0
-281.99,-97.9,-2,2,-0.22,0
-282.73,-97.16,-2,2,-0.22,0
-283.22,-96.67,-2,2,-0.22,0
-284.02,-95.86,-2,2,-0.22,0
-284.51,-95.38,-2,2,-0.22,0
-285.29,-94.6,-2,2,-0.22,0
-285.79,-94.1,-2,2,-0.22,0
-286.54,-93.34,-2,2,-0.22,0
-287.3,-92.59,-2,2,-0.22,0
-287.9,-91.98,-2,2,-0.22,0
-288.51,-91.37,-2,2,-0.22,0
-289.02,-90.86,-2,2,-0.22,0
-289.75,-90.14,-2,2,-0.22,0
-290.09,-89.79,-2,2,-0.22,0
-290.87,-89.02,-2,2,-0.22,0
-291.74,-88.14,-2,2,-0.22,0
-292.35,-87.54,-2,2,-0.22,0
-292.83,-87.06,-2,2,-0.22,0
-293.45,-86.43,-2,2,-0.22,0
-293.94,-85.95,-2,2,-0.22,0
-294.71,-85.17,-2,2,-0.22,0
-295.44,-84.44,-2,2,-0.22,0
-295.94,-83.95,-2,2,-0.22,0
-296.67,-83.22,-2,2,-0.22,0
-297.04,-82.85,-2,2,-0.22,0
-297.53,-82.36,-2,2,-0.22,0
-298.17,-81.71,-2,2,-0.22,0
-299.05,-80.83,-2,2,-0.22,0
-299.54,-80.35,-2,2,-0.22,0
-300.29,-79.6,-2,2,-0.22,0
-301.01,-78.88,-2,2,-0.22,0
-301.81,-78.07,-2,2,-0.22,0
-302.68,-77.21,-2,2,-0.22,0
-303.28,-76.6,-2,2,-0.22,0
-303.77,-76.12,-2,2,-0.22,0
-304.6,-75.29,-2,2,-0.22,0
-304.94,-74.95,-2,2,-0.22,0
-305.56,-74.33,-2,2,-0.22,0
-306.02,-73.86,-2,2,-0.22,0
-306.79,-73.1,-2,2,-0.22,0
-307.26,-72.63,-2,2,-0.22,0
-307.74,-72.15,-2,2,-0.22,0
-308.47,-71.41,-2,2,-0.22,0
-308.96,-70.92,-2,2,-0.22,0
-309.46,-70.43,-2,2,-0.22,0
-309.95,-69.94,-2,2,-0.22,0
-310.44,-69.45,-2,2,-0.22,0
-311.17,-68.72,-2,2,-0.22,0
-311.67,-68.22,-2,2,-0.22,0
-312.16,-67.73,-2,2,-0.22,0
-312.65,-67.24,-2,2,-0.22,0
-313.37,-66.51,-2,2,-0.22,0
-313.87,-66.02,-2,2,-0.22,0
-314.6,-65.29,-2,2,-0.22,0
-315.37,-64.51,-2,2,-0.22,0
-315.87,-64.02,-2,2,-0.22,0
-316.61,-63.27,-2,2,-0.22,0
-317.03,-62.86,-2,2,-0.22,0
-317.63,-62.25,-2,2,-0.22,0
-318.24,-61.64,-2,2,-0.22,0
-318.87,-61.02,-2,2,-0.22,0
-319.66,-60.23,-2,2,-0.22,0
-320.06,-59.82,-2,2,-0.22,0
-320.67,-59.22,-2,2,-0.22,0
-321.29,-58.6,-2,2,-0.22,0
-321.83,-58.06,-2,2,-0.22,0
-322.31,-57.58,-2,2,-0.22,0
-322.86,-57.02,-2,2,-0.22,0
-323.39,-56.5,-2,2,-0.22,0
-324.28,-55.61,-2,2,-0.22,0
-324.88,-55.01,-2,2,-0.22,0
-325.69,-54.2,-2,2,-0.22,0
-326.34,-53.55,-2,2,-0.22,0
-327.37,-52.52,-2,2,-0.22,0
-327.85,-52.03,-2,2,-0.22,0
-328.58,-51.31,-2,2,-0.22,0
-328.89,-51.0,-2,2,-0.22,0
-329.62,-50.26,-2,2,-0.22,0
-330.2,-49.68,-2,2,-0.22,0
-329.51,-49.2,2,2,-0.22,0
-328.79,-48.47,2,2,-0.22,0
-328.3,-47.98,2,2,-0.22,0
-327.57,-47.26,2,2,-0.22,0
-327.08,-46.76,2,2,-0.22,0
-326.72,-46.4,2,2,-0.22,0
-326.14,-45.82,2,2,-0.22,0
-325.38,-45.06,2,2,-0.22,0
-324.89,-44.57,2,2,-0.22,0
-324.41,-44.09,2,2,-0.22,0
-323.54,-43.22,2,2,-0.22,0
-323.14,-42.82,2,2,-0.22,0
-322.66,-42.34,2,2,-0.22,0
-321.82,-41.5,2,2,-0.22,0
-321.16,-40.84,2,2,-0.22,0
-320.73,-40.41,2,2,-0.22,0
-320.12,-39.8,2,2,-0.22,0
-319.44,-39.12,2,2,-0.22,0
-319.06,-38.74,2,2,-0.22,0
-318.54,-38.22,2,2,-0.22,0
-317.69,-37.37,2,2,-0.22,0
-317.33,-37.01,2,2,-0.22,0
-316.78,-36.47,2,2,-0.22,0
-316.16,-35.84,2,2,-0.22,0
-315.7,-35.38,2,2,-0.22,0
-315.23,-34.91,2,2,-0.22,0
-314.49,-34.17,2,2,-0.22,0
-314.15,-33.83,2,2,-0.22,0
-313.69,-33.37,2,2,-0.22,0
-313.06,-32.74,2,2,-0.22,0
-312.69,-32.37,2,2,-0.22,0
-312.07,-31.75,2,2,-0.22,0
-311.49,-31.17,2,2,-0.22,0
-311.06,-30.74,2,2,-0.22,0
-310.2,-29.89,2,2,-0.22,0
-309.6,-29.28,2,2,-0.22,0
-308.93,-28.61,2,2,-0.22,0
-308.03,-27.71,2,2,-0.22,0
-307.32,-27.0,2,2,-0.22,0
-306.66,-26.34,2,2,-0.22,0
-306.25,-25.93,2,2,-0.22,0
-305.72,-25.4,2,2,-0.22,0
-304.85,-24.53,2,2,-0.22,0
-304.44,-24.12,2,2,-0.22,0
-303.89,-23.57,2,2,-0.22,0
-303.17,-22.85,2,2,-0.22,0
-302.38,-22.06,2,2,-0.22,0
-302.03,-21.71,2,2,-0.22,0
-301.42,-21.1,2,2,-0.22,0
-301.0,-20.68,2,2,-0.22,0
-300.5,-20.18,2,2,-0.22,0
-299.91,-19.59,2,2,-0.22,0
-299.45,-19.13,2,2,-0.22,0
-298.97,-18.66,2,2,-0.22,0
-298.38,-18.06,2,2,-0.22,0
-297.65,-17.33,2,2,-0.22,0
-296.91,-16.59,2,2,-0.22,0
-296.28,-15.96,2,2,-0.22,0
-295.68,-15.36,2,2,-0.22,0
-295.3,-14.99,2,2,-0.22,0
-294.57,-14.26,2,2,-0.22,0
-294.23,-13.92,2,2,-0.22,0
-293.51,-13.19,2,2,-0.22,0
-293.03,-12.71,2,2,-0.22,0
-292.18,-11.86,2,2,-0.22,0
-291.83,-11.51,2,2,-0.22,0
-291.3,-10.98,2,2,-0.22,0
-290.79,-10.47,2,2,-0.22,0
-290.27,-9.95,2,2,-0.22,0
-289.78,-9.46,2,2,-0.22,0
-289.12,-8.8,2,2,-0.22,0
-288.29,-7.97,2,2,-0.22,0
-287.69,-7.37,2,2,-0.22,0
-287.32,-7.0,2,2,-0.22,0
-286.73,-6.42,2,2,-0.22,0
-286.24,-5.92,2,2,-0.22,0
-285.43,-5.11,2,2,-0.22,0
-284.7,-4.38,2,2,-0.22,0
-284.18,-3.86,2,2,-0.22,0
-283.65,-3.33,2,2,-0.22,0
-282.89,-2.57,2,2,-0.22,0
-282.4,-2.09,2,2,-0.22,0
-281.68,-1.36,2,2,-0.22,0
-281.1,-0.79,2,2,-0.22,0
-280.45,-0.13,2,2,-0.22,0
-279.46,0.86,2,2,-0.22,0
-279.05,1.27,2,2,-0.22,0
-278.43,1.88,2,2,-0.22,0
-277.83,2.49,2,2,-0.22,0
-277.1,3.22,2,2,-0.22,0
-276.12,4.2,2,2,-0.22,0
-275.46,4.86,2,2,-0.22,0
-274.98,5.34,2,2,-0.22,0
-274.39,5.92,2,2,-0.22,0
-273.78,6.54,2,2,-0.22,0
-273.08,7.24,2,2,-0.22,0
-272.47,7.85,2,2,-0.22,0
-272.12,8.2,2,2,-0.22,0
-271.26,9.06,2,2,-0.22,0
-270.49,9.82,2,2,-0.22,0
-269.65,10.67,2,2,-0.22,0
-269.07,11.25,2,2,-0.22,0
-268.22,12.1,2,2,-0.22,0
-267.82,12.49,2,2,-0.22,0
-266.97,13.34,2,2,-0.22,0
-266.36,13.96,2,2,-0.22,0
-265.52,14.8,2,2,-0.22,0
-265.2,15.11,2,2,-0.22,0
-264.56,15.76,2,2,-0.22,0
-263.9,16.42,2,2,-0.22,0
-263.52,16.8,2,2,-0.22,0
-262.61,17.71,2,2,-0.22,0
-262.25,18.07,2,2,-0.22,0
-261.39,18.93,2,2,-0.22,0
-260.76,19.56,2,2,-0.22,0
-260.11,20.21,2,2,-0.22,0
-259.69,20.63,2,2,-0.22,0
-259.02,21.3,2,2,-0.22,0
-258.09,22.23,2,2,-0.22,0
-257.67,22.65,2,2,-0.22,0
-256.82,23.5,2,2,-0.22,0
-256.5,23.82,2,2,-0.22,0
-255.89,24.43,2,2,-0.22,0
-255.29,25.03,2,2,-0.22,0
-254.41,25.91,2,2,-0.22,0
-253.99,26.33,2,2,-0.22,0
-253.38,26.94,2,2,-0.22,0
-252.54,27.78,2,2,-0.22,0
-251.79,28.53,2,2,-0.22,0
-251.17,29.15,2,2,-0.22,0
-250.81,29.51,2,2,-0.22,0
-250.11,30.2,2,2,-0.22,0
-249.27,31.05,2,2,-0.22,0
-248.69,31.63,2,2,-0.22,0
-248.08,32.23,2,2,-0.22,0
-247.28,33.04,2,2,-0.22,0
-246.83,33.49,2,2,-0.22,0
-245.93,34.39,2,2,-0.22,0
-245.1,35.22,2,2,-0.22,0
-244.11,36.21,2,2,-0.22,0
-243.43,36.89,2,2,-0.22,0
-243.08,37.24,2,2,-0.22,0
-242.58,37.73,2,2,-0.22,0
-241.85,38.47,2,2,-0.22,0
-241.46,38.86,2,2,-0.22,0
-240.88,39.44,2,2,-0.22,0
-240.4,39.91,2,2,-0.22,0
-239.9,40.42,2,2,-0.22,0
-239.41,40.91,2,2,-0.22,0
-238.8,41.51,2,2,-0.22,0
-238.46,41.86,2,2,-0.22,0
-238.01,42.31,2,2,-0.22,0
-237.57,42.75,2,2,-0.22,0
-237.08,43.24,2,2,-0.22,0
-236.63,43.69,2,2,-0.22,0
-236.14,44.18,2,2,-0.22,0
-235.53,44.79,2,2,-0.22,0
-235.21,45.11,2,2,-0.22,0
-234.6,45.72,2,2,-0.22,0
-234.26,46.06,2,2,-0.22,0
-233.41,46.91,2,2,-0.22,0
-232.96,47.36,2,2,-0.22,0
-232.25,48.07,2,2,-0.22,0
-231.79,48.53,2,2,-0.22,0
-231.21,49.1,2,2,-0.22,0
-230.59,49.73,2,2,-0.22,0
-229.74,50.58,2,2,-0.22,0
-229.07,51.25,2,2,-0.22,0
-228.3,52.02,2,2,-0.22,0
-227.94,52.38,2,2,-0.22,0
-227.2,53.11,2,2,-0.22,0
-226.53,53.79,2,2,-0.22,0
-226.2,54.11,2,2,-0.22,0
-225.36,54.96,2,2,-0.22,0
-224.7,55.62,2,2,-0.22,0
-224.41,55.91,2,2,-0.22,0
-223.63,56.69,2,2,-0.22,0
-222.93,57.39,2,2,-0.22,0
-222.4,57.92,2,2,-0.22,0
-221.68,58.64,2,2,-0.22,0
-221.26,59.06,2,2,-0.22,0
-220.57,59.75,2,2,-0.22,0
-220.08,60.24,2,2,-0.22,0
-219.46,60.86,2,2,-0.22,0
-218.96,61.36,2,2,-0.22,0
-218.3,62.02,2,2,-0.22,0
-217.57,62.74,2,2,-0.22,0
-216.97,63.35,2,2,-0.22,0
-216.57,63.75,2,2,-0.22,0
-215.77,64.55,2,2,-0.22,0
-214.96,65.36,2,2,-0.22,0
-214.6,65.72,2,2,-0.22,0
-213.98,66.34,2,2,-0.22,0
-213.25,67.07,2,2,-0.22,0
-212.6,67.72,2,2,-0.22,0
-211.87,68.45,2,2,-0.22,0
-211.55,68.77,2,2,-0.22,0
-210.57,69.75,2,2,-0.22,0
-210.14,70.18,2,2,-0.22,0
-208.96,71.36,2,2,-0.22,0
-208.23,72.09,2,2,-0.22,0
-207.5,72.81,2,2,-0.22,0
-207.02,73.3,2,2,-0.22,0
-206.53,73.79,2,2,-0.22,0
-205.53,74.79,2,2,-0.22,0
-204.77,75.55,2,2,-0.22,0
-204.27,76.05,2,2,-0.22,0
-203.52,76.8,2,2,-0.22,0
-203.03,77.29,2,2,-0.22,0
-202.66,77.65,2,2,-0.22,0
-202.03,78.29,2,2,-0.22,0
-201.71,78.61,2,2,-0.22,0
-201.06,79.25,2,2,-0.22,0
-200.58,79.74,2,2,-0.22,0
-200.1,80.22,2,2,-0.22,0
-199.6,80.72,2,2,-0.22,0
-199.11,81.21,2,2,-0.22,0
-198.6,81.72,2,2,-0.22,0
-197.81,82.51,2,2,-0.22,0
-197.33,82.99,2,2,-0.22,0
-196.58,83.73,2,2,-0.22,0
-196.08,84.24,2,2,-0.22,0
-195.59,84.73,2,2,-0.22,0
-194.83,85.48,2,2,-0.22,0
-194.1,86.22,2,2,-0.22,0
-193.54,86.78,2,2,-0.22,0
-192.95,87.37,2,2,-0.22,0
-192.44,87.87,2,2,-0.22,0
-191.95,88.37,2,2,-0.22,0
-191.46,88.85,2,2,-0.22,0
-189.98,90.34,2,2,-0.22,0
-189.25,91.07,2,2,-0.22,0
-188.71,91.61,2,2,-0.22,0
-187.95,92.37,2,2,-0.22,0
-187.45,92.87,2,2,-0.22,0
-186.72,93.59,2,2,-0.22,0
-186.41,93.9,2,2,-0.22,0
-185.67,94.65,2,2,-0.22,0
-184.88,95.44,2,2,-0.22,0
-184.15,96.16,2,2,-0.22,0
-183.43,96.89,2,2,-0.22,0
-182.7,97.62,2,2,-0.22,0
-182.37,97.95,2,2,-0.22,0
-181.47,98.85,2,2,-0.22,0
-180.62,99.69,2,2,-0.22,0
-180.02,100.3,2,2,-0.22,0
-179.27,101.05,2,2,-0.22,0
-178.86,101.46,2,2,-0.22,0
-178.33,101.98,2,2,-0.22,0
-177.84,102.48,2,2,-0.22,0
-176.93,103.39,2,2,-0.22,0
-176.34,103.98,2,2,-0.22,0
-175.85,104.47,2,2,-0.22,0
-175.11,105.21,2,2,-0.22,0
-174.61,105.71,2,2,-0.22,0
-173.85,106.46,2,2,-0.22,0
-173.13,107.19,2,2,-0.22,0
-172.63,107.69,2,2,-0.22,0
-171.9,108.42,2,2,-0.22,0
-171.36,108.96,2,2,-0.22,0
-170.73,109.59,2,2,-0.22,0
-170.09,110.23,2,2,-0.22,0
-168.89,111.43,2,2,-0.22,0
-168.26,112.06,2,2,-0.22,0
-167.63,112.69,2,2,-0.22,0
-167.09,113.23,2,2,-0.22,0
-166.09,114.23,2,2,-0.22,0
-164.94,115.38,2,2,-0.22,0
-164.32,116.0,2,2,-0.22,0
-163.69,116.63,2,2,-0.22,0
-163.28,117.04,2,2,-0.22,0
-162.55,117.77,2,2,-0.22,0
-162.07,118.25,2,2,-0.22,0
-161.22,119.1,2,2,-0.22,0
-160.6,119.72,2,2,-0.22,0
-160.19,120.12,2,2,-0.22,0
-159.6,120.72,2,2,-0.22,0
-159.23,121.08,2,2,-0.22,0
-158.74,121.58,2,2,-0.22,0
-157.85,122.47,2,2,-0.22,0
-157.12,123.2,2,2,-0.22,0
-156.63,123.69,2,2,-0.22,0
-155.87,124.45,2,2,-0.22,0
-155.1,125.22,2,2,-0.22,0
-154.62,125.7,2,2,-0.22,0
-154.1,126.22,2,2,-0.22,0
-153.13,127.19,2,2,-0.22,0
-152.63,127.68,2,2,-0.22,0
-151.91,128.41,2,2,-0.22,0
-151.43,128.89,2,2,-0.22,0
-150.7,129.61,2,2,-0.22,0
-150.1,130.22,2,2,-0.22,0
-149.37,130.95,2,2,-0.22,0
-148.77,131.55,2,2,-0.22,0
-147.92,132.4,2,2,-0.22,0
-147.42,132.9,2,2,-0.22,0
-146.62,133.7,2,2,-0.22,0
-145.98,134.34,2,2,-0.22,0
-145.4,134.92,2,2,-0.22,0
-144.67,135.65,2,2,-0.22,0
-143.76,136.55,2,2,-0.22,0
-143.18,137.14,2,2,-0.22,0
-142.4,137.92,2,2,-0.22,0
-141.57,138.75,2,2,-0.22,0
-140.66,139.66,2,2,-0.22,0
-140.16,140.15,2,2,-0.22,0
-139.68,140.64,2,2,-0.22,0
-138.95,141.36,2,2,-0.22,0
-138.23,142.09,2,2,-0.22,0
-137.68,142.64,2,2,-0.22,0
-137.19,143.13,2,2,-0.22,0
-136.45,143.87,2,2,-0.22,0
-135.96,144.35,2,2,-0.22,0
-135.24,145.07,2,2,-0.22,0
-134.76,145.56,2,2,-0.22,0
-134.03,146.28,2,2,-0.22,0
-133.31,147.01,2,2,-0.22,0
-132.72,147.59,2,2,-0.22,0
-132.1,148.22,2,2,-0.22,0
-131.62,148.7,2,2,-0.22,0
-131.13,149.19,2,2,-0.22,0
-130.13,150.19,2,2,-0.22,0
-129.35,150.97,2,2,-0.22,0
-128.79,151.53,2,2,-0.22,0
-128.13,152.19,2,2,-0.22,0
-127.44,152.88,2,2,-0.22,0
-126.84,153.48,2,2,-0.22,0
-126.39,153.93,2,2,-0.22,0
-125.42,154.9,2,2,-0.22,0
-125.1,155.21,2,2,-0.22,0
-124.62,155.7,2,2,-0.22,0
-124.01,156.3,2,2,-0.22,0
-123.53,156.79,2,2,-0.22,0
-123.05,157.27,2,2,-0.22,0
-122.43,157.88,2,2,-0.22,0
-121.82,158.5,2,2,-0.22,0
-121.46,158.86,2,2,-0.22,0
-120.85,159.47,2,2,-0.22,0
-120.1,160.22,2,2,-0.22,0
-119.71,160.61,2,2,-0.22,0
-118.98,161.34,2,2,-0.22,0
-118.47,161.85,2,2,-0.22,0
-117.6,162.72,2,2,-0.22,0
-117.17,163.15,2,2,-0.22,0
-116.45,163.87,2,2,-0.22,0
-115.71,164.61,2,2,-0.22,0
-115.23,165.08,2,2,-0.22,0
-114.68,165.64,2,2,-0.22,0
-113.83,166.49,2,2,-0.22,0
-113.41,166.91,2,2,-0.22,0
-112.62,167.69,2,2,-0.22,0
-112.23,168.09,2,2,-0.22,0
-111.32,168.99,2,2,-0.22,0
-110.94,169.38,2,2,-0.22,0
-110.4,169.92,2,2,-0.22,0
-109.56,170.76,2,2,-0.22,0
-109.22,171.1,2,2,-0.22,0
-108.64,171.67,2,2,-0.22,0
-108.12,172.2,2,2,-0.22,0
-107.49,172.83,2,2,-0.22,0
-107.01,173.31,2,2,-0.22,0
-106.15,174.17,2,2,-0.22,0
-105.5,174.82,2,2,-0.22,0
-105.07,175.25,2,2,-0.22,0
-104.32,176.0,2,2,-0.22,0
-103.63,176.69,2,2,-0.22,0
-103.02,177.3,2,2,-0.22,0
-102.47,177.84,2,2,-0.22,0
-101.83,178.48,2,2,-0.22,0
-101.36,178.96,2,2,-0.22,0
-100.48,179.84,2,2,-0.22,0
-100.08,180.24,2,2,-0.22,0
-99.38,180.94,2,2,-0.22,0
-99.02,181.3,2,2,-0.22,0
-98.53,181.78,2,2,-0.22,0
-98.08,182.24,2,2,-0.22,0
-97.28,183.04,2,2,-0.22,0
-96.92,183.4,2,2,-0.22,0
-96.44,183.87,2,2,-0.22,0
-95.84,184.48,2,2,-0.22,0
-95.29,185.03,2,2,-0.22,0
-94.75,185.57,2,2,-0.22,0
-94.24,186.08,2,2,-0.22,0
-93.72,186.6,2,2,-0.22,0
-92.85,187.47,2,2,-0.22,0
-92.22,188.1,2,2,-0.22,0
-91.5,188.82,2,2,-0.22,0
-91.05,189.27,2,2,-0.22,0
-90.57,189.75,2,2,-0.22,0
-90.01,190.31,2,2,-0.22,0
-89.32,190.99,2,2,-0.22,0
-88.69,191.63,2,2,-0.22,0
-88.33,191.99,2,2,-0.22,0
-87.88,192.44,2,2,-0.22,0
-87.39,192.93,2,2,-0.22,0
-86.7,193.62,2,2,-0.22,0
-86.34,193.98,2,2,-0.22,0
-85.89,194.43,2,2,-0.22,0
-85.45,194.87,2,2,-0.22,0
-84.97,195.35,2,2,-0.22,0
-84.35,195.96,2,2,-0.22,0
-83.99,196.33,2,2,-0.22,0
-83.37,196.95,2,2,-0.22,0
-82.69,197.63,2,2,-0.22,0
-82.27,198.04,2,2,-0.22,0
-81.39,198.93,2,2,-0.22,0
-80.94,199.38,2,2,-0.22,0
-80.17,200.15,2,2,-0.22,0
-79.45,200.87,2,2,-0.22,0
-78.71,201.61,2,2,-0.22,0
-78.0,202.32,2,2,-0.22,0
-77.39,202.93,2,2,-0.22,0
-76.97,203.35,2,2,-0.22,0
-76.5,203.82,2,2,-0.22,0
-76.02,204.3,2,2,-0.22,0
-75.33,204.99,2,2,-0.22,0
-74.67,205.64,2,2,-0.22,0
-74.31,206.0,2,2,-0.22,0
-73.45,206.87,2,2,-0.22,0
-72.84,207.48,2,2,-0.22,0
-72.43,207.88,2,2,-0.22,0
-71.94,208.38,2,2,-0.22,0
-71.44,208.88,2,2,-0.22,0
-70.78,209.54,2,2,-0.22,0
-70.42,209.9,2,2,-0.22,0
-69.87,210.45,2,2,-0.22,0
-69.13,211.19,2,2,-0.22,0
-68.73,211.59,2,2,-0.22,0
-68.22,212.1,2,2,-0.22,0
-67.73,212.59,2,2,-0.22,0
-67.05,213.27,2,2,-0.22,0
-66.63,213.69,2,2,-0.22,0
-66.15,214.17,2,2,-0.22,0
-65.43,214.89,2,2,-0.22,0
-64.93,215.39,2,2,-0.22,0
-64.43,215.89,2,2,-0.22,0
-63.88,216.44,2,2,-0.22,0
-63.11,217.21,2,2,-0.22,0
-62.51,217.81,2,2,-0.22,0
-62.02,218.29,2,2,-0.22,0
-61.66,218.66,2,2,-0.22,0
-61.18,219.14,2,2,-0.22,0
-60.57,219.75,2,2,-0.22,0
-59.73,220.59,2,2,-0.22,0
-59.36,220.96,2,2,-0.22,0
-58.89,221.43,2,2,-0.22,0
-58.34,221.98,2,2,-0.22,0
-57.59,222.73,2,2,-0.22,0
-57.03,223.29,2,2,-0.22,0
-56.59,223.73,2,2,-0.22,0
-55.85,224.47,2,2,-0.22,0
-55.21,225.1,2,2,-0.22,0
-54.55,225.77,2,2,-0.22,0
-53.8,226.52,2,2,-0.22,0
-53.15,227.17,2,2,-0.22,0
-52.75,227.57,2,2,-0.22,0
-52.26,228.06,2,2,-0.22,0
-51.78,228.54,2,2,-0.22,0
-51.17,229.14,2,2,-0.22,0
-50.7,229.61,2,2,-0.22,0
-50.25,230.06,2,2,-0.22,0
-49.57,230.75,2,2,-0.22,0
-49.2,231.12,2,2,-0.22,0
-48.6,231.72,2,2,-0.22,0
-48.26,232.06,2,2,-0.22,0
-47.77,232.55,2,2,-0.22,0
-47.16,233.16,2,2,-0.22,0
-46.8,233.52,2,2,-0.22,0
-46.13,234.19,2,2,-0.22,0
-45.55,234.77,2,2,-0.22,0
-44.85,235.47,2,2,-0.22,0
-44.35,235.97,2,2,-0.22,0
-43.74,236.58,2,2,-0.22,0
-43.24,237.08,2,2,-0.22,0
-42.63,237.69,2,2,-0.22,0
-42.01,238.31,2,2,-0.22,0
-41.07,239.25,2,2,-0.22,0
-40.09,240.22,2,2,-0.22,0
-39.61,240.7,2,2,-0.22,0
-39.1,241.22,2,2,-0.22,0
-38.5,241.82,2,2,-0.22,0
-37.83,242.49,2,2,-0.22,0
-37.47,242.84,2,2,-0.22,0
-36.75,243.57,2,2,-0.22,0
-36.37,243.95,2,2,-0.22,0
-35.88,244.44,2,2,-0.22,0
-35.39,244.93,2,2,-0.22,0
-34.88,245.44,2,2,-0.22,0
-34.33,245.99,2,2,-0.22,0
-33.72,246.6,2,2,-0.22,0
-33.28,247.04,2,2,-0.22,0
-32.67,247.65,2,2,-0.22,0
-32.18,248.13,2,2,-0.22,0
-31.84,248.48,2,2,-0.22,0
-31.38,248.93,2,2,-0.22,0
-30.91,249.41,2,2,-0.22,0
-30.02,250.3,2,2,-0.22,0
-29.4,250.92,2,2,-0.22,0
-28.79,251.53,2,2,-0.22,0
-28.31,252.01,2,2,-0.22,0
-27.64,252.67,2,2,-0.22,0
-26.92,253.4,2,2,-0.22,0
-26.52,253.8,2,2,-0.22,0
-26.05,254.27,2,2,-0.22,0
-25.23,255.09,2,2,-0.22,0
-24.48,255.84,2,2,-0.22,0
-24.13,256.19,2,2,-0.22,0
-23.6,256.72,2,2,-0.22,0
-22.7,257.61,2,2,-0.22,0
-22.21,258.1,2,2,-0.22,0
-21.73,258.59,2,2,-0.22,0
-20.95,259.37,2,2,-0.22,0
-20.47,259.85,2,2,-0.22,0
-19.64,260.67,2,2,-0.22,0
-19.16,261.16,2,2,-0.22,0
-18.67,261.65,2,2,-0.22,0
-17.9,262.42,2,2,-0.22,0
-17.31,263.01,2,2,-0.22,0
-16.81,263.51,2,2,-0.22,0
-16.06,264.26,2,2,-0.22,0
-15.55,264.77,2,2,-0.22,0
-14.88,265.44,2,2,-0.22,0
-14.49,265.83,2,2,-0.22,0
-14.01,266.31,2,2,-0.22,0
-13.32,267.0,2,2,-0.22,0
-12.91,267.41,2,2,-0.22,0
-12.17,268.15,2,2,-0.22,0
-11.56,268.76,2,2,-0.22,0
-11.04,269.27,2,2,-0.22,0
-10.54,269.78,2,2,-0.22,0
-10.03,270.28,2,2,-0.22,0
-9.41,270.91,2,2,-0.22,0
-8.9,271.42,2,2,-0.22,0
-8.12,272.2,2,2,-0.22,0
-7.54,272.78,2,2,-0.22,0
-6.93,273.39,2,2,-0.22,0
-6.33,273.99,2,2,-0.22,0
-5.8,274.52,2,2,-0.22,0
-5.02,275.3,2,2,-0.22,0
-4.53,275.79,2,2,-0.22,0
-3.68,276.63,2,2,-0.22,0
-3.2,277.12,2,2,-0.22,0
-2.47,277.85,2,2,-0.22,0
-1.74,278.58,2,2,-0.22,0
-0.77,279.54,2,2,-0.22,0
0.01,280.33,2,2,-0.22,0
0.49,280.81,2,2,-0.22,0
0.99,281.31,2,2,-0.22,0
2.01,282.33,2,2,-0.22,0
2.84,283.16,2,2,-0.22,0
3.43,283.75,2,2,-0.22,0
4.22,284.54,2,2,-0.22,0
4.59,284.9,2,2,-0.22,0
5.19,285.51,2,2,-0.22,0
6.29,286.61,2,2,-0.22,0
6.72,287.04,2,2,-0.22,0
7.63,287.95,2,2,-0.22,0
8.12,288.44,2,2,-0.22,0
8.6,288.92,2,2,-0.22,0
9.13,289.45,2,2,-0.22,0
9.93,290.25,2,2,-0.22,0
10.66,289.27,2,-2,-0.22,0
11.39,288.54,2,-2,-0.22,0
11.87,288.05,2,-2,-0.22,0
12.49,287.44,2,-2,-0.22,0
13.1,286.83,2,-2,-0.22,0
13.46,286.47,2,-2,-0.22,0
14.4,285.53,2,-2,-0.22,0
14.99,284.94,2,-2,-0.22,0
15.39,284.54,2,-2,-0.22,0
16.25,283.68,2,-2,-0.22,0
16.58,283.35,2,-2,-0.22,0
17.19,282.74,2,-2,-0.22,0
18.03,281.9,2,-2,-0.22,0
18.6,281.33,2,-2,-0.22,0
19.28,280.65,2,-2,-0.22,0
19.99,279.94,2,-2,-0.22,0
20.66,279.27,2,-2,-0.22,0
21.44,278.49,2,-2,-0.22,0
21.76,278.17,2,-2,-0.22,0
22.47,277.46,2,-2,-0.22,0
23.25,276.68,2,-2,-0.22,0
23.65,276.28,2,-2,-0.22,0
24.14,275.79,2,-2,-0.22,0
24.63,275.3,2,-2,-0.22,0
25.2,274.73,2,-2,-0.22,0
25.86,274.07,2,-2,-0.22,0
26.48,273.45,2,-2,-0.22,0
27.13,272.8,2,-2,-0.22,0
27.5,272.43,2,-2,-0.22,0
27.99,271.94,2,-2,-0.22,0
28.62,271.31,2,-2,-0.22,0
29.22,270.71,2,-2,-0.22,0
29.64,270.29,2,-2,-0.22,0
30.67,269.26,2,-2,-0.22,0
31.09,268.84,2,-2,-0.22,0
31.73,268.2,2,-2,-0.22,0
32.5,267.43,2,-2,-0.22,0
32.89,267.04,2,-2,-0.22,0
33.51,266.42,2,-2,-0.22,0
33.99,265.94,2,-2,-0.22,0
34.69,265.24,2,-2,-0.22,0
35.05,264.87,2,-2,-0.22,0
36.05,263.88,2,-2,-0.22,0
36.7,263.23,2,-2,-0.22,0
37.54,262.39,2,-2,-0.22,0
38.22,261.71,2,-2,-0.22,0
39.2,260.73,2,-2,-0.22,0
40.04,259.89,2,-2,-0.22,0
40.72,259.21,2,-2,-0.22,0
41.3,258.63,2,-2,-0.22,0
41.62,258.31,2,-2,-0.22,0
42.58,257.34,2,-2,-0.22,0
42.96,256.97,2,-2,-0.22,0
44.1,255.83,2,-2,-0.22,0
44.66,255.27,2,-2,-0.22,0
45.5,254.43,2,-2,-0.22,0
46.1,253.83,2,-2,-0.22,0
46.97,252.96,2,-2,-0.22,0
47.57,252.36,2,-2,-0.22,0
48.05,251.87,2,-2,-0.22,0
48.79,251.14,2,-2,-0.22,0
49.52,250.41,2,-2,-0.22,0
50.12,249.81,2,-2,-0.22,0
50.78,249.15,2,-2,-0.22,0
53.06,246.87,2,-2,-0.22,0
53.78,246.15,2,-2,-0.22,0
54.5,245.43,2,-2,-0.22,0
55.62,244.31,2,-2,-0.22,0
56.29,243.64,2,-2,-0.22,0
56.89,243.04,2,-2,-0.22,0
57.69,242.24,2,-2,-0.22,0
58.37,241.56,2,-2,-0.22,0
59.26,240.67,2,-2,-0.22,0
60.16,239.77,2,-2,-0.22,0
60.84,239.09,2,-2,-0.22,0
61.56,238.37,2,-2,-0.22,0
62.23,237.7,2,-2,-0.22,0
63.12,236.81,2,-2,-0.22,0
63.51,236.42,2,-2,-0.22,0
64.15,235.78,2,-2,-0.22,0
64.88,235.05,2,-2,-0.22,0
65.25,234.68,2,-2,-0.22,0
66.08,233.85,2,-2,-0.22,0
66.4,233.53,2,-2,-0.22,0
66.89,233.04,2,-2,-0.22,0
67.38,232.55,2,-2,-0.22,0
67.98,231.95,2,-2,-0.22,0
68.61,231.32,2,-2,-0.22,0
68.99,230.93,2,-2,-0.22,0
69.71,230.22,2,-2,-0.22,0
70.44,229.49,2,-2,-0.22,0
70.78,229.15,2,-2,-0.22,0
71.48,228.45,2,-2,-0.22,0
72.21,227.72,2,-2,-0.22,0
72.56,227.36,2,-2,-0.22,0
73.35,226.58,2,-2,-0.22,0
74.19,225.74,2,-2,-0.22,0
74.86,225.07,2,-2,-0.22,0
75.47,224.46,2,-2,-0.22,0
76.2,223.73,2,-2,-0.22,0
76.87,223.06,2,-2,-0.22,0
77.49,222.44,2,-2,-0.22,0
78.25,221.68,2,-2,-0.22,0
78.82,221.11,2,-2,-0.22,0
79.63,220.3,2,-2,-0.22,0
79.99,219.94,2,-2,-0.22,0
80.86,219.07,2,-2,-0.22,0
81.61,218.32,2,-2,-0.22,0
82.45,217.48,2,-2,-0.22,0
83.1,216.83,2,-2,-0.22,0
83.43,216.5,2,-2,-0.22,0
84.09,215.84,2,-2,-0.22,0
84.74,215.19,2,-2,-0.22,0
85.34,214.59,2,-2,-0.22,0
85.73,214.2,2,-2,-0.22,0
86.56,213.37,2,-2,-0.22,0
86.97,212.96,2,-2,-0.22,0
87.9,212.03,2,-2,-0.22,0
88.3,211.63,2,-2,-0.22,0
88.99,210.94,2,-2,-0.22,0
89.61,210.32,2,-2,-0.22,0
90.24,209.69,2,-2,-0.22,0
90.86,209.07,2,-2,-0.22,0
91.48,208.45,2,-2,-0.22,0
91.8,208.13,2,-2,-0.22,0
92.44,207.49,2,-2,-0.22,0
93.01,206.92,2,-2,-0.22,0
93.78,206.15,2,-2,-0.22,0
94.42,205.51,2,-2,-0.22,0
94.74,205.19,2,-2,-0.22,0
95.61,204.32,2,-2,-0.22,0
96.23,203.7,2,-2,-0.22,0
96.85,203.08,2,-2,-0.22,0
97.25,202.68,2,-2,-0.22,0
97.97,201.96,2,-2,-0.22,0
98.75,201.18,2,-2,-0.22,0
99.41,200.52,2,-2,-0.22,0
99.77,200.16,2,-2,-0.22,0
100.46,199.47,2,-2,-0.22,0
100.9,199.03,2,-2,-0.22,0
101.52,198.41,2,-2,-0.22,0
101.97,197.96,2,-2,-0.22,0
102.63,197.3,2,-2,-0.22,0
103.28,196.65,2,-2,-0.22,0
103.99,195.94,2,-2,-0.22,0
104.62,195.3,2,-2,-0.22,0
105.36,194.57,2,-2,-0.22,0
105.94,193.99,2,-2,-0.22,0
106.59,193.34,2,-2,-0.22,0
107.2,192.73,2,-2,-0.22,0
107.94,191.99,2,-2,-0.22,0
108.56,191.37,2,-2,-0.22,0
109.3,190.63,2,-2,-0.22,0
109.72,190.21,2,-2,-0.22,0
110.74,189.19,2,-2,-0.22,0
111.41,188.52,2,-2,-0.22,0
112.01,187.92,2,-2,-0.22,0
112.88,187.05,2,-2,-0.22,0
113.2,186.73,2,-2,-0.22,0
113.86,186.07,2,-2,-0.22,0
114.61,185.32,2,-2,-0.22,0
115.05,184.88,2,-2,-0.22,0
115.52,184.41,2,-2,-0.22,0
116.06,183.87,2,-2,-0.22,0
116.68,183.25,2,-2,-0.22,0
117.2,182.73,2,-2,-0.22,0
117.8,182.13,2,-2,-0.22,0
118.42,181.5,2,-2,-0.22,0
118.97,180.96,2,-2,-0.22,0
119.51,180.42,2,-2,-0.22,0
120.26,179.67,2,-2,-0.22,0
120.65,179.28,2,-2,-0.22,0
121.45,178.48,2,-2,-0.22,0
121.86,178.07,2,-2,-0.22,0
122.5,177.43,2,-2,-0.22,0
123.13,176.8,2,-2,-0.22,0
123.62,176.31,2,-2,-0.22,0
124.26,175.67,2,-2,-0.22,0
124.9,175.03,2,-2,-0.22,0
125.27,174.66,2,-2,-0.22,0
126.17,173.76,2,-2,-0.22,0
126.62,173.31,2,-2,-0.22,0
127.14,172.79,2,-2,-0.22,0
127.64,172.29,2,-2,-0.22,0
128.12,171.81,2,-2,-0.22,0
128.65,171.28,2,-2,-0.22,0
129.13,170.8,2,-2,-0.22,0
129.61,170.32,2,-2,-0.22,0
130.67,169.26,2,-2,-0.22,0
131.39,168.54,2,-2,-0.22,0
132.11,167.82,2,-2,-0.22,0
132.84,167.09,2,-2,-0.22,0
133.24,166.68,2,-2,-0.22,0
134.19,165.74,2,-2,-0.22,0
134.58,165.35,2,-2,-0.22,0
135.3,164.63,2,-2,-0.22,0
135.78,164.14,2,-2,-0.22,0
136.39,163.54,2,-2,-0.22,0
136.87,163.06,2,-2,-0.22,0
137.53,162.4,2,-2,-0.22,0
137.9,162.03,2,-2,-0.22,0
138.38,161.55,2,-2,-0.22,0
138.85,161.08,2,-2,-0.22,0
139.31,160.62,2,-2,-0.22,0
139.89,160.04,2,-2,-0.22,0
140.21,159.72,2,-2,-0.22,0
140.71,159.22,2,-2,-0.22,0
141.32,158.61,2,-2,-0.22,0
141.79,158.14,2,-2,-0.22,0
142.37,157.56,2,-2,-0.22,0
143.0,156.93,2,-2,-0.22,0
143.68,156.25,2,-2,-0.22,0
144.04,155.89,2,-2,-0.22,0
144.95,154.98,2,-2,-0.22,0
145.55,154.38,2,-2,-0.22,0
146.28,153.65,2,-2,-0.22,0
147.12,152.81,2,-2,-0.22,0
147.66,152.27,2,-2,-0.22,0
148.47,151.46,2,-2,-0.22,0
148.82,151.11,2,-2,-0.22,0
149.7,150.23,2,-2,-0.22,0
150.38,149.55,2,-2,-0.22,0
150.93,149.0,2,-2,-0.22,0
151.8,148.13,2,-2,-0.22,0
152.58,147.35,2,-2,-0.22,0
152.95,146.98,2,-2,-0.22,0
153.67,146.26,2,-2,-0.22,0
154.4,145.53,2,-2,-0.22,0
155.24,144.68,2,-2,-0.22,0
156.0,143.93,2,-2,-0.22,0
156.41,143.52,2,-2,-0.22,0
156.92,143.01,2,-2,-0.22,0
157.76,142.16,2,-2,-0.22,0
158.63,141.3,2,-2,-0.22,0
159.32,140.61,2,-2,-0.22,0
160.04,139.89,2,-2,-0.22,0
160.53,139.4,2,-2,-0.22,0
161.06,138.87,2,-2,-0.22,0
161.56,138.37,2,-2,-0.22,0
162.49,137.44,2,-2,-0.22,0
163.12,136.81,2,-2,-0.22,0
163.6,136.33,2,-2,-0.22,0
164.35,135.58,2,-2,-0.22,0
164.63,135.3,2,-2,-0.22,0
165.28,134.64,2,-2,-0.22,0
165.9,134.03,2,-2,-0.22,0
166.92,133.0,2,-2,-0.22,0
167.79,132.14,2,-2,-0.22,0
168.4,131.53,2,-2,-0.22,0
169.12,130.81,2,-2,-0.22,0
169.61,130.32,2,-2,-0.22,0
170.42,129.5,2,-2,-0.22,0
171.24,128.69,2,-2,-0.22,0
171.79,128.14,2,-2,-0.22,0
172.36,127.57,2,-2,-0.22,0
172.69,127.24,2,-2,-0.22,0
173.2,126.73,2,-2,-0.22,0
173.66,126.27,2,-2,-0.22,0
174.36,125.57,2,-2,-0.22,0
174.8,125.13,2,-2,-0.22,0
175.53,124.4,2,-2,-0.22,0
176.02,123.91,2,-2,-0.22,0
176.5,123.43,2,-2,-0.22,0
176.99,122.94,2,-2,-0.22,0
177.48,122.44,2,-2,-0.22,0
177.97,121.96,2,-2,-0.22,0
178.7,121.23,2,-2,-0.22,0
179.25,120.68,2,-2,-0.22,0
179.73,120.2,2,-2,-0.22,0
180.41,119.52,2,-2,-0.22,0
180.89,119.04,2,-2,-0.22,0
181.37,118.55,2,-2,-0.22,0
181.86,118.07,2,-2,-0.22,0
182.46,117.47,2,-2,-0.22,0
182.94,116.98,2,-2,-0.22,0
183.67,116.26,2,-2,-0.22,0
184.15,115.78,2,-2,-0.22,0
184.63,115.29,2,-2,-0.22,0
185.41,114.52,2,-2,-0.22,0
186.11,113.82,2,-2,-0.22,0
186.83,113.1,2,-2,-0.22,0
187.56,112.37,2,-2,-0.22,0
188.4,111.53,2,-2,-0.22,0
189.21,110.72,2,-2,-0.22,0
189.89,110.04,2,-2,-0.22,0
190.83,109.1,2,-2,-0.22,0
191.5,108.43,2,-2,-0.22,0
191.86,108.07,2,-2,-0.22,0
192.4,107.52,2,-2,-0.22,0
193.28,106.65,2,-2,-0.22,0
194.1,105.83,2,-2,-0.22,0
194.71,105.22,2,-2,-0.22,0
195.19,104.74,2,-2,-0.22,0
195.94,103.99,2,-2,-0.22,0
196.44,103.49,2,-2,-0.22,0
196.92,103.01,2,-2,-0.22,0
197.64,102.29,2,-2,-0.22,0
198.13,101.79,2,-2,-0.22,0
198.86,101.07,2,-2,-0.22,0
199.37,100.56,2,-2,-0.22,0
199.86,100.07,2,-2,-0.22,0
200.35,99.58,2,-2,-0.22,0
200.95,98.98,2,-2,-0.22,0
201.48,98.45,2,-2,-0.22,0
201.96,97.97,2,-2,-0.22,0
202.74,97.19,2,-2,-0.22,0
203.35,96.58,2,-2,-0.22,0
203.95,95.98,2,-2,-0.22,0
204.44,95.49,2,-2,-0.22,0
205.2,94.73,2,-2,-0.22,0
205.79,94.14,2,-2,-0.22,0
206.51,93.42,2,-2,-0.22,0
207.08,92.85,2,-2,-0.22,0
207.65,92.28,2,-2,-0.22,0
208.38,91.55,2,-2,-0.22,0
208.71,91.22,2,-2,-0.22,0
209.31,90.62,2,-2,-0.22,0
210.12,89.81,2,-2,-0.22,0
210.59,89.33,2,-2,-0.22,0
211.23,88.7,2,-2,-0.22,0
211.72,88.21,2,-2,-0.22,0
212.21,87.72,2,-2,-0.22,0
212.7,87.23,2,-2,-0.22,0
213.19,86.74,2,-2,-0.22,0
213.67,86.26,2,-2,-0.22,0
214.39,85.54,2,-2,-0.22,0
214.9,85.03,2,-2,-0.22,0
215.72,84.2,2,-2,-0.22,0
216.22,83.71,2,-2,-0.22,0
216.71,83.22,2,-2,-0.22,0
217.4,82.53,2,-2,-0.22,0
218.04,81.89,2,-2,-0.22,0
218.4,81.53,2,-2,-0.22,0
219.44,80.49,2,-2,-0.22,0
220.24,79.69,2,-2,-0.22,0
221.25,78.68,2,-2,-0.22,0
221.66,78.27,2,-2,-0.22,0
222.52,77.41,2,-2,-0.22,0
223.0,76.93,2,-2,-0.22,0
223.87,76.06,2,-2,-0.22,0
224.28,75.65,2,-2,-0.22,0
225.05,74.88,2,-2,-0.22,0
225.48,74.45,2,-2,-0.22,0
226.24,73.69,2,-2,-0.22,0
226.98,72.95,2,-2,-0.22,0
227.6,72.33,2,-2,-0.22,0
228.1,71.83,2,-2,-0.22,0
228.91,71.02,2,-2,-0.22,0
229.25,70.68,2,-2,-0.22,0
230.44,69.49,2,-2,-2.71,2
231.05,68.88,2,-2,-3.98,2
231.78,68.15,2,-2,-5.49,2
232.27,67.66,2,-2,-6.51,2
233.0,66.93,2,-2,-8.03,2
233.41,66.52,2,-2,-8.89,2
234.35,65.57,2,-2,-10.86,2
234.73,65.2,2,-2,-11.65,2
235.42,64.51,2,-2,-13.07,2
235.78,64.15,2,-2,-13.82,2
236.68,63.25,2,-2,-15.69,2
237.36,62.57,2,-2,-17.12,2
237.88,62.05,2,-2,-18.2,2
238.3,61.63,2,-2,-19.07,2
239.13,60.8,2,-2,-20.8,2
239.44,60.48,2,-2,-21.46,2
240.05,59.88,2,-2,-22.73,2
240.54,59.39,2,-2,-23.75,2
241.35,58.58,2,-2,-25.43,2
241.76,58.17,2,-2,-26.29,2
242.27,57.66,2,-2,-27.34,2
242.94,56.99,2,-2,-28.74,2
243.55,56.38,2,-2,-30.02,2
244.14,55.79,2,-2,-31.24,2
244.79,55.14,2,-2,-32.6,2
245.48,54.45,2,-2,-34.04,2
245.85,54.08,2,-2,-34.81,2
246.35,53.58,2,-2,-35.84,2
246.98,52.95,2,-2,-37.15,2
247.59,52.34,2,-2,-38.43,2
247.95,51.97,2,-2,-39.19,2
248.57,51.36,2,-2,-40.47,2
248.91,51.02,2,-2,-41.19,2
249.54,50.39,2,-2,-42.5,2
249.9,50.03,2,-2,-43.25,2
250.69,49.24,2,-2,-44.89,2
251.31,48.62,2,-2,-46.18,2
251.89,48.04,2,-2,-47.39,2
252.88,47.05,2,-2,-47.39,0
253.31,46.62,2,-2,-47.39,0
253.92,46.01,2,-2,-47.39,0
254.41,45.52,2,-2,-47.39,0
254.75,45.17,2,-2,-47.39,0
255.37,44.56,2,-2,-47.39,0
255.73,44.2,2,-2,-47.39,0
256.41,43.52,2,-2,-47.39,0
256.79,43.14,2,-2,-47.39,0
257.28,42.65,2,-2,-47.39,0
258.1,41.83,2,-2,-47.39,0
258.75,41.18,2,-2,-47.39,0
259.08,40.85,2,-2,-47.39,0
259.74,40.19,2,-2,-47.39,0
260.34,39.58,2,-2,-47.39,0
260.99,38.94,2,-2,-47.39,0
261.64,38.29,2,-2,-47.39,0
262.29,37.64,2,-2,-47.39,0
263.14,36.79,2,-2,-47.39,0
263.54,36.39,2,-2,-47.39,0
264.52,35.41,2,-2,-47.39,0
265.12,34.8,2,-2,-47.39,0
265.73,34.2,2,-2,-47.39,0
266.36,33.57,2,-2,-47.39,0
267.02,32.91,2,-2,-47.39,0
267.7,32.23,2,-2,-47.39,0
268.35,31.58,2,-2,-47.39,0
268.83,31.1,2,-2,-47.39,0
269.84,30.08,2,-2,-47.39,0
270.57,29.36,2,-2,-47.39,0
271.42,28.51,2,-2,-47.39,0
272.15,27.78,2,-2,-47.39,0
272.75,27.18,2,-2,-47.39,0
273.37,26.56,2,-2,-47.39,0
273.98,25.95,2,-2,-47.39,0
274.61,25.31,2,-2,-47.39,0
275.45,24.47,2,-2,-47.39,0
276.01,23.92,2,-2,-47.39,0
276.5,23.43,2,-2,-47.39,0
276.86,23.06,2,-2,-47.39,0
277.58,22.35,2,-2,-47.39,0
277.99,21.94,2,-2,-47.39,0
278.9,21.03,2,-2,-47.39,0
279.54,20.38,2,-2,-47.39,0
280.14,19.79,2,-2,-47.39,0
280.99,18.94,2,-2,-47.39,0
281.59,18.34,2,-2,-47.39,0
282.17,17.76,2,-2,-47.39,0
283.07,16.86,2,-2,-47.39,0
283.71,16.22,2,-2,-47.39,0
284.21,15.72,2,-2,-47.39,0
285.05,14.87,2,-2,-47.39,0
285.69,14.24,2,-2,-47.39,0
286.3,13.63,2,-2,-47.39,0
287.09,12.84,2,-2,-47.39,0
287.44,12.49,2,-2,-47.39,0
288.04,11.89,2,-2,-47.39,0
288.38,11.55,2,-2,-47.39,0
289.12,10.81,2,-2,-47.39,0
289.54,10.39,2,-2,-47.39,0
290.02,9.91,2,-2,-47.39,0
290.47,9.46,2,-2,-47.39,0
291.09,8.84,2,-2,-47.39,0
291.66,8.27,2,-2,-47.39,0
292.27,7.66,2,-2,-47.39,0
292.86,7.07,2,-2,-47.39,0
293.47,6.46,2,-2,-47.39,0
294.19,5.74,2,-2,-47.39,0
294.81,5.12,2,-2,-47.39,0
295.42,4.51,2,-2,-47.39,0
296.03,3.9,2,-2,-47.39,0
296.63,3.3,2,-2,-47.39,0
297.34,2.59,2,-2,-47.39,0
297.65,2.28,2,-2,-47.39,0
298.1,1.82,2,-2,-47.39,0
298.58,1.35,2,-2,-47.39,0
299.44,0.49,2,-2,-47.39,0
299.91,0.02,2,-2,-47.39,0
300.67,-0.75,2,-2,-47.39,0
301.07,-1.14,2,-2,-47.39,0
301.67,-1.74,2,-2,-47.39,0
302.02,-2.09,2,-2,-47.39,0
302.87,-2.94,2,-2,-47.39,0
303.23,-3.3,2,-2,-47.39,0
303.8,-3.87,2,-2,-47.39,0
304.66,-4.73,2,-2,-47.39,0
305.08,-5.15,2,-2,-47.39,0
305.68,-5.75,2,-2,-47.39,0
306.42,-6.49,2,-2,-47.39,0
306.78,-6.85,2,-2,-47.39,0
307.31,-7.38,2,-2,-47.39,0
307.77,-7.84,2,-2,-47.39,0
308.33,-8.41,2,-2,-47.39,0
308.86,-8.93,2,-2,-47.39,0
309.37,-9.44,2,-2,-47.39,0
309.85,-9.92,2,-2,-47.39,0
310.61,-10.68,2,-2,-47.39,0
310.97,-11.04,2,-2,-47.39,0
311.86,-11.93,2,-2,-47.39,0
312.58,-12.65,2,-2,-47.39,0
312.99,-13.06,2,-2,-47.39,0
313.57,-13.64,2,-2,-47.39,0
314.53,-14.6,2,-2,-47.39,0
314.88,-14.95,2,-2,-47.39,0
315.85,-15.92,2,-2,-47.39,0
316.48,-16.55,2,-2,-47.39,0
316.91,-16.98,2,-2,-47.39,0
317.41,-17.48,2,-2,-47.39,0
318.27,-18.34,2,-2,-47.39,0
318.6,-18.67,2,-2,-47.39,0
319.48,-19.55,2,-2,-47.39,0
319.8,-19.87,2,-2,-47.39,0
320.41,-20.48,2,-2,-47.39,0
320.98,-21.05,2,-2,-47.39,0
321.77,-21.84,2,-2,-47.39,0
322.37,-22.44,2,-2,-47.39,0
322.98,-23.05,2,-2,-47.39,0
323.65,-23.72,2,-2,-47.39,0
324.25,-24.32,2,-2,-47.39,0
324.87,-24.94,2,-2,-47.39,0
325.23,-25.3,2,-2,-47.39,0
325.85,-25.92,2,-2,-47.39,0
326.45,-26.52,2,-2,-47.39,0
327.14,-27.21,2,-2,-47.39,0
327.66,-27.73,2,-2,-47.39,0
328.26,-28.33,2,-2,-47.39,0
328.86,-28.93,2,-2,-47.39,0
329.22,-29.29,2,-2,-47.39,0
329.67,-29.74,2,-2,-47.39,0
330.14,-30.21,2,-2,-47.39,0
329.47,-30.74,-2,-2,-47.39,0
328.74,-31.47,-2,-2,-47.39,0
328.14,-32.08,-2,-2,-47.39,0
327.47,-32.74,-2,-2,-47.39,0
326.84,-33.37,-2,-2,-47.39,0
326.24,-33.97,-2,-2,-47.39,0
325.62,-34.59,-2,-2,-47.39,0
325.01,-35.2,-2,-2,-47.39,0
324.4,-35.82,-2,-2,-47.39,0
323.55,-36.67,-2,-2,-47.39,0
322.81,-37.4,-2,-2,-47.39,0
321.96,-38.26,-2,-2,-47.39,0
321.27,-38.94,-2,-2,-47.39,0
320.58,-39.63,-2,-2,-47.39,0
319.79,-40.42,-2,-2,-47.39,0
319.39,-40.82,-2,-2,-47.39,0
318.71,-41.51,-2,-2,-47.39,0
317.82,-42.39,-2,-2,-47.39,0
317.15,-43.07,-2,-2,-47.39,0
316.44,-43.77,-2,-2,-47.39,0
315.48,-44.73,-2,-2,-47.39,0
314.87,-45.34,-2,-2,-47.39,0
314.54,-45.67,-2,-2,-47.39,0
313.51,-46.7,-2,-2,-47.39,0
312.79,-47.43,-2,-2,-47.39,0
312.23,-47.98,-2,-2,-47.39,0
311.58,-48.63,-2,-2,-47.39,0
310.81,-49.4,-2,-2,-47.39,0
309.85,-50.37,-2,-2,-47.39,0
309.18,-51.04,-2,-2,-47.39,0
308.31,-51.9,-2,-2,-47.39,0
307.75,-52.47,-2,-2,-47.39,0
307.42,-52.79,-2,-2,-47.39,0
306.7,-53.51,-2,-2,-47.39,0
306.02,-54.2,-2,-2,-47.39,0
305.05,-55.16,-2,-2,-47.39,0
304.57,-55.64,-2,-2,-47.39,0
303.85,-56.37,-2,-2,-47.39,0
302.76,-57.45,-2,-2,-47.39,0
302.16,-58.06,-2,-2,-47.39,0
301.1,-59.12,-2,-2,-47.39,0
300.56,-59.66,-2,-2,-47.39,0
299.82,-60.39,-2,-2,-47.39,0
298.75,-61.47,-2,-2,-47.39,0
298.26,-61.95,-2,-2,-47.39,0
297.29,-62.92,-2,-2,-47.39,0
296.7,-63.51,-2,-2,-47.39,0
296.39,-63.82,-2,-2,-47.39,0
295.65,-64.56,-2,-2,-47.39,0
294.88,-65.34,-2,-2,-47.39,0
294.58,-65.63,-2,-2,-47.39,0
294.07,-66.14,-2,-2,-47.39,0
293.3,-66.92,-2,-2,-47.39,0
292.81,-67.4,-2,-2,-47.39,0
292.05,-68.17,-2,-2,-47.39,0
291.31,-68.9,-2,-2,-47.39,0
290.83,-69.38,-2,-2,-47.39,0
290.11,-70.11,-2,-2,-47.39,0
289.51,-70.7,-2,-2,-47.39,0
289.03,-71.18,-2,-2,-47.39,0
288.43,-71.79,-2,-2,-47.39,0
287.7,-72.51,-2,-2,-47.39,0
286.86,-73.35,-2,-2,-47.39,0
286.16,-74.05,-2,-2,-47.39,0
285.44,-74.77,-2,-2,-47.39,0
284.72,-75.49,-2,-2,-47.39,0
282.39,-77.82,-2,-2,-47.39,0
281.34,-78.88,-2,-2,-47.39,0
280.56,-79.65,-2,-2,-47.39,0
279.83,-80.38,-2,-2,-47.39,0
279.2,-81.01,-2,-2,-47.39,0
278.52,-81.69,-2,-2,-47.39,0
277.85,-82.37,-2,-2,-47.39,0
276.98,-83.23,-2,-2,-47.39,0
276.18,-84.03,-2,-2,-47.39,0
275.62,-84.59,-2,-2,-47.39,0
274.97,-85.24,-2,-2,-47.39,0
274.21,-86.0,-2,-2,-47.39,0
273.53,-86.68,-2,-2,-47.39,0
273.08,-87.13,-2,-2,-47.39,0
272.28,-87.93,-2,-2,-47.39,0
271.65,-88.56,-2,-2,-47.39,0
270.94,-89.28,-2,-2,-47.39,0
270.53,-89.68,-2,-2,-47.39,0
269.67,-90.54,-2,-2,-47.39,0
268.91,-91.3,-2,-2,-47.39,0
268.48,-91.73,-2,-2,-47.39,0
267.96,-92.25,-2,-2,-47.39,0
267.24,-92.97,-2,-2,-47.39,0
266.75,-93.46,-2,-2,-47.39,0
265.88,-94.33,-2,-2,-47.39,0
265.51,-94.7,-2,-2,-47.39,0
264.75,-95.46,-2,-2,-47.39,0
263.9,-96.31,-2,-2,-47.39,0
263.0,-97.21,-2,-2,-47.39,0
262.44,-97.77,-2,-2,-47.39,0
261.49,-98.72,-2,-2,-47.39,0
260.92,-99.29,-2,-2,-46.2,1
260.44,-99.78,-2,-2,-45.2,1
259.81,-100.41,-2,-2,-43.88,1
259.08,-101.14,-2,-2,-42.36,1
258.3,-101.91,-2,-2,-40.75,1
257.7,-102.51,-2,-2,-39.5,1
256.98,-103.23,-2,-2,-37.99,1
256.56,-103.66,-2,-2,-37.11,1
255.94,-104.27,-2,-2,-35.84,1
255.4,-104.81,-2,-2,-34.71,1
254.56,-105.65,-2,-2,-32.95,1
253.98,-106.23,-2,-2,-31.74,1
253.21,-107.0,-2,-2,-30.14,1
252.62,-107.59,-2,-2,-28.92,1
252.02,-108.19,-2,-2,-27.66,1
251.35,-108.87,-2,-2,-26.26,1
250.76,-109.45,-2,-2,-25.04,1
250.35,-109.86,-2,-2,-24.18,1
249.5,-110.71,-2,-2,-22.41,1
249.1,-111.12,-2,-2,-21.57,1
248.19,-112.03,-2,-2,-19.68,1
247.37,-112.85,-2,-2,-17.97,1
246.8,-113.41,-2,-2,-16.78,1
246.48,-113.73,-2,-2,-16.13,1
245.56,-114.65,-2,-2,-14.21,1
244.72,-115.49,-2,-2,-12.46,1
244.24,-115.97,-2,-2,-11.46,1
243.52,-116.69,-2,-2,-9.95,1
242.95,-117.27,-2,-2,-8.76,1
242.21,-118.01,-2,-2,-7.22,1
241.48,-118.73,-2,-2,-5.71,1
240.9,-119.31,-2,-2,-4.5,1
240.4,-119.81,-2,-2,-3.46,1
239.8,-120.42,-2,-2,-2.2,1
239.02,-121.19,-2,-2,-0.58,1
238.28,-121.93,-2,-2,0.97,1
237.79,-122.42,-2,-2,1.98,1
237.06,-123.15,-2,-2,3.5,1
236.34,-123.87,-2,-2,5.0,1
235.61,-124.6,-2,-2,6.53,1
234.97,-125.24,-2,-2,7.85,1
234.61,-125.6,-2,-2,8.61,1
234.01,-126.2,-2,-2,9.86,1
233.15,-127.06,-2,-2,11.65,1
232.72,-127.49,-2,-2,12.54,1
232.15,-128.06,-2,-2,13.73,1
231.57,-128.64,-2,-2,14.94,1
230.66,-129.55,-2,-2,16.83,1
230.0,-130.21,-2,-2,18.21,1
229.4,-130.81,-2,-2,19.46,1
228.64,-131.57,-2,-2,21.05,1
228.28,-131.93,-2,-2,21.8,1
227.65,-132.56,-2,-2,23.11,1
226.74,-133.47,-2,-2,25.01,1
226.08,-134.13,-2,-2,26.38,1
225.66,-134.55,-2,-2,27.25,1
224.77,-135.45,-2,-2,29.11,1
223.99,-136.22,-2,-2,30.72,1
223.41,-136.81,-2,-2,31.95,1
222.68,-137.53,-2,-2,33.46,1
222.2,-138.02,-2,-2,34.47,1
221.22,-138.99,-2,-2,36.49,1
220.5,-139.71,-2,-2,38.0,1
219.87,-140.34,-2,-2,39.32,1
219.2,-141.01,-2,-2,40.72,1
218.53,-141.69,-2,-2,42.11,1
218.13,-142.08,-2,-2,42.95,1
217.14,-143.08,-2,-2,45.01,1
216.72,-143.49,-2,-2,45.87,1
216.12,-144.09,-2,-2,47.13,1
215.51,-144.7,-2,-2,48.39,1
214.9,-145.31,-2,-2,49.66,1
214.53,-145.68,-2,-2,50.44,1
213.66,-146.55,-2,-2,52.26,1
212.93,-147.29,-2,-2,53.79,1
212.2,-148.01,-2,-2,55.29,1
211.43,-148.78,-2,-2,56.89,1
210.68,-149.53,-2,-2,58.46,1
210.02,-150.19,-2,-2,59.83,1
209.36,-150.85,-2,-2,61.2,1
208.78,-151.43,-2,-2,62.41,1
208.45,-151.76,-2,-2,63.11,1
207.95,-152.27,-2,-2,64.16,1
207.36,-152.85,-2,-2,65.38,1
206.88,-153.34,-2,-2,66.39,1
206.25,-153.96,-2,-2,67.69,1
205.4,-154.82,-2,-2,69.47,1
204.65,-155.56,-2,-2,71.03,1
204.17,-156.05,-2,-2,72.03,1
203.39,-156.83,-2,-2,72.03,0
202.74,-157.47,-2,-2,72.03,0
202.14,-158.07,-2,-2,72.03,0
201.47,-158.74,-2,-2,72.03,0
200.81,-159.41,-2,-2,72.03,0
199.96,-160.25,-2,-2,72.03,0
199.25,-160.96,-2,-2,72.03,0
198.6,-161.62,-2,-2,72.03,0
197.82,-162.39,-2,-2,72.03,0
197.1,-163.11,-2,-2,72.03,0
196.52,-163.69,-2,-2,72.03,0
196.11,-164.11,-2,-2,72.03,0
195.02,-165.19,-2,-2,72.03,0
194.35,-165.87,-2,-2,72.03,0
193.71,-166.5,-2,-2,72.03,0
192.98,-167.23,-2,-2,72.03,0
192.14,-168.07,-2,-2,72.03,0
191.51,-168.7,-2,-2,72.03,0
190.67,-169.54,-2,-2,72.03,0
189.44,-170.77,-2,-2,72.03,0
188.8,-171.42,-2,-2,72.03,0
188.19,-172.02,-2,-2,72.03,0
187.82,-172.39,-2,-2,72.03,0
186.99,-173.22,-2,-2,72.03,0
186.03,-174.18,-2,-2,72.03,0
185.24,-174.97,-2,-2,72.03,0
184.54,-175.67,-2,-2,72.03,0
183.64,-176.58,-2,-2,72.03,0
183.08,-177.14,-2,-2,72.03,0
182.21,-178.0,-2,-2,72.03,0
181.47,-178.74,-2,-2,72.03,0
180.89,-179.32,-2,-2,72.03,0
180.22,-179.99,-2,-2,72.03,0
179.59,-180.62,-2,-2,72.03,0
179.2,-181.01,-2,-2,72.03,0
178.36,-181.85,-2,-2,72.03,0
177.7,-182.51,-2,-2,72.03,0
177.3,-182.91,-2,-2,72.03,0
176.43,-183.78,-2,-2,72.03,0
175.79,-184.42,-2,-2,72.03,0
175.4,-184.82,-2,-2,72.03,0
174.77,-185.44,-2,-2,72.03,0
174.16,-186.06,-2,-2,72.03,0
173.41,-186.8,-2,-2,72.03,0
172.79,-187.42,-2,-2,72.03,0
172.38,-187.83,-2,-2,72.03,0
171.66,-188.55,-2,-2,72.03,0
171.25,-188.96,-2,-2,72.03,0
170.63,-189.58,-2,-2,72.03,0
169.77,-190.45,-2,-2,72.03,0
169.12,-191.09,-2,-2,72.03,0
168.41,-191.81,-2,-2,72.03,0
168.05,-192.17,-2,-2,72.03,0
167.46,-192.75,-2,-2,72.03,0
166.55,-193.66,-2,-2,72.03,0
166.01,-194.21,-2,-2,72.03,0
165.42,-194.8,-2,-2,72.03,0
165.0,-195.22,-2,-2,72.03,0
164.21,-196.0,-2,-2,72.03,0
163.55,-196.66,-2,-2,72.03,0
162.94,-197.27,-2,-2,72.03,0
162.49,-197.72,-2,-2,72.03,0
161.65,-198.56,-2,-2,72.03,0
161.02,-199.19,-2,-2,72.03,0
160.54,-199.67,-2,-2,72.03,0
159.46,-200.75,-2,-2,72.03,0
158.82,-201.39,-2,-2,72.03,0
158.2,-202.01,-2,-2,72.03,0
157.6,-202.61,-2,-2,72.03,0
156.87,-203.34,-2,-2,72.03,0
156.03,-204.18,-2,-2,72.03,0
155.28,-204.93,-2,-2,72.03,0
154.54,-205.67,-2,-2,72.03,0
153.63,-206.58,-2,-2,72.03,0
153.2,-207.01,-2,-2,72.03,0
152.17,-208.04,-2,-2,72.03,0
151.55,-208.66,-2,-2,72.03,0
150.9,-209.31,-2,-2,72.03,0
150.2,-210.01,-2,-2,72.03,0
149.42,-210.8,-2,-2,72.03,0
148.98,-211.23,-2,-2,72.03,0
148.42,-211.79,-2,-2,72.03,0
147.88,-212.33,-2,-2,72.03,0
146.95,-213.26,-2,-2,72.03,0
146.45,-213.77,-2,-2,72.03,0
145.51,-214.7,-2,-2,72.03,0
144.5,-215.71,-2,-2,72.03,0
144.01,-216.2,-2,-2,72.03,0
143.2,-217.02,-2,-2,72.03,0
142.52,-217.69,-2,-2,72.03,0
141.73,-218.48,-2,-2,72.03,0
141.28,-218.94,-2,-2,72.03,0
140.43,-219.78,-2,-2,72.03,0
140.02,-220.19,-2,-2,72.03,0
139.51,-220.7,-2,-2,72.03,0
138.63,-221.58,-2,-2,72.03,0
137.96,-222.25,-2,-2,72.03,0
137.33,-222.88,-2,-2,72.03,0
136.73,-223.49,-2,-2,72.03,0
136.31,-223.91,-2,-2,72.03,0
135.54,-224.67,-2,-2,72.03,0
135.15,-225.06,-2,-2,72.03,0
134.53,-225.68,-2,-2,72.03,0
134.14,-226.07,-2,-2,72.03,0
133.43,-226.78,-2,-2,72.03,0
133.07,-227.15,-2,-2,72.03,0
132.55,-227.66,-2,-2,72.03,0
131.7,-228.52,-2,-2,72.03,0
131.28,-228.93,-2,-2,72.03,0
130.67,-229.54,-2,-2,72.03,0
130.19,-230.02,-2,-2,72.03,0
129.59,-230.62,-2,-2,72.03,0
128.99,-231.22,-2,-2,72.03,0
128.12,-232.09,-2,-2,72.03,0
127.41,-232.8,-2,-2,72.03,0
127.05,-233.16,-2,-2,72.03,0
126.26,-233.95,-2,-2,72.03,0
125.55,-234.66,-2,-2,72.03,0
124.95,-235.26,-2,-2,72.03,0
123.93,-236.28,-2,-2,72.03,0
123.12,-237.09,-2,-2,72.03,0
122.47,-237.75,-2,-2,72.03,0
121.73,-238.49,-2,-2,72.03,0
120.89,-239.32,-2,-2,72.03,0
120.25,-239.96,-2,-2,72.03,0
119.51,-240.7,-2,-2,72.03,0
118.8,-241.41,-2,-2,72.03,0
118.11,-242.1,-2,-2,72.03,0
117.05,-243.16,-2,-2,72.03,0
116.45,-243.76,-2,-2,72.03,0
115.77,-244.44,-2,-2,72.03,0
115.01,-245.21,-2,-2,72.03,0
114.45,-245.76,-2,-2,72.03,0
113.67,-246.54,-2,-2,72.03,0
112.99,-247.23,-2,-2,72.03,0
112.28,-247.93,-2,-2,72.03,0
111.7,-248.51,-2,-2,72.03,0
111.0,-249.21,-2,-2,72.03,0
110.34,-249.87,-2,-2,72.03,0
109.34,-250.88,-2,-2,72.03,0
108.43,-251.79,-2,-2,72.03,0
107.53,-252.68,-2,-2,72.03,0
106.79,-253.42,-2,-2,72.03,0
106.1,-254.12,-2,-2,72.03,0
105.03,-255.18,-2,-2,72.03,0
104.31,-255.9,-2,-2,72.03,0
103.82,-256.39,-2,-2,72.03,0
103.09,-257.12,-2,-2,72.03,0
102.33,-257.88,-2,-2,72.03,0
101.52,-258.69,-2,-2,72.03,0
100.8,-259.41,-2,-2,72.03,0
100.03,-260.18,-2,-2,72.03,0
99.18,-261.03,-2,-2,72.03,0
98.59,-261.63,-2,-2,72.03,0
97.6,-262.61,-2,-2,72.03,0
96.87,-263.34,-2,-2,72.03,0
96.51,-263.71,-2,-2,72.03,0
95.9,-264.31,-2,-2,72.03,0
95.41,-264.8,-2,-2,72.03,0
94.88,-265.33,-2,-2,72.03,0
94.01,-266.2,-2,-2,72.03,0
93.16,-267.05,-2,-2,72.03,0
92.67,-267.54,-2,-2,72.03,0
92.19,-268.02,-2,-2,72.03,0
91.46,-268.75,-2,-2,72.03,0
90.97,-269.24,-2,-2,72.03,0
90.25,-269.96,-2,-2,72.03,0
89.75,-270.46,-2,-2,72.03,0
88.98,-271.23,-2,-2,72.03,0
88.45,-271.76,-2,-2,72.03,0
87.68,-272.53,-2,-2,72.03,0
87.08,-273.13,-2,-2,72.03,0
86.53,-273.68,-2,-2,72.03,0
85.48,-274.73,-2,-2,72.03,0
85.0,-275.22,-2,-2,72.03,0
84.27,-275.94,-2,-2,72.03,0
83.78,-276.43,-2,-2,72.03,0
83.23,-276.98,-2,-2,72.03,0
82.43,-277.79,-2,-2,72.03,0
81.65,-278.56,-2,-2,72.03,0
81.07,-279.14,-2,-2,72.03,0
80.34,-279.87,-2,-2,72.03,0
79.86,-280.36,-2,-2,72.03,0
78.87,-281.35,-2,-2,72.03,0
78.02,-282.19,-2,-2,72.03,0
77.3,-282.92,-2,-2,72.03,0
76.81,-283.4,-2,-2,72.03,0
76.07,-284.15,-2,-2,72.03,0
75.54,-284.67,-2,-2,72.03,0
74.78,-285.43,-2,-2,72.03,0
74.29,-285.92,-2,-2,72.03,0
73.54,-286.67,-2,-2,72.03,0
72.75,-287.46,-2,-2,72.03,0
72.23,-287.98,-2,-2,72.03,0
71.39,-288.82,-2,-2,72.03,0
70.91,-289.3,-2,-2,72.03,0
70.17,-290.04,-2,-2,72.03,0
69.41,-289.24,-2,2,72.03,0
68.93,-288.76,-2,2,72.03,0
68.2,-288.02,-2,2,72.03,0
67.72,-287.54,-2,2,72.03,0
67.15,-286.98,-2,2,72.03,0
66.23,-286.05,-2,2,72.03,0
65.52,-285.35,-2,2,72.03,0
65.08,-284.91,-2,2,72.03,0
64.52,-284.35,-2,2,72.03,0
63.46,-283.29,-2,2,72.03,0
62.79,-282.62,-2,2,72.03,0
62.18,-282.01,-2,2,72.03,0
61.5,-281.33,-2,2,72.03,0
60.49,-280.32,-2,2,72.03,0
60.0,-279.83,-2,2,72.03,0
59.16,-278.99,-2,2,72.03,0
58.07,-277.9,-2,2,72.03,0
57.18,-277.0,-2,2,72.03,0
56.57,-276.4,-2,2,72.03,0
56.08,-275.9,-2,2,72.03,0
55.34,-275.17,-2,2,72.03,0
54.86,-274.69,-2,2,72.03,0
54.13,-273.96,-2,2,72.03,0
53.65,-273.48,-2,2,72.03,0
52.88,-272.71,-2,2,72.03,0
52.39,-272.21,-2,2,72.03,0
51.89,-271.72,-2,2,72.03,0
51.15,-270.98,-2,2,72.03,0
50.67,-270.49,-2,2,72.03,0
50.17,-270.0,-2,2,72.03,0
49.4,-269.22,-2,2,72.03,0
48.64,-268.46,-2,2,72.03,0
47.88,-267.71,-2,2,72.03,0
47.48,-267.31,-2,2,72.03,0
46.86,-266.68,-2,2,72.03,0
46.11,-265.94,-2,2,72.03,0
45.41,-265.23,-2,2,72.03,0
44.58,-264.41,-2,2,72.03,0
43.98,-263.8,-2,2,72.03,0
43.55,-263.38,-2,2,72.03,0
42.82,-262.64,-2,2,72.03,0
42.45,-262.28,-2,2,72.03,0
41.79,-261.62,-2,2,72.03,0
41.21,-261.04,-2,2,72.03,0
40.48,-260.31,-2,2,72.03,0
39.75,-259.58,-2,2,72.03,0
39.25,-259.08,-2,2,72.03,0
38.75,-258.58,-2,2,72.03,0
38.0,-257.83,-2,2,72.03,0
37.46,-257.29,-2,2,72.03,0
36.69,-256.52,-2,2,72.03,0
35.93,-255.76,-2,2,72.03,0
35.43,-255.26,-2,2,72.03,0
35.06,-254.89,-2,2,72.03,0
34.28,-254.1,-2,2,72.03,0
33.43,-253.26,-2,2,72.03,0
32.74,-252.57,-2,2,72.03,0
32.38,-252.21,-2,2,72.03,0
31.57,-251.4,-2,2,72.03,0
31.11,-250.94,-2,2,72.03,0
30.21,-250.04,-2,2,72.03,0
29.8,-249.63,-2,2,72.03,0
29.1,-248.93,-2,2,72.03,0
28.31,-248.13,-2,2,72.03,0
27.91,-247.74,-2,2,72.03,0
27.14,-246.97,-2,2,72.03,0
26.61,-246.44,-2,2,72.03,0
25.74,-245.56,-2,2,72.03,0
25.17,-244.99,-2,2,72.03,0
24.81,-244.64,-2,2,72.03,0
24.14,-243.97,-2,2,72.03,0
23.48,-243.31,-2,2,72.03,0
22.73,-242.56,-2,2,72.03,0
22.04,-241.86,-2,2,72.03,0
21.67,-241.5,-2,2,72.03,0
20.98,-240.81,-2,2,72.03,0
20.57,-240.4,-2,2,72.03,0
19.65,-239.48,-2,2,72.03,0
19.16,-238.99,-2,2,72.03,0
18.79,-238.62,-2,2,72.03,0
18.19,-238.02,-2,2,72.03,0
17.46,-237.28,-2,2,72.03,0
17.06,-236.89,-2,2,72.03,0
16.33,-236.16,-2,2,72.03,0
15.93,-235.76,-2,2,72.03,0
14.94,-234.76,-2,2,72.03,0
14.6,-234.43,-2,2,72.03,0
13.87,-233.7,-2,2,72.03,0
13.18,-233.01,-2,2,72.03,0
12.52,-232.35,-2,2,72.03,0
12.16,-231.98,-2,2,72.03,0
11.16,-230.99,-2,2,72.03,0
10.5,-230.33,-2,2,72.03,0
9.9,-229.73,-2,2,72.03,0
9.24,-229.07,-2,2,72.03,0
8.45,-228.27,-2,2,72.03,0
8.15,-227.98,-2,2,72.03,0
7.63,-227.46,-2,2,72.03,0
6.76,-226.58,-2,2,72.03,0
5.9,-225.73,-2,2,72.03,0
5.28,-225.11,-2,2,72.03,0
4.58,-224.41,-2,2,72.03,0
4.22,-224.05,-2,2,72.03,0
3.37,-223.2,-2,2,72.03,0
3.05,-222.87,-2,2,72.03,0
2.29,-222.11,-2,2,72.03,0
1.52,-221.35,-2,2,72.03,0
0.79,-220.62,-2,2,72.03,0
0.27,-220.1,-2,2,72.03,0
-0.5,-219.33,-2,2,72.03,0
-0.86,-218.97,-2,2,72.03,0
-1.44,-218.39,-2,2,72.03,0
-2.07,-217.76,-2,2,72.03,0
-2.88,-216.95,-2,2,72.03,0
-3.24,-216.59,-2,2,72.03,0
-4.09,-215.74,-2,2,72.03,0
-4.49,-215.34,-2,2,72.03,0
-5.09,-214.74,-2,2,72.03,0
-5.72,-214.11,-2,2,72.03,0
-6.16,-213.67,-2,2,72.03,0
-6.86,-212.97,-2,2,72.03,0
-7.38,-212.45,-2,2,72.03,0
-7.86,-211.97,-2,2,72.03,0
-8.91,-210.92,-2,2,72.03,0
-9.22,-210.61,-2,2,72.03,0
-9.96,-209.87,-2,2,72.03,0
-10.67,-209.16,-2,2,72.03,0
-11.1,-208.72,-2,2,72.03,0
-12.03,-207.8,-2,2,72.03,0
-12.67,-207.16,-2,2,72.03,0
-13.39,-206.44,-2,2,72.03,0
-14.06,-205.77,-2,2,72.03,0
-14.83,-205.0,-2,2,72.03,0
-15.55,-204.28,-2,2,72.03,0
-16.42,-203.41,-2,2,72.03,0
-17.04,-202.79,-2,2,72.03,0
-17.71,-202.12,-2,2,72.03,0
-18.55,-201.27,-2,2,72.03,0
-19.21,-200.62,-2,2,72.03,0
-19.57,-200.25,-2,2,72.03,0
-20.07,-199.76,-2,2,72.03,0
-20.8,-199.03,-2,2,72.03,0
-21.14,-198.69,-2,2,72.03,0
-21.85,-197.97,-2,2,72.03,0
-22.45,-197.38,-2,2,72.03,0
-22.81,-197.02,-2,2,72.03,0
-23.3,-196.53,-2,2,72.03,0
-23.91,-195.92,-2,2,72.03,0
-24.39,-195.44,-2,2,72.03,0
-24.84,-194.98,-2,2,72.03,0
-25.33,-194.49,-2,2,72.03,0
-26.16,-193.67,-2,2,72.03,0
-26.56,-193.27,-2,2,72.03,0
-27.03,-192.8,-2,2,72.03,0
-27.49,-192.34,-2,2,72.03,0
-27.98,-191.85,-2,2,72.03,0
-28.71,-191.12,-2,2,72.03,0
-29.38,-190.44,-2,2,72.03,0
-29.79,-190.04,-2,2,72.03,0
-30.54,-189.28,-2,2,72.03,0
-31.27,-188.56,-2,2,72.03,0
-31.99,-187.84,-2,2,72.03,0
-32.73,-187.1,-2,2,72.03,0
-33.06,-186.77,-2,2,72.03,0
-33.79,-186.04,-2,2,72.03,0
-34.42,-185.41,-2,2,72.03,0
-34.87,-184.96,-2,2,72.03,0
-35.48,-184.34,-2,2,72.03,0
-36.22,-183.61,-2,2,72.03,0
-36.54,-183.29,-2,2,72.03,0
-37.42,-182.41,-2,2,72.03,0
-38.07,-181.76,-2,2,72.03,0
-38.67,-181.16,-2,2,72.03,0
-39.03,-180.8,-2,2,72.03,0
-39.77,-180.06,-2,2,72.03,0
-40.43,-179.39,-2,2,72.03,0
-41.09,-178.73,-2,2,72.03,0
-41.5,-178.33,-2,2,72.03,0
-42.37,-177.46,-2,2,72.03,0
-43.04,-176.79,-2,2,72.03,0
-43.4,-176.42,-2,2,72.03,0
-44.29,-175.54,-2,2,72.03,0
-44.7,-175.12,-2,2,72.03,0
-45.19,-174.64,-2,2,72.03,0
-45.8,-174.03,-2,2,72.03,0
-46.4,-173.42,-2,2,72.03,0
-46.89,-172.94,-2,2,72.03,0
-47.37,-172.46,-2,2,72.03,0
-47.91,-171.91,-2,2,72.03,0
-48.52,-171.31,-2,2,72.03,0
-49.14,-170.69,-2,2,72.03,0
-49.93,-169.89,-2,2,72.03,0
-50.58,-169.25,-2,2,72.03,0
-50.94,-168.89,-2,2,72.03,0
-51.63,-168.19,-2,2,72.03,0
-52.12,-167.71,-2,2,72.03,0
-53.02,-166.81,-2,2,72.03,0
-53.38,-166.44,-2,2,72.03,0
-54.11,-165.72,-2,2,72.03,0
-54.55,-165.28,-2,2,72.03,0
-55.04,-164.79,-2,2,72.03,0
-55.74,-164.08,-2,2,72.03,0
-56.11,-163.72,-2,2,72.03,0
-56.71,-163.12,-2,2,72.03,0
-57.04,-162.79,-2,2,72.03,0
-57.5,-162.33,-2,2,72.03,0
-58.19,-161.64,-2,2,72.03,0
-58.76,-161.07,-2,2,72.03,0
-59.37,-160.46,-2,2,72.03,0
-60.22,-159.61,-2,2,72.03,0
-60.64,-159.19,-2,2,72.03,0
-61.37,-158.46,-2,2,72.03,0
-62.02,-157.8,-2,2,72.03,0
-62.66,-157.17,-2,2,72.03,0
-63.2,-156.63,-2,2,72.03,0
-64.19,-155.64,-2,2,72.03,0
-64.57,-155.26,-2,2,72.03,0
-65.04,-154.78,-2,2,72.03,0
-66.02,-153.81,-2,2,72.03,0
-66.66,-153.16,-2,2,72.03,0
-67.35,-152.48,-2,2,72.03,0
-68.07,-151.76,-2,2,72.03,0
-68.69,-151.14,-2,2,72.03,0
-69.32,-150.5,-2,2,72.03,0
-70.18,-149.65,-2,2,72.03,0
-71.0,-148.83,-2,2,72.03,0
-71.75,-148.08,-2,2,72.03,0
-72.24,-147.59,-2,2,72.03,0
-72.86,-146.97,-2,2,72.03,0
-73.47,-146.36,-2,2,72.03,0
-74.18,-145.64,-2,2,72.03,0
-74.89,-144.93,-2,2,72.03,0
-75.32,-144.51,-2,2,72.03,0
-75.86,-143.97,-2,2,72.03,0
-76.38,-143.45,-2,2,72.03,0
-76.86,-142.97,-2,2,72.03,0
-77.47,-142.36,-2,2,72.03,0
-78.65,-141.18,-2,2,72.03,0
-79.09,-140.74,-2,2,72.03,0
-79.61,-140.21,-2,2,72.03,0
-80.11,-139.71,-2,2,72.03,0
-80.62,-139.21,-2,2,72.03,0
-81.35,-138.48,-2,2,72.03,0
-81.75,-138.08,-2,2,72.03,0
-82.56,-137.27,-2,2,72.03,0
-82.91,-136.92,-2,2,72.03,0
-83.46,-136.36,-2,2,72.03,0
-83.96,-135.87,-2,2,72.03,0
-84.58,-135.24,-2,2,72.03,0
-85.19,-134.64,-2,2,72.03,0
-86.0,-133.83,-2,2,72.03,0
-86.92,-132.9,-2,2,72.03,0
-87.62,-132.21,-2,2,72.03,0
-87.98,-131.84,-2,2,72.03,0
-88.86,-130.96,-2,2,72.03,0
-89.26,-130.57,-2,2,72.03,0
-90.12,-129.7,-2,2,72.03,0
-90.83,-129.0,-2,2,72.03,0
-91.33,-128.5,-2,2,72.03,0
-91.82,-128.0,-2,2,72.03,0
-92.31,-127.52,-2,2,72.03,0
-93.1,-126.72,-2,2,72.03,0
-93.61,-126.21,-2,2,72.03,0
-94.11,-125.72,-2,2,72.03,0
-94.85,-124.98,-2,2,72.03,0
-95.34,-124.49,-2,2,72.03,0
-96.06,-123.77,-2,2,72.03,0
-96.56,-123.27,-2,2,72.03,0
-97.1,-122.72,-2,2,72.03,0
-97.64,-122.19,-2,2,72.03,0
-98.41,-121.42,-2,2,72.03,0
-98.91,-120.92,-2,2,72.03,0
-99.4,-120.43,-2,2,72.03,0
-99.89,-119.94,-2,2,72.03,0
-100.41,-119.42,-2,2,72.03,0
-101.26,-118.57,-2,2,72.03,0
-101.67,-118.15,-2,2,72.03,0
-102.52,-117.3,-2,2,72.03,0
-102.99,-116.84,-2,2,72.03,0
-103.81,-116.01,-2,2,72.03,0
-104.52,-115.31,-2,2,72.03,0
-105.18,-114.64,-2,2,72.03,0
-105.84,-113.99,-2,2,72.03,0
-106.77,-113.06,-2,2,72.03,0
-107.55,-112.27,-2,2,72.03,0
-108.37,-111.45,-2,2,72.03,0
-108.98,-110.85,-2,2,72.03,0
-109.58,-110.24,-2,2,72.03,0
-110.23,-109.6,-2,2,72.03,0
-110.91,-108.92,-2,2,72.03,0
-111.76,-108.07,-2,2,72.03,0
-112.25,-107.58,-2,2,72.03,0
-112.97,-106.86,-2,2,72.03,0
-113.59,-106.24,-2,2,72.03,0
-114.2,-105.63,-2,2,72.03,0
-115.11,-104.72,-2,2,72.03,0
-115.71,-104.12,-2,2,72.03,0
-116.58,-103.25,-2,2,72.03,0
-116.94,-102.89,-2,2,72.03,0
-118.0,-101.82,-2,2,72.03,0
-118.85,-100.97,-2,2,72.03,0
-119.47,-100.36,-2,2,72.03,0
-120.24,-99.58,-2,2,72.03,0
-121.02,-98.81,-2,2,72.03,0
-121.62,-98.21,-2,2,72.03,0
-122.43,-97.4,-2,2,72.03,0
-123.2,-96.62,-2,2,72.03,0
-123.95,-95.87,-2,2,72.03,0
-124.45,-95.38,-2,2,72.03,0
-124.88,-94.95,-2,2,72.03,0
-125.42,-94.41,-2,2,72.03,0
-125.98,-93.85,-2,2,72.03,0
-126.93,-92.89,-2,2,72.03,0
-127.66,-92.17,-2,2,72.03,0
-128.64,-91.19,-2,2,72.03,0
-129.48,-90.34,-2,2,72.03,0
-130.16,-89.67,-2,2,72.03,0
-131.61,-88.22,-2,2,72.03,0
-131.97,-87.85,-2,2,72.03,0
-132.79,-87.04,-2,2,72.03,0
-133.27,-86.56,-2,2,72.03,0
-134.17,-85.66,-2,2,72.03,0
-134.89,-84.93,-2,2,72.03,0
-135.48,-84.35,-2,2,72.03,0
-135.97,-83.86,-2,2,72.03,0
-136.47,-83.36,-2,2,72.03,0
-136.83,-83.0,-2,2,72.03,0
-137.44,-82.39,-2,2,72.03,0
-138.24,-81.58,-2,2,72.03,0
-138.82,-81.0,-2,2,72.03,0
-139.53,-80.29,-2,2,72.03,0
-140.26,-79.57,-2,2,72.03,0
-140.65,-79.18,-2,2,72.03,0
-141.54,-78.29,-2,2,72.03,0
-142.21,-77.61,-2,2,72.03,0
-142.87,-76.96,-2,2,72.03,0
-143.5,-76.33,-2,2,72.03,0
-144.23,-75.6,-2,2,72.03,0
-144.84,-74.98,-2,2,72.03,0
-145.22,-74.61,-2,2,72.03,0
-146.13,-73.7,-2,2,72.03,0
-147.0,-72.83,-2,2,72.03,0
-147.53,-72.3,-2,2,72.03,0
-148.33,-71.5,-2,2,72.03,0
-148.98,-70.85,-2,2,72.03,0
-149.58,-70.25,-2,2,72.03,0
-150.84,-68.99,-2,2,72.03,0
-151.56,-68.26,-2,2,72.03,0
-152.05,-67.78,-2,2,72.03,0
-152.9,-66.93,-2,2,72.03,0
-153.54,-66.29,-2,2,72.03,0
-154.27,-65.55,-2,2,72.03,0
-154.76,-65.07,-2,2,72.03,0
-155.5,-64.33,-2,2,72.03,0
-156.0,-63.83,-2,2,72.03,0
-156.78,-63.05,-2,2,72.03,0
-157.5,-62.32,-2,2,72.03,0
-157.83,-61.99,-2,2,72.03,0
-158.75,-61.08,-2,2,72.03,0
-159.12,-60.71,-2,2,72.03,0
-159.67,-60.16,-2,2,72.03,0
-160.17,-59.65,-2,2,72.03,0
-160.72,-59.1,-2,2,72.03,0
-161.56,-58.27,-2,2,72.03,0
-162.19,-57.64,-2,2,72.03,0
-162.53,-57.3,-2,2,72.03,0
-163.39,-56.43,-2,2,72.03,0
-164.05,-55.78,-2,2,72.03,0
-164.68,-55.14,-2,2,72.03,0
-165.34,-54.49,-2,2,72.03,0
-165.97,-53.86,-2,2,72.03,0
-166.5,-53.33,-2,2,72.03,0
-167.06,-52.77,-2,2,72.03,0
-167.83,-52.0,-2,2,72.03,0
-168.54,-51.28,-2,2,72.03,0
-169.0,-50.82,-2,2,72.03,0
-169.46,-50.37,-2,2,72.03,0
-170.34,-49.48,-2,2,72.03,0
-170.94,-48.89,-2,2,72.03,0
-171.57,-48.26,-2,2,72.03,0
-171.97,-47.86,-2,2,72.03,0
-172.61,-47.22,-2,2,72.03,0
-173.21,-46.61,-2,2,72.03,0
-173.84,-45.98,-2,2,72.03,0
-174.45,-45.38,-2,2,72.03,0
-175.06,-44.76,-2,2,72.03,0
-175.68,-44.14,-2,2,72.03,0
-176.43,-43.4,-2,2,72.03,0
-177.19,-42.64,-2,2,72.03,0
-177.61,-42.21,-2,2,72.03,0
-178.12,-41.71,-2,2,72.03,0
-178.7,-41.12,-2,2,72.03,0
-179.76,-40.07,-2,2,72.03,0
-180.44,-39.39,-2,2,72.03,0
-180.88,-38.95,-2,2,72.03,0
-181.66,-38.17,-2,2,72.03,0
-182.07,-37.76,-2,2,72.03,0
-182.73,-37.1,-2,2,72.03,0
-183.48,-36.35,-2,2,72.03,0
-183.84,-35.99,-2,2,72.03,0
-184.45,-35.38,-2,2,72.03,0
-184.95,-34.88,-2,2,72.03,0
-185.57,-34.26,-2,2,72.03,0
-186.39,-33.44,-2,2,72.03,0
-186.72,-33.11,-2,2,72.03,0
-187.28,-32.55,-2,2,72.03,0
-187.92,-31.91,-2,2,72.03,0
-188.81,-31.01,-2,2,72.03,0
-189.18,-30.65,-2,2,72.03,0
-189.66,-30.16,-2,2,72.03,0
-190.16,-29.67,-2,2,72.03,0
-190.7,-29.13,-2,2,72.03,0
-191.35,-28.48,-2,2,72.03,0
-192.2,-27.63,-2,2,72.03,0
-192.62,-27.21,-2,2,72.03,0
-193.11,-26.72,-2,2,72.03,0
-194.01,-25.81,-2,2,72.03,0
-194.37,-25.45,-2,2,72.03,0
-194.88,-24.94,-2,2,72.03,0
-195.61,-24.22,-2,2,72.03,0
-196.03,-23.8,-2,2,72.03,0
-196.78,-23.05,-2,2,72.03,0
-197.21,-22.61,-2,2,72.03,0
-197.7,-22.13,-2,2,72.03,0
-198.41,-21.42,-2,2,72.03,0
-199.04,-20.79,-2,2,72.03,0
-199.82,-20.01,-2,2,72.03,0
-200.21,-19.62,-2,2,72.03,0
-200.97,-18.86,-2,2,72.03,0
-201.36,-18.47,-2,2,72.03,0
-202.18,-17.64,-2,2,72.03,0
-202.54,-17.29,-2,2,72.03,0
-203.19,-16.64,-2,2,72.03,0
-204.08,-15.75,-2,2,72.03,0
-204.69,-15.13,-2,2,72.03,0
-205.37,-14.46,-2,2,72.03,0
-206.05,-13.78,-2,2,72.03,0
-206.45,-13.38,-2,2,72.03,0
-207.18,-12.65,-2,2,72.03,0
-207.66,-12.17,-2,2,72.03,0
-208.03,-11.8,-2,2,72.03,0
-208.48,-11.34,-2,2,72.03,0
-209.09,-10.74,-2,2,72.03,0
-209.69,-10.13,-2,2,72.03,0
-210.55,-9.28,-2,2,72.03,0
-211.15,-8.67,-2,2,72.03,0
-211.51,-8.31,-2,2,72.03,0
-212.14,-7.68,-2,2,72.03,0
-212.92,-6.91,-2,2,72.03,0
-213.53,-6.3,-2,2,72.03,0
-214.23,-5.6,-2,2,72.03,0
-214.91,-4.92,-2,2,72.03,0
-215.53,-4.3,-2,2,72.03,0
-216.17,-3.65,-2,2,72.03,0
-216.75,-3.07,-2,2,72.03,0
-217.39,-2.44,-2,2,72.03,0
-217.97,-1.85,-2,2,72.03,0
-218.33,-1.5,-2,2,72.03,0
-219.26,-0.57,-2,2,72.03,0
-220.08,0.25,-2,2,72.03,0
-220.98,1.16,-2,2,72.03,0
-221.72,1.9,-2,2,72.03,0
-222.09,2.26,-2,2,72.03,0
-222.82,2.99,-2,2,72.03,0
-223.33,3.5,-2,2,72.03,0
-223.85,4.02,-2,2,72.03,0
-224.58,4.75,-2,2,72.03,0
-225.02,5.2,-2,2,72.03,0
-225.76,5.93,-2,2,72.03,0
-226.36,6.53,-2,2,72.03,0
-226.74,6.92,-2,2,72.03,0
-227.53,7.7,-2,2,72.03,0
-227.89,8.06,-2,2,72.03,0
-228.63,8.8,-2,2,72.03,0
-229.28,9.45,-2,2,72.03,0
-229.69,9.86,-2,2,72.03,0
-230.45,10.62,-2,2,72.03,0
-231.16,11.33,-2,2,72.03,0
-231.8,11.97,-2,2,72.03,0
-232.28,12.45,-2,2,72.03,0
-233.06,13.23,-2,2,72.03,0
-233.42,13.59,-2,2,72.03,0
-234.53,14.7,-2,2,72.03,0
-234.93,15.1,-2,2,72.03,0
-235.41,15.59,-2,2,72.03,0
-235.9,16.07,-2,2,72.03,0
-236.48,16.66,-2,2,72.03,0
-237.13,17.31,-2,2,72.03,0
-237.53,17.7,-2,2,72.03,0
-238.08,18.25,-2,2,72.03,0
-238.66,18.84,-2,2,72.03,0
-239.28,19.45,-2,2,72.03,0
-240.04,20.21,-2,2,72.03,0
-240.45,20.62,-2,2,72.03,0
-241.01,21.19,-2,2,72.03,0
-241.54,21.72,-2,2,72.03,0
-242.03,22.21,-2,2,72.03,0
-242.92,23.09,-2,2,72.03,0
-243.33,23.5,-2,2,72.03,0
-243.86,24.04,-2,2,72.03,0
-244.35,24.52,-2,2,72.03,0
-245.08,25.25,-2,2,72.03,0
-245.69,25.86,-2,2,72.03,0
-246.5,26.67,-2,2,72.03,0
-247.24,27.41,-2,2,72.03,0
-247.64,27.81,-2,2,72.03,0
-248.1,28.28,-2,2,72.03,0
-248.71,28.88,-2,2,72.03,0
-249.03,29.21,-2,2,72.03,0
-249.53,29.7,-2,2,72.03,0
-250.14,30.31,-2,2,72.03,0
-250.53,30.7,-2,2,72.03,0
-251.01,31.18,-2,2,72.03,0
-251.47,31.65,-2,2,72.03,0
-252.0,32.18,-2,2,72.03,0
-252.86,33.03,-2,2,72.03,0
-253.47,33.64,-2,2,72.03,0
-253.92,34.09,-2,2,72.03,0
-254.69,34.86,-2,2,72.03,0
-255.57,35.74,-2,2,72.03,0
-256.31,36.48,-2,2,72.03,0
-256.83,37.0,-2,2,72.03,0
-257.45,37.63,-2,2,72.03,0
-258.1,38.28,-2,2,72.03,0
-258.57,38.74,-2,2,72.03,0
-259.64,39.82,-2,2,72.03,0
-259.98,40.16,-2,2,72.03,0
-260.49,40.66,-2,2,72.03,0
-261.55,41.72,-2,2,72.03,0
-262.17,42.34,-2,2,72.03,0
-263.02,43.19,-2,2,72.03,0
-263.62,43.79,-2,2,72.03,0
-264.22,44.39,-2,2,72.03,0
-264.71,44.89,-2,2,72.03,0
-265.32,45.49,-2,2,72.03,0
-266.04,46.21,-2,2,72.03,0
-266.79,46.96,-2,2,72.03,0
-267.44,47.61,-2,2,72.03,0
-267.8,47.98,-2,2,72.03,0
-268.43,48.6,-2,2,72.03,0
-269.03,49.21,-2,2,72.03,0
-269.78,49.95,-2,2,72.03,0
-270.51,50.69,-2,2,72.03,0
-271.01,51.18,-2,2,72.03,0
-271.75,51.92,-2,2,72.03,0
-272.07,52.25,-2,2,72.03,0
-272.8,52.98,-2,2,72.03,0
-273.35,53.52,-2,2,72.03,0
-273.66,53.84,-2,2,72.03,0
-274.43,54.6,-2,2,72.03,0
-275.15,55.32,-2,2,72.03,0
-275.76,55.93,-2,2,72.03,0
-276.37,56.54,-2,2,72.03,0
-276.98,57.15,-2,2,72.03,0
-277.32,57.49,-2,2,72.03,0
-278.09,58.26,-2,2,72.03,0
-278.69,58.86,-2,2,72.03,0
-279.17,59.35,-2,2,72.03,0
-279.68,59.85,-2,2,72.03,0
-280.52,60.69,-2,2,72.03,0
-281.16,61.34,-2,2,72.03,0
-281.72,61.89,-2,2,72.03,0
-282.65,62.82,-2,2,72.03,0
-283.13,63.3,-2,2,72.03,0
-284.19,64.36,-2,2,72.03,0
-284.84,65.02,-2,2,72.03,0
-285.43,65.61,-2,2,72.03,0
-286.14,66.31,-2,2,72.03,0
-287.01,67.19,-2,2,72.03,0
-287.79,67.96,-2,2,72.03,0
-288.44,68.62,-2,2,72.03,0
-289.19,69.37,-2,2,72.03,0
-289.56,69.74,-2,2,72.03,0
-290.43,70.6,-2,2,72.03,0
-290.91,71.08,-2,2,72.03,0
-291.65,71.82,-2,2,72.03,0
-292.17,72.34,-2,2,72.03,0
-292.66,72.83,-2,2,72.03,0
-293.23,73.41,-2,2,72.03,0
-293.85,74.02,-2,2,72.03,0
-294.45,74.63,-2,2,72.03,0
-294.96,75.13,-2,2,72.03,0
-295.69,75.86,-2,2,72.03,0
-296.32,76.49,-2,2,72.03,0
-296.93,77.1,-2,2,72.03,0
-297.41,77.59,-2,2,72.03,0
-298.26,78.43,-2,2,72.03,0
-299.1,79.27,-2,2,72.03,0
-299.61,79.79,-2,2,72.03,0
-300.35,80.52,-2,2,72.03,0
-301.26,81.44,-2,2,72.03,0
-301.63,81.8,-2,2,72.03,0
-302.54,82.71,-2,2,72.03,0
-302.95,83.13,-2,2,72.03,0
-303.8,83.98,-2,2,72.03,0
-304.55,84.72,-2,2,72.03,0
-304.92,85.09,-2,2,72.03,0
-305.69,85.86,-2,2,72.03,0
-306.27,86.44,-2,2,72.03,0
-306.99,87.17,-2,2,72.03,0
-307.66,87.83,-2,2,72.03,0
-308.06,88.23,-2,2,72.03,0
-308.91,89.08,-2,2,72.03,0
-309.27,89.44,-2,2,72.03,0
-310.13,90.31,-2,2,72.03,0
-310.98,91.15,-2,2,72.03,0
-311.64,91.82,-2,2,72.03,0
-312.13,92.3,-2,2,72.03,0
-312.61,92.78,-2,2,72.03,0
-313.45,93.62,-2,2,72.03,0
-314.2,94.38,-2,2,72.03,0
-314.94,95.12,-2,2,72.03,0
-315.37,95.54,-2,2,72.03,0
-316.35,96.53,-2,2,72.03,0
-316.77,96.94,-2,2,72.03,0
-317.39,97.56,-2,2,72.03,0
-318.25,98.42,-2,2,72.03,0
-319.16,99.33,-2,2,72.03,0
-319.91,100.08,-2,2,72.03,0
-320.55,100.73,-2,2,72.03,0
-321.17,101.34,-2,2,72.03,0
-322.24,102.41,-2,2,72.03,0
-322.99,103.16,-2,2,72.03,0
-323.73,103.91,-2,2,72.03,0
-324.6,104.77,-2,2,72.03,0
-325.24,105.41,-2,2,72.03,0
-326.2,106.37,-2,2,72.03,0
-326.77,106.95,-2,2,72.03,0
-327.32,107.5,-2,2,72.03,0
-327.81,107.98,-2,2,72.03,0
-328.32,108.5,-2,2,72.03,0
-328.81,108.98,-2,2,72.03,0
-329.36,109.53,-2,2,72.03,0
-330.13,110.3,-2,2,72.03,0
-329.26,111.03,2,2,72.03,0
-328.54,111.76,2,2,72.03,0
-328.05,112.25,2,2,72.03,0
-327.31,112.99,2,2,72.03,0
-326.68,113.62,2,2,72.03,0
-326.19,114.11,2,2,72.03,0
-325.21,115.09,2,2,72.03,0
-324.61,115.69,2,2,72.03,0
-323.88,116.42,2,2,72.03,0
-323.37,116.93,2,2,72.03,0
-322.66,117.64,2,2,72.03,0
-322.05,118.25,2,2,72.03,0
-321.34,118.96,2,2,72.03,0
-320.58,119.72,2,2,72.03,0
-319.97,120.33,2,2,72.03,0
-319.42,120.88,2,2,72.03,0
-318.85,121.45,2,2,72.03,0
-318.01,122.29,2,2,72.03,0
-317.47,122.83,2,2,72.03,0
-317.01,123.29,2,2,72.03,0
-316.38,123.92,2,2,72.03,0
-315.74,124.56,2,2,72.03,0
-314.99,125.31,2,2,72.03,0
-314.48,125.82,2,2,72.03,0
-313.52,126.78,2,2,72.03,0
-312.84,127.46,2,2,72.03,0
-312.41,127.89,2,2,72.03,0
-311.82,128.48,2,2,72.03,0
-311.13,129.17,2,2,72.03,0
-310.65,129.65,2,2,72.03,0
-310.16,130.14,2,2,72.03,0
-309.47,130.83,2,2,72.03,0
-308.95,131.35,2,2,72.03,0
-308.09,132.21,2,2,72.03,0
-307.77,132.53,2,2,72.03,0
-306.97,133.33,2,2,72.03,0
-306.31,133.99,2,2,72.03,0
-305.7,134.6,2,2,72.03,0
-305.27,135.03,2,2,72.03,0
-304.48,135.82,2,2,72.03,0
-304.1,136.2,2,2,72.03,0
-303.21,137.09,2,2,72.03,0
-302.61,137.69,2,2,72.03,0
-301.94,138.36,2,2,72.03,0
-301.19,139.11,2,2,72.03,0
-300.62,139.68,2,2,72.03,0
-299.9,140.4,2,2,72.03,0
-299.25,141.05,2,2,72.03,0
-298.58,141.72,2,2,72.03,0
-297.76,142.54,2,2,72.03,0
-297.42,142.88,2,2,72.03,0
-296.51,143.79,2,2,72.03,0
-295.68,144.62,2,2,72.03,0
-295.29,145.01,2,2,72.03,0
-294.68,145.62,2,2,72.03,0
-293.91,146.39,2,2,72.03,0
-293.1,147.2,2,2,72.03,0
-292.25,148.05,2,2,72.03,0
-291.86,148.44,2,2,72.03,0
-291.18,149.12,2,2,72.03,0
-290.45,149.85,2,2,72.03,0
-289.83,150.47,2,2,72.03,0
-289.09,151.21,2,2,72.03,0
-288.4,151.9,2,2,72.03,0
-288.03,152.26,2,2,72.03,0
-287.15,153.15,2,2,72.03,0
-286.67,153.63,2,2,72.03,0
-286.15,154.15,2,2,72.03,0
-285.58,154.72,2,2,72.03,0
-285.06,155.23,2,2,72.03,0
-284.59,155.71,2,2,72.03,0
-284.09,156.21,2,2,72.03,0
-283.47,156.83,2,2,72.03,0
-282.98,157.32,2,2,72.03,0
-282.48,157.82,2,2,72.03,0
-281.58,158.72,2,2,72.03,0
-281.26,159.04,2,2,72.03,0
-280.65,159.65,2,2,72.03,0
-280.15,160.15,2,2,72.03,0
-279.41,160.89,2,2,72.03,0
-278.76,161.54,2,2,72.03,0
-278.02,162.28,2,2,72.03,0
-277.33,162.97,2,2,72.03,0
-276.69,163.61,2,2,72.03,0
-275.96,164.34,2,2,72.03,0
-275.33,164.97,2,2,72.03,0
-274.61,165.69,2,2,72.03,0
-273.77,166.53,2,2,72.03,0
-273.1,167.2,2,2,72.03,0
-272.37,167.93,2,2,72.03,0
-271.75,168.55,2,2,72.03,0
-271.12,169.18,2,2,72.03,0
-270.49,169.81,2,2,72.03,0
-269.55,170.75,2,2,72.03,0
-268.7,171.6,2,2,72.03,0
-268.13,172.17,2,2,72.03,0
-267.41,172.89,2,2,72.03,0
-266.57,173.73,2,2,72.03,0
-265.94,174.36,2,2,72.03,0
-265.18,175.12,2,2,72.03,0
-264.58,175.72,2,2,72.03,0
-264.21,176.09,2,2,72.03,0
-263.59,176.71,2,2,72.03,0
-263.1,177.2,2,2,72.03,0
-262.49,177.81,2,2,72.03,0
-261.89,178.41,2,2,72.03,0
-261.02,179.28,2,2,72.03,0
-260.41,179.89,2,2,72.03,0
-259.71,180.59,2,2,72.03,0
-259.03,181.27,2,2,72.03,0
-258.43,181.87,2,2,72.03,0
-257.74,182.56,2,2,72.03,0
-257.37,182.93,2,2,72.03,0
-256.8,183.5,2,2,72.03,0
-256.06,184.24,2,2,72.03,0
-255.41,184.89,2,2,72.03,0
-254.72,185.58,2,2,72.03,0
-253.93,186.37,2,2,72.03,0
-253.23,187.07,2,2,72.03,0
-252.57,187.73,2,2,72.03,0
-252.21,188.09,2,2,72.03,0
-251.74,188.56,2,2,72.03,0
-251.24,189.06,2,2,72.03,0
-250.69,189.61,2,2,72.03,0
-250.2,190.1,2,2,72.03,0
-249.47,190.83,2,2,72.03,0
-248.96,191.34,2,2,72.03,0
-248.59,191.71,2,2,72.03,0
-248.07,192.23,2,2,72.03,0
-247.44,192.86,2,2,72.03,0
-246.83,193.47,2,2,72.03,0
-245.87,194.43,2,2,72.03,0
-245.1,195.2,2,2,72.03,0
-244.41,195.89,2,2,72.03,0
-243.82,196.48,2,2,72.03,0
-243.14,197.16,2,2,72.03,0
-242.5,197.8,2,2,72.03,0
-241.88,198.42,2,2,72.03,0
-241.4,198.9,2,2,72.03,0
-240.97,199.33,2,2,72.03,0
-240.36,199.94,2,2,72.03,0
-239.48,200.82,2,2,72.03,0
-238.48,201.82,2,2,72.03,0
-237.82,202.48,2,2,72.03,0
-237.09,203.21,2,2,72.03,0
-236.28,204.02,2,2,72.03,0
-235.68,204.62,2,2,72.03,0
-234.8,205.5,2,2,72.03,0
-234.19,206.1,2,2,72.03,0
-233.47,206.83,2,2,72.03,0
-233.12,207.18,2,2,72.03,0
-232.57,207.73,2,2,72.03,0
-232.06,208.24,2,2,72.03,0
-231.29,209.01,2,2,72.03,0
-230.59,209.71,2,2,72.03,0
-229.87,210.43,2,2,72.03,0
-229.55,210.75,2,2,72.03,0
-228.84,211.46,2,2,72.03,0
-228.36,211.94,2,2,72.03,0
-227.73,212.57,2,2,72.03,0
-227.37,212.93,2,2,72.03,0
-226.83,213.47,2,2,72.03,0
-225.87,214.43,2,2,72.03,0
-225.57,214.73,2,2,72.03,0
-224.94,215.36,2,2,72.03,0
-224.33,215.97,2,2,72.03,0
-223.73,216.57,2,2,72.03,0
-223.13,217.17,2,2,72.03,0
-222.49,217.81,2,2,72.03,0
-221.58,218.72,2,2,72.03,0
-221.22,219.08,2,2,72.03,0
-220.21,220.09,2,2,72.03,0
-219.45,220.85,2,2,72.03,0
-218.81,221.49,2,2,72.03,0
-218.06,222.24,2,2,72.03,0
-217.57,222.73,2,2,72.03,0
-217.01,223.29,2,2,72.03,0
-216.01,224.29,2,2,72.03,0
-215.59,224.71,2,2,72.03,0
-215.1,225.2,2,2,72.03,0
-214.35,225.95,2,2,72.03,0
-213.76,226.54,2,2,72.03,0
-213.16,227.14,2,2,72.03,0
-212.83,227.47,2,2,72.03,0
-212.17,228.13,2,2,72.03,0
-211.68,228.62,2,2,72.03,0
-211.19,229.11,2,2,72.03,0
-210.83,229.47,2,2,72.03,0
-210.18,230.12,2,2,72.03,0
-209.45,230.85,2,2,72.03,0
-208.95,231.35,2,2,72.03,0
-208.46,231.84,2,2,72.03,0
-207.97,232.33,2,2,72.03,0
-207.48,232.82,2,2,72.03,0
-206.87,233.43,2,2,72.03,0
-206.19,234.11,2,2,72.03,0
-205.54,234.76,2,2,72.03,0
-204.87,235.43,2,2,72.03,0
-204.36,235.94,2,2,72.03,0
-204.02,236.28,2,2,72.03,0
-203.54,236.76,2,2,72.03,0
-202.69,237.61,2,2,72.03,0
-202.36,237.94,2,2,72.03,0
-201.51,238.79,2,2,72.03,0
-200.76,239.54,2,2,72.03,0
-200.33,239.97,2,2,72.03,0
-199.81,240.49,2,2,72.03,0
-198.91,241.39,2,2,72.03,0
-198.13,242.17,2,2,72.03,0
-197.71,242.59,2,2,72.03,0
-196.98,243.32,2,2,72.03,0
-196.26,244.04,2,2,72.03,0
-195.77,244.53,2,2,72.03,0
-195.0,245.3,2,2,72.03,0
-194.48,245.82,2,2,72.03,0
-193.71,246.59,2,2,72.03,0
-192.94,247.36,2,2,72.03,0
-192.32,247.98,2,2,72.03,0
-191.71,248.59,2,2,72.03,0
-191.22,249.08,2,2,72.03,0
-190.74,249.56,2,2,72.03,0
-189.76,250.54,2,2,72.03,0
-189.26,251.04,2,2,72.03,0
-188.76,251.54,2,2,72.03,0
-188.14,252.16,2,2,72.03,0
-187.6,252.7,2,2,72.03,0
-187.11,253.19,2,2,72.03,0
-186.63,253.67,2,2,72.03,0
-185.8,254.5,2,2,72.03,0
-185.45,254.85,2,2,72.03,0
-184.97,255.33,2,2,72.03,0
-184.4,255.9,2,2,72.03,0
-183.74,256.56,2,2,72.03,0
-183.3,257.0,2,2,72.03,0
-182.69,257.61,2,2,72.03,0
-181.93,258.37,2,2,72.03,0
-181.29,259.01,2,2,72.03,0
-180.57,259.73,2,2,72.03,0
-180.21,260.09,2,2,72.03,0
-179.58,260.72,2,2,72.03,0
-178.74,261.56,2,2,72.03,0
-178.35,261.95,2,2,72.03,0
-177.73,262.57,2,2,72.03,0
-177.33,262.97,2,2,72.03,0
-176.87,263.43,2,2,72.03,0
-176.24,264.06,2,2,72.03,0
-175.9,264.4,2,2,72.03,0
-175.29,265.01,2,2,72.03,0
-174.97,265.33,2,2,72.03,0
-174.36,265.94,2,2,72.03,0
-173.49,266.81,2,2,72.03,0
-173.0,267.3,2,2,72.03,0
-172.62,267.68,2,2,72.03,0
-172.16,268.14,2,2,72.03,0
-171.67,268.63,2,2,72.03,0
-170.95,269.35,2,2,72.03,0
-170.25,270.05,2,2,72.03,0
-169.54,270.76,2,2,72.03,0
-168.9,271.4,2,2,72.03,0
-168.4,271.9,2,2,72.03,0
-167.63,272.67,2,2,72.03,0
-166.86,273.44,2,2,72.03,0
-165.9,274.4,2,2,72.03,0
-164.82,275.48,2,2,72.03,0
-163.93,276.37,2,2,70.19,2
-162.93,277.37,2,2,68.09,2
-162.19,278.11,2,2,66.57,2
-161.6,278.7,2,2,65.33,2
-160.77,279.53,2,2,63.59,2
-160.04,280.26,2,2,62.09,2
-159.55,280.75,2,2,61.05,2
-158.85,281.45,2,2,59.6,2
-158.06,282.24,2,2,57.96,2
-157.54,282.76,2,2,56.88,2
-156.81,283.49,2,2,55.35,2
-156.08,284.22,2,2,53.83,2
-155.58,284.72,2,2,52.8,2
-154.82,285.48,2,2,51.21,2
-154.32,285.98,2,2,50.17,2
-153.47,286.83,2,2,48.39,2
-152.85,287.45,2,2,47.1,2
-152.36,287.94,2,2,46.07,2
-151.87,288.43,2,2,45.06,2
-150.95,289.35,2,2,43.14,2
-150.35,289.95,2,2,41.88,2
-149.62,290.68,2,2,40.38,2
-149.07,289.45,2,-2,39.23,2
-148.26,288.64,2,-2,37.55,2
-147.52,287.9,2,-2,36.0,2
-147.17,287.55,2,-2,35.27,2
-146.4,286.77,2,-2,33.66,2
-145.79,286.17,2,-2,32.4,2
-145.19,285.57,2,-2,31.15,2
-144.36,284.73,2,-2,29.41,2
-143.86,284.23,2,-2,28.37,2
-142.91,283.29,2,-2,26.4,2
-142.2,282.58,2,-2,24.92,2
-141.6,281.97,2,-2,23.66,2
-141.24,281.62,2,-2,22.92,2
-140.35,280.72,2,-2,21.05,2
-139.69,280.07,2,-2,19.68,2
-139.12,279.5,2,-2,18.51,2
-138.8,279.18,2,-2,17.83,2
-138.3,278.68,2,-2,16.8,2
-137.46,277.84,2,-2,15.03,2
-137.14,277.51,2,-2,14.36,2
-136.42,276.79,2,-2,12.86,2
-135.91,276.29,2,-2,11.81,2
-135.51,275.89,2,-2,10.97,2
-135.02,275.4,2,-2,9.96,2
-134.55,274.93,2,-2,8.98,2
-133.82,274.19,2,-2,7.45,2
-133.06,273.44,2,-2,5.87,2
-132.45,272.83,2,-2,4.6,2
-131.71,272.09,2,-2,3.06,2
-131.34,271.72,2,-2,2.3,2
-130.45,270.83,2,-2,0.43,2
-129.84,270.22,2,-2,-0.83,2
-128.9,269.28,2,-2,-2.79,2
-128.17,268.55,2,-2,-4.32,2
-127.3,267.68,2,-2,-6.12,2
-126.7,267.07,2,-2,-7.38,2
-125.93,266.3,2,-2,-8.99,2
-125.35,265.73,2,-2,-10.18,2
-124.74,265.12,2,-2,-11.46,2
-124.32,264.7,2,-2,-12.33,2
-123.57,263.95,2,-2,-13.9,2
-123.2,263.58,2,-2,-14.67,2
-122.69,263.07,2,-2,-15.72,2
-121.81,262.19,2,-2,-17.57,2
-121.14,261.51,2,-2,-18.97,2
-120.68,261.06,2,-2,-19.91,2
-119.96,260.33,2,-2,-21.43,2
-119.33,259.71,2,-2,-22.72,2
-118.97,259.35,2,-2,-23.47,2
-118.01,258.38,2,-2,-25.49,2
-117.53,257.91,2,-2,-26.48,2
-116.9,257.28,2,-2,-27.79,2
-116.31,256.69,2,-2,-29.03,2
-115.81,256.19,2,-2,-30.07,2
-115.08,255.46,2,-2,-31.58,2
-114.6,254.98,2,-2,-32.59,2
-113.74,254.12,2,-2,-34.37,2
-113.38,253.76,2,-2,-35.12,2
-112.65,253.02,2,-2,-36.66,2
-112.31,252.69,2,-2,-37.36,2
-111.66,252.04,2,-2,-38.71,2
-111.29,251.66,2,-2,-39.49,2
-110.41,250.79,2,-2,-41.31,2
-109.76,250.14,2,-2,-42.66,2
-109.16,249.54,2,-2,-43.92,2
-108.75,249.13,2,-2,-44.77,2
-108.03,248.4,2,-2,-46.28,2
-107.63,248.01,2,-2,-47.11,2
-106.86,247.24,2,-2,-48.7,2
-106.3,246.68,2,-2,-49.88,2
-105.94,246.32,2,-2,-50.63,2
-105.13,245.51,2,-2,-52.32,2
-104.6,244.98,2,-2,-53.41,2
-104.21,244.59,2,-2,-54.23,2
-103.6,243.97,2,-2,-55.51,2
-103.11,243.49,2,-2,-56.52,2
-102.51,242.89,2,-2,-57.77,2
-101.9,242.28,2,-2,-59.05,2
-101.36,241.73,2,-2,-60.18,2
-100.99,241.37,2,-2,-60.94,2
-100.38,240.76,2,-2,-62.22,2
-100.05,240.43,2,-2,-62.9,2
-99.31,239.69,2,-2,-64.44,2
-98.98,239.36,2,-2,-65.12,2
-98.25,238.63,2,-2,-66.64,2
-97.76,238.14,2,-2,-67.67,2
-97.15,237.53,2,-2,-68.94,2
-96.54,236.92,2,-2,-70.21,2
-96.17,236.55,2,-2,-70.98,2
-95.3,235.67,2,-2,-72.8,2
-94.93,235.31,2,-2,-72.8,0
-94.37,234.74,2,-2,-72.8,0
-93.65,234.03,2,-2,-72.8,0
-93.29,233.67,2,-2,-72.8,0
-92.48,232.86,2,-2,-72.8,0
-92.08,232.46,2,-2,-72.8,0
-91.4,231.78,2,-2,-72.8,0
-90.88,231.26,2,-2,-72.8,0
-90.39,230.77,2,-2,-72.8,0
-89.69,230.06,2,-2,-72.8,0
-89.08,229.46,2,-2,-72.8,0
-88.56,228.94,2,-2,-72.8,0
-88.1,228.47,2,-2,-72.8,0
-87.55,227.92,2,-2,-72.8,0
-87.06,227.43,2,-2,-72.8,0
-86.59,226.96,2,-2,-72.8,0
-85.8,226.17,2,-2,-72.8,0
-85.14,225.52,2,-2,-72.8,0
-84.74,225.12,2,-2,-72.8,0
-84.02,224.39,2,-2,-72.8,0
-83.6,223.97,2,-2,-72.8,0
-82.85,223.22,2,-2,-72.8,0
-82.42,222.8,2,-2,-72.8,0
-81.74,222.12,2,-2,-72.8,0
-81.11,221.48,2,-2,-72.8,0
-80.74,221.12,2,-2,-72.8,0
-80.24,220.62,2,-2,-72.8,0
-79.77,220.15,2,-2,-72.8,0
-79.28,219.66,2,-2,-72.8,0
-78.6,218.98,2,-2,-72.8,0
-78.16,218.53,2,-2,-72.8,0
-77.76,218.14,2,-2,-72.8,0
-76.88,217.25,2,-2,-72.8,0
-76.47,216.85,2,-2,-72.8,0
-75.87,216.25,2,-2,-72.8,0
-75.4,215.77,2,-2,-72.8,0
-74.93,215.31,2,-2,-72.8,0
-74.46,214.84,2,-2,-72.8,0
-73.94,214.32,2,-2,-72.8,0
-73.13,213.5,2,-2,-72.8,0
-72.54,212.91,2,-2,-72.8,0
-71.94,212.32,2,-2,-72.8,0
-71.15,211.52,2,-2,-72.8,0
-70.67,211.04,2,-2,-72.8,0
-69.91,210.29,2,-2,-72.8,0
-69.35,209.72,2,-2,-72.8,0
-69.0,209.38,2,-2,-72.8,0
-68.4,208.77,2,-2,-72.8,0
-67.72,208.1,2,-2,-72.8,0
-66.97,207.35,2,-2,-72.8,0
-66.64,207.02,2,-2,-72.8,0
-66.18,206.56,2,-2,-72.8,0
-65.51,205.89,2,-2,-72.8,0
-65.16,205.53,2,-2,-72.8,0
-64.72,205.1,2,-2,-72.8,0
-64.08,204.46,2,-2,-72.8,0
-63.59,203.97,2,-2,-72.8,0
-62.99,203.36,2,-2,-72.8,0
-62.62,203.0,2,-2,-72.8,0
-61.84,202.21,2,-2,-72.8,0
-61.35,201.73,2,-2,-72.8,0
-60.74,201.12,2,-2,-72.8,0
-60.25,200.63,2,-2,-72.8,0
-59.63,200.01,2,-2,-72.8,0
-59.01,199.39,2,-2,-72.8,0
-58.05,198.42,2,-2,-72.8,0
-57.63,198.01,2,-2,-72.8,0
-57.01,197.38,2,-2,-72.8,0
-56.14,196.51,2,-2,-72.8,0
-55.65,196.03,2,-2,-72.8,0
-54.76,195.13,2,-2,-72.8,0
-54.1,194.48,2,-2,-72.8,0
-53.42,193.8,2,-2,-72.8,0
-53.0,193.37,2,-2,-72.8,0
-52.39,192.77,2,-2,-72.8,0
-51.69,192.07,2,-2,-72.8,0
-51.04,191.41,2,-2,-72.8,0
-50.72,191.1,2,-2,-72.8,0
-50.2,190.58,2,-2,-72.8,0
-49.5,189.87,2,-2,-72.8,0
-48.87,189.25,2,-2,-72.8,0
-48.02,188.4,2,-2,-72.8,0
-47.62,188.0,2,-2,-72.8,0
-46.92,187.3,2,-2,-72.8,0
-46.46,186.84,2,-2,-72.8,0
-45.71,186.09,2,-2,-72.8,0
-45.39,185.77,2,-2,-72.8,0
-44.78,185.16,2,-2,-72.8,0
-43.86,184.24,2,-2,-72.8,0
-43.38,183.76,2,-2,-72.8,0
-42.79,183.17,2,-2,-72.8,0
-41.88,182.26,2,-2,-72.8,0
-41.32,181.7,2,-2,-72.8,0
-40.96,181.34,2,-2,-72.8,0
-40.49,180.86,2,-2,-72.8,0
-40.03,180.41,2,-2,-72.8,0
-39.52,179.89,2,-2,-72.8,0
-39.01,179.39,2,-2,-72.8,0
-38.42,178.8,2,-2,-72.8,0
-37.6,177.98,2,-2,-72.8,0
-37.18,177.55,2,-2,-72.8,0
-36.33,176.71,2,-2,-72.8,0
-35.95,176.33,2,-2,-72.8,0
-35.3,175.68,2,-2,-72.8,0
-34.54,174.92,2,-2,-72.8,0
-33.71,174.09,2,-2,-72.8,0
-33.35,173.73,2,-2,-72.8,0
-32.43,172.81,2,-2,-72.8,0
-32.05,172.43,2,-2,-72.8,0
-31.43,171.81,2,-2,-72.8,0
-30.82,171.2,2,-2,-72.8,0
-29.95,170.33,2,-2,-72.8,0
-29.62,170.0,2,-2,-72.8,0
-29.01,169.39,2,-2,-72.8,0
-28.46,168.84,2,-2,-72.8,0
-27.86,168.23,2,-2,-72.8,0
-27.52,167.9,2,-2,-72.8,0
-27.07,167.44,2,-2,-72.8,0
-26.64,167.02,2,-2,-72.8,0
-26.09,166.46,2,-2,-72.8,0
-25.47,165.85,2,-2,-72.8,0
-25.13,165.5,2,-2,-72.8,0
-24.52,164.9,2,-2,-72.8,0
-24.04,164.42,2,-2,-72.8,0
-23.53,163.91,2,-2,-72.8,0
-23.21,163.58,2,-2,-72.8,0
-22.61,162.98,2,-2,-72.8,0
-22.02,162.4,2,-2,-72.8,0
-21.37,161.75,2,-2,-72.8,0
-20.88,161.25,2,-2,-72.8,0
-20.37,160.75,2,-2,-72.8,0
-19.5,159.88,2,-2,-72.8,0
-19.14,159.52,2,-2,-72.8,0
-18.54,158.91,2,-2,-72.8,0
-17.76,158.14,2,-2,-72.8,0
-17.0,157.38,2,-2,-72.8,0
-16.68,157.06,2,-2,-72.8,0
-16.08,156.46,2,-2,-72.8,0
-15.6,155.98,2,-2,-72.8,0
-15.12,155.5,2,-2,-72.8,0
-14.67,155.05,2,-2,-72.8,0
-13.92,154.3,2,-2,-72.8,0
-13.32,153.7,2,-2,-72.8,0
-12.65,153.03,2,-2,-72.8,0
-12.17,152.54,2,-2,-72.8,0
-11.52,151.9,2,-2,-72.8,0
-10.67,151.05,2,-2,-72.8,0
-9.95,150.33,2,-2,-72.8,0
-9.37,149.75,2,-2,-72.8,0
-8.74,149.12,2,-2,-72.8,0
-8.4,148.78,2,-2,-72.8,0
-7.69,148.07,2,-2,-72.8,0
-7.2,147.58,2,-2,-72.8,0
-6.84,147.22,2,-2,-72.8,0
-6.24,146.62,2,-2,-72.8,0
-5.4,145.77,2,-2,-72.8,0
-4.91,145.29,2,-2,-72.8,0
-4.55,144.92,2,-2,-72.8,0
-3.82,144.19,2,-2,-72.8,0
-3.33,143.71,2,-2,-72.8,0
-2.6,142.98,2,-2,-72.8,0
-2.11,142.49,2,-2,-72.8,0
-1.38,141.76,2,-2,-72.8,0
-0.66,141.04,2,-2,-72.8,0
-0.35,140.73,2,-2,-72.8,0
0.13,140.24,2,-2,-72.8,0
0.63,139.75,2,-2,-72.8,0
1.39,138.99,2,-2,-72.8,0
2.12,138.26,2,-2,-72.8,0
2.62,137.76,2,-2,-72.8,0
3.34,137.04,2,-2,-72.8,0
4.06,136.31,2,-2,-72.8,0
4.43,135.95,2,-2,-72.8,0
5.03,135.35,2,-2,-72.8,0
5.53,134.84,2,-2,-72.8,0
6.44,133.94,2,-2,-72.8,0
6.84,133.53,2,-2,-72.8,0
7.47,132.91,2,-2,-72.8,0
8.09,132.29,2,-2,-72.8,0
8.42,131.96,2,-2,-72.8,0
9.06,131.32,2,-2,-72.8,0
9.38,130.99,2,-2,-72.8,0
10.08,130.3,2,-2,-72.8,0
10.63,129.74,2,-2,-72.8,0
11.13,129.25,2,-2,-72.8,0
11.62,128.76,2,-2,-72.8,0
12.11,128.27,2,-2,-72.8,0
12.85,127.53,2,-2,-72.8,0
13.46,126.92,2,-2,-72.8,0
13.95,126.43,2,-2,-72.8,0
14.69,125.69,2,-2,-72.8,0
15.18,125.2,2,-2,-72.8,0
15.9,124.48,2,-2,-72.8,0
16.66,123.72,2,-2,-72.8,0
17.39,122.98,2,-2,-72.8,0
17.88,122.5,2,-2,-72.8,0
18.61,121.77,2,-2,-72.8,0
19.11,121.26,2,-2,-72.8,0
19.85,120.53,2,-2,-72.8,0
20.34,120.04,2,-2,-72.8,0
21.11,119.27,2,-2,-72.8,0
21.71,118.67,2,-2,-72.8,0
22.34,118.04,2,-2,-72.8,0
23.03,117.35,2,-2,-72.8,0
23.62,116.76,2,-2,-72.8,0
23.98,116.4,2,-2,-72.8,0
24.6,115.78,2,-2,-72.8,0
25.25,115.13,2,-2,-72.8,0
25.87,114.51,2,-2,-72.8,0
26.53,113.85,2,-2,-72.8,0
27.26,113.12,2,-2,-72.8,0
27.57,112.81,2,-2,-72.8,0
28.07,112.31,2,-2,-72.8,0
28.68,111.7,2,-2,-72.8,0
29.17,111.21,2,-2,-72.8,0
29.71,110.67,2,-2,-72.8,0
30.48,109.9,2,-2,-72.8,0
31.2,109.18,2,-2,-72.8,0
31.84,108.54,2,-2,-72.8,0
32.45,107.93,2,-2,-72.8,0
33.12,107.26,2,-2,-72.8,0
33.55,106.83,2,-2,-72.8,0
34.3,106.07,2,-2,-72.8,0
34.98,105.4,2,-2,-72.8,0
35.76,104.62,2,-2,-72.8,0
36.1,104.28,2,-2,-72.8,0
36.7,103.67,2,-2,-72.8,0
37.25,103.13,2,-2,-72.8,0
37.73,102.65,2,-2,-72.8,0
38.62,101.76,2,-2,-72.8,0
39.11,101.27,2,-2,-72.8,0
39.83,100.55,2,-2,-72.8,0
40.62,99.76,2,-2,-72.8,0
41.11,99.27,2,-2,-72.8,0
41.88,98.5,2,-2,-72.8,0
42.61,97.77,2,-2,-72.8,0
43.1,97.28,2,-2,-72.8,0
43.64,96.74,2,-2,-72.8,0
44.37,96.01,2,-2,-72.8,0
44.73,95.65,2,-2,-72.8,0
45.21,95.17,2,-2,-72.8,0
45.66,94.72,2,-2,-72.8,0
46.56,93.81,2,-2,-72.8,0
46.91,93.47,2,-2,-72.8,0
47.53,92.85,2,-2,-72.8,0
48.01,92.37,2,-2,-72.8,0
48.59,91.79,2,-2,-72.8,0
49.35,91.03,2,-2,-72.8,0
50.07,90.31,2,-2,-72.8,0
50.66,89.72,2,-2,-72.8,0
51.26,89.12,2,-2,-72.8,0
51.62,88.76,2,-2,-72.8,0
52.56,87.82,2,-2,-72.8,0
53.22,87.16,2,-2,-72.8,0
53.8,86.58,2,-2,-72.8,0
54.16,86.22,2,-2,-72.8,0
54.67,85.71,2,-2,-72.8,0
55.57,84.81,2,-2,-72.8,0
55.99,84.39,2,-2,-72.8,0
57.01,83.36,2,-2,-72.8,0
57.59,82.78,2,-2,-72.8,0
58.25,82.13,2,-2,-72.8,0
58.98,81.4,2,-2,-72.8,0
59.34,81.03,2,-2,-72.8,0
60.07,80.31,2,-2,-72.8,0
60.42,79.95,2,-2,-72.8,0
61.36,79.02,2,-2,-72.8,0
61.97,78.41,2,-2,-72.8,0
62.62,77.76,2,-2,-72.8,0
62.98,77.4,2,-2,-72.8,0
63.87,76.51,2,-2,-72.8,0
64.23,76.15,2,-2,-72.8,0
64.88,75.5,2,-2,-72.8,0
65.48,74.9,2,-2,-72.8,0
66.08,74.29,2,-2,-72.8,0
66.75,73.63,2,-2,-72.8,0
67.18,73.2,2,-2,-72.8,0
67.69,72.69,2,-2,-72.8,0
68.28,72.1,2,-2,-72.8,0
68.92,71.46,2,-2,-72.8,0
69.77,70.61,2,-2,-72.8,0
70.48,69.9,2,-2,-72.8,0
71.04,69.34,2,-2,-72.8,0
71.45,68.92,2,-2,-72.8,0
72.05,68.32,2,-2,-72.8,0
72.69,67.69,2,-2,-72.8,0
73.22,67.16,2,-2,-72.8,0
74.22,66.16,2,-2,-72.8,0
74.58,65.8,2,-2,-72.8,0
75.23,65.15,2,-2,-72.8,0
76.14,64.24,2,-2,-72.8,0
76.79,63.59,2,-2,-72.8,0
77.14,63.24,2,-2,-72.8,0
78.08,62.3,2,-2,-72.8,0
78.4,61.98,2,-2,-72.8,0
78.94,61.44,2,-2,-72.8,0
79.55,60.83,2,-2,-72.8,0
80.22,60.16,2,-2,-72.8,0
80.83,59.55,2,-2,-72.8,0
81.52,58.86,2,-2,-72.8,0
82.01,58.37,2,-2,-72.8,0
82.49,57.89,2,-2,-72.8,0
83.19,57.19,2,-2,-72.8,0
83.8,56.58,2,-2,-72.8,0
84.28,56.09,2,-2,-72.8,0
84.64,55.74,2,-2,-72.8,0
85.17,55.21,2,-2,-72.8,0
85.64,54.74,2,-2,-72.8,0
86.35,54.03,2,-2,-72.8,0
86.84,53.54,2,-2,-72.8,0
87.57,52.81,2,-2,-72.8,0
87.99,52.39,2,-2,-72.8,0
88.5,51.88,2,-2,-72.8,0
88.97,51.41,2,-2,-72.8,0
89.5,50.88,2,-2,-72.8,0
90.26,50.12,2,-2,-72.8,0
91.0,49.38,2,-2,-72.8,0
91.59,48.78,2,-2,-72.8,0
91.95,48.43,2,-2,-72.8,0
92.74,47.63,2,-2,-72.8,0
93.12,47.26,2,-2,-72.8,0
93.63,46.74,2,-2,-72.8,0
94.37,46.01,2,-2,-72.8,0
95.06,45.32,2,-2,-72.8,0
95.7,44.68,2,-2,-72.8,0
96.22,44.16,2,-2,-72.8,0
96.91,43.47,2,-2,-72.8,0
97.36,43.02,2,-2,-72.8,0
97.99,42.38,2,-2,-72.8,0
98.71,41.67,2,-2,-72.8,0
99.43,40.95,2,-2,-72.8,0
100.11,40.27,2,-2,-72.8,0
100.51,39.87,2,-2,-72.8,0
101.15,39.23,2,-2,-72.8,0
101.88,38.5,2,-2,-72.8,0
102.55,37.83,2,-2,-72.8,0
102.97,37.41,2,-2,-72.8,0
103.59,36.79,2,-2,-72.8,0
104.07,36.31,2,-2,-72.8,0
104.8,35.58,2,-2,-72.8,0
105.57,34.8,2,-2,-72.8,0
106.36,34.02,2,-2,-72.8,0
107.2,33.18,2,-2,-72.8,0
107.85,32.53,2,-2,-72.8,0
108.48,31.9,2,-2,-72.8,0
109.18,31.2,2,-2,-72.8,0
109.57,30.81,2,-2,-72.8,0
110.11,30.27,2,-2,-72.8,0
110.67,29.71,2,-2,-72.8,0
111.38,29.0,2,-2,-72.8,0
111.95,28.43,2,-2,-72.8,0
112.55,27.83,2,-2,-72.8,0
113.12,27.26,2,-2,-72.8,0
113.93,26.45,2,-2,-72.8,0
114.7,25.68,2,-2,-72.8,0
115.08,25.3,2,-2,-72.8,0
115.9,24.48,2,-2,-72.8,0
116.52,23.86,2,-2,-72.8,0
117.01,23.36,2,-2,-72.8,0
117.37,23.0,2,-2,-72.8,0
118.0,22.38,2,-2,-72.8,0
118.71,21.66,2,-2,-72.8,0
119.33,21.04,2,-2,-72.8,0
119.82,20.56,2,-2,-72.8,0
120.16,20.22,2,-2,-72.8,0
120.64,19.74,2,-2,-72.8,0
121.13,19.25,2,-2,-72.8,0
121.58,18.8,2,-2,-72.8,0
122.06,18.32,2,-2,-72.8,0
122.55,17.83,2,-2,-72.8,0
122.99,17.39,2,-2,-72.8,0
123.44,16.94,2,-2,-72.8,0
124.05,16.32,2,-2,-72.8,0
124.42,15.96,2,-2,-72.8,0
124.88,15.49,2,-2,-72.8,0
125.35,15.02,2,-2,-72.8,0
125.81,14.56,2,-2,-72.8,0
126.33,14.05,2,-2,-72.8,0
126.91,13.47,2,-2,-72.8,0
127.23,13.15,2,-2,-72.8,0
127.67,12.71,2,-2,-72.8,0
128.14,12.24,2,-2,-72.8,0
128.61,11.77,2,-2,-72.8,0
129.41,10.97,2,-2,-72.8,0
130.05,10.32,2,-2,-72.8,0
130.37,10.01,2,-2,-72.8,0
130.91,9.47,2,-2,-72.8,0
131.64,8.74,2,-2,-72.8,0
132.01,8.37,2,-2,-72.8,0
132.64,7.74,2,-2,-72.8,0
133.14,7.24,2,-2,-72.8,0
133.63,6.75,2,-2,-72.8,0
134.34,6.04,2,-2,-72.8,0
134.74,5.64,2,-2,-72.8,0
135.22,5.16,2,-2,-72.8,0
136.18,4.2,2,-2,-72.8,0
136.97,3.41,2,-2,-72.8,0
137.74,2.64,2,-2,-72.8,0
138.46,1.91,2,-2,-72.8,0
138.83,1.55,2,-2,-72.8,0
139.45,0.93,2,-2,-72.8,0
139.95,0.43,2,-2,-72.8,0
140.49,-0.11,2,-2,-72.8,0
141.25,-0.88,2,-2,-72.8,0
141.6,-1.22,2,-2,-72.8,0
142.2,-1.82,2,-2,-72.8,0
142.79,-2.42,2,-2,-72.8,0
143.28,-2.91,2,-2,-72.8,0
143.79,-3.41,2,-2,-72.8,0
144.39,-4.01,2,-2,-72.8,0
144.74,-4.36,2,-2,-72.8,0
145.25,-4.87,2,-2,-72.8,0
145.99,-5.61,2,-2,-72.8,0
146.69,-6.31,2,-2,-72.8,0
147.06,-6.68,2,-2,-72.8,0
147.61,-7.24,2,-2,-72.8,0
148.23,-7.85,2,-2,-72.8,0
148.69,-8.31,2,-2,-72.8,0
149.41,-9.04,2,-2,-72.8,0
150.08,-9.7,2,-2,-72.8,0
151.04,-10.66,2,-2,-72.8,0
151.52,-11.14,2,-2,-72.8,0
152.34,-11.96,2,-2,-72.8,0
153.15,-12.78,2,-2,-72.8,0
153.57,-13.19,2,-2,-72.8,0
154.44,-14.07,2,-2,-72.8,0
155.36,-14.98,2,-2,-72.8,0
155.97,-15.6,2,-2,-72.8,0
156.65,-16.28,2,-2,-72.8,0
157.01,-16.64,2,-2,-72.8,0
157.64,-17.26,2,-2,-72.8,0
158.45,-18.07,2,-2,-72.8,0
158.92,-18.54,2,-2,-72.8,0
159.41,-19.03,2,-2,-72.8,0
159.9,-19.52,2,-2,-72.8,0
160.38,-20.01,2,-2,-72.8,0
160.88,-20.5,2,-2,-72.8,0
161.38,-21.0,2,-2,-72.8,0
162.11,-21.73,2,-2,-72.8,0
162.72,-22.34,2,-2,-72.8,0
163.33,-22.95,2,-2,-72.8,0
163.82,-23.44,2,-2,-72.8,0
164.3,-23.92,2,-2,-72.8,0
164.79,-24.42,2,-2,-72.8,0
165.4,-25.03,2,-2,-72.8,0
166.09,-25.72,2,-2,-72.8,0
166.82,-26.44,2,-2,-72.8,0
167.18,-26.8,2,-2,-72.8,0
168.03,-27.66,2,-2,-72.8,0
168.71,-28.33,2,-2,-72.8,0
169.43,-29.05,2,-2,-72.8,0
170.04,-29.66,2,-2,-72.8,0
170.5,-30.12,2,-2,-72.8,0
171.24,-30.86,2,-2,-72.8,0
171.79,-31.41,2,-2,-72.8,0
172.63,-32.25,2,-2,-72.8,0
173.17,-32.8,2,-2,-72.8,0
174.07,-33.69,2,-2,-72.8,0
174.67,-34.29,2,-2,-72.8,0
175.35,-34.97,2,-2,-72.8,0
175.91,-35.54,2,-2,-72.8,0
176.55,-36.17,2,-2,-72.8,0
177.15,-36.77,2,-2,-72.8,0
178.06,-37.69,2,-2,-72.8,0
178.82,-38.44,2,-2,-72.8,0
179.37,-39.0,2,-2,-72.8,0
179.73,-39.36,2,-2,-72.8,0
180.51,-40.14,2,-2,-72.8,0
181.24,-40.86,2,-2,-72.8,0
182.24,-41.86,2,-2,-72.8,0
182.84,-42.46,2,-2,-72.8,0
183.65,-43.27,2,-2,-74.48,2
184.32,-43.95,2,-2,-75.89,2
184.96,-44.58,2,-2,-77.22,2
185.63,-45.26,2,-2,-78.62,2
186.3,-45.93,2,-2,-80.02,2
186.78,-46.41,2,-2,-81.02,2
187.58,-47.2,2,-2,-82.67,2
188.47,-48.09,2,-2,-84.53,2
188.87,-48.49,2,-2,-85.36,2
189.87,-49.5,2,-2,-87.46,2
190.46,-50.08,2,-2,-88.67,2
191.18,-50.8,2,-2,-90.18,2
191.91,-51.53,2,-2,-91.69,2
192.77,-52.39,2,-2,-93.48,2
193.11,-52.73,2,-2,-94.19,2
193.63,-53.25,2,-2,-95.28,2
194.35,-53.97,2,-2,-96.77,2
194.71,-54.33,2,-2,-97.53,2
195.44,-55.06,2,-2,-99.04,2
195.76,-55.38,2,-2,-99.71,2
196.37,-55.99,2,-2,-100.99,2
196.98,-56.6,2,-2,-102.25,2
197.46,-57.09,2,-2,-103.27,2
198.2,-57.82,2,-2,-104.79,2
198.64,-58.27,2,-2,-105.73,2
199.36,-58.99,2,-2,-107.23,2
199.85,-59.47,2,-2,-108.24,2
200.34,-59.96,2,-2,-109.25,2
200.89,-60.52,2,-2,-110.41,2
201.62,-61.24,2,-2,-111.93,2
202.25,-61.87,2,-2,-113.23,2
202.87,-62.49,2,-2,-114.53,2
203.6,-63.22,2,-2,-116.06,2
204.11,-63.73,2,-2,-117.1,2
204.47,-64.09,2,-2,-117.87,2
204.96,-64.58,2,-2,-118.88,2
205.63,-65.25,2,-2,-120.27,2
206.56,-66.18,2,-2,-122.22,2
207.52,-67.14,2,-2,-124.22,2
208.25,-67.87,2,-2,-125.74,2
208.74,-68.36,2,-2,-126.76,2
209.22,-68.84,2,-2,-127.76,2
210.12,-69.74,2,-2,-129.64,2
210.85,-70.47,2,-2,-131.16,2
211.46,-71.08,2,-2,-132.43,2
212.2,-71.82,2,-2,-133.97,2
212.58,-72.2,2,-2,-134.75,2
213.3,-72.92,2,-2,-136.26,2
213.93,-73.56,2,-2,-137.58,2
214.57,-74.19,2,-2,-138.9,2
215.17,-74.79,2,-2,-140.15,2
215.95,-75.57,2,-2,-141.77,2
216.29,-75.91,2,-2,-142.48,2
217.03,-76.65,2,-2,-144.02,2
217.75,-77.38,2,-2,-145.54,2
218.24,-77.86,2,-2,-146.55,2
218.98,-78.6,2,-2,-148.1,2
219.5,-79.12,2,-2,-149.17,2
220.35,-79.97,2,-2,-150.95,2
220.71,-80.34,2,-2,-151.71,2
221.39,-81.01,2,-2,-153.11,2
222.11,-81.73,2,-2,-154.61,2
222.6,-82.22,2,-2,-155.63,2
223.36,-82.98,2,-2,-157.22,2
223.84,-83.46,2,-2,-158.22,2
224.61,-84.23,2,-2,-159.82,2
224.97,-84.59,2,-2,-160.58,2
225.7,-85.33,2,-2,-162.1,2
226.71,-86.33,2,-2,-164.19,2
227.41,-87.03,2,-2,-165.65,2
228.02,-87.64,2,-2,-166.93,2
228.62,-88.24,2,-2,-168.17,2
229.4,-89.03,2,-2,-169.81,2
230.22,-89.85,2,-2,-171.52,2
230.91,-90.53,2,-2,-172.95,2
231.52,-91.15,2,-2,-174.23,2
231.93,-91.55,2,-2,-175.06,2
232.54,-92.16,2,-2,-176.34,2
233.04,-92.66,2,-2,-177.39,2
233.5,-93.12,2,-2,-178.35,2
233.99,-93.61,2,-2,-179.37,2
234.64,-94.26,2,-2,-180.72,2
235.14,-94.76,2,-2,-181.76,2
235.61,-95.23,2,-2,-182.73,2
236.07,-95.69,2,-2,-183.69,2
236.81,-96.44,2,-2,-185.24,2
237.46,-97.08,2,-2,-186.59,2
238.06,-97.68,2,-2,-187.85,2
238.93,-98.55,2,-2,-189.65,2
239.61,-99.24,2,-2,-191.08,2
240.21,-99.83,2,-2,-192.32,2
240.72,-100.34,2,-2,-193.38,2
241.6,-101.22,2,-2,-195.22,2
242.33,-101.95,2,-2,-196.73,2
242.93,-102.55,2,-2,-197.99,2
243.55,-103.18,2,-2,-199.29,2
244.31,-103.93,2,-2,-200.86,2
245.08,-104.7,2,-2,-202.47,2
245.81,-105.43,2,-2,-203.98,2
246.44,-106.07,2,-2,-205.31,2
246.83,-106.46,2,-2,-206.12,2
247.66,-107.28,2,-2,-207.84,2
248.27,-107.89,2,-2,-209.11,2
248.97,-108.59,2,-2,-210.57,2
249.39,-109.01,2,-2,-211.45,2
250.12,-109.74,2,-2,-212.97,2
250.46,-110.08,2,-2,-213.67,2
251.5,-111.12,2,-2,-215.85,2
251.86,-111.48,2,-2,-216.6,2
252.38,-112.0,2,-2,-217.67,2
252.99,-112.61,2,-2,-218.95,2
253.88,-113.51,2,-2,-220.81,2
254.57,-114.2,2,-2,-222.24,2
255.42,-115.05,2,-2,-224.02,2
255.78,-115.4,2,-2,-224.75,2
256.31,-115.93,2,-2,-225.86,2
256.82,-116.44,2,-2,-226.93,2
257.68,-117.31,2,-2,-228.73,2
258.36,-117.98,2,-2,-230.13,2
258.88,-118.5,2,-2,-231.22,2
259.75,-119.37,2,-2,-233.03,2
260.42,-120.05,2,-2,-234.44,2
260.82,-120.44,2,-2,-235.26,2
262.09,-121.71,2,-2,-235.26,0
262.63,-122.25,2,-2,-235.26,0
263.39,-123.01,2,-2,-235.26,0
263.75,-123.37,2,-2,-235.26,0
264.69,-124.31,2,-2,-235.26,0
265.29,-124.91,2,-2,-235.26,0
265.72,-125.34,2,-2,-235.26,0
266.36,-125.98,2,-2,-235.26,0
266.97,-126.59,2,-2,-235.26,0
267.74,-127.37,2,-2,-235.26,0
268.35,-127.97,2,-2,-235.26,0
268.95,-128.57,2,-2,-235.26,0
269.67,-129.29,2,-2,-235.26,0
270.36,-129.99,2,-2,-235.26,0
271.03,-130.65,2,-2,-235.26,0
271.71,-131.33,2,-2,-235.26,0
272.25,-131.87,2,-2,-235.26,0
272.94,-132.56,2,-2,-235.26,0
273.61,-133.24,2,-2,-235.26,0
274.04,-133.67,2,-2,-235.26,0
274.69,-134.31,2,-2,-235.26,0
275.05,-134.67,2,-2,-235.26,0
275.68,-135.3,2,-2,-235.26,0
276.02,-135.64,2,-2,-235.26,0
276.5,-136.12,2,-2,-235.26,0
276.98,-136.61,2,-2,-235.26,0
277.76,-137.38,2,-2,-235.26,0
278.3,-137.92,2,-2,-235.26,0
278.84,-138.46,2,-2,-235.26,0
279.41,-139.04,2,-2,-235.26,0
279.89,-139.51,2,-2,-235.26,0
280.64,-140.26,2,-2,-235.26,0
281.37,-140.99,2,-2,-235.26,0
282.05,-141.67,2,-2,-235.26,0
282.49,-142.11,2,-2,-235.26,0
282.98,-142.6,2,-2,-235.26,0
283.59,-143.21,2,-2,-235.26,0
283.92,-143.54,2,-2,-235.26,0
284.42,-144.04,2,-2,-235.26,0
284.86,-144.48,2,-2,-235.26,0
285.36,-144.98,2,-2,-235.26,0
286.22,-145.84,2,-2,-235.26,0
286.7,-146.33,2,-2,-235.26,0
287.41,-147.04,2,-2,-235.26,0
287.78,-147.4,2,-2,-235.26,0
288.29,-147.91,2,-2,-235.26,0
289.12,-148.74,2,-2,-235.26,0
289.71,-149.33,2,-2,-235.26,0
290.31,-149.93,2,-2,-235.26,0
290.68,-150.31,2,-2,-235.26,0
291.44,-151.06,2,-2,-235.26,0
291.92,-151.55,2,-2,-235.26,0
292.29,-151.91,2,-2,-235.26,0
292.91,-152.53,2,-2,-235.26,0
293.3,-152.92,2,-2,-235.26,0
294.02,-153.64,2,-2,-235.26,0
294.36,-153.98,2,-2,-235.26,0
294.97,-154.6,2,-2,-235.26,0
295.58,-155.2,2,-2,-235.26,0
296.32,-155.94,2,-2,-235.26,0
296.64,-156.27,2,-2,-235.26,0
297.12,-156.75,2,-2,-235.26,0
297.87,-157.49,2,-2,-235.26,0
298.38,-158.0,2,-2,-235.26,0
299.04,-158.66,2,-2,-235.26,0
299.65,-159.27,2,-2,-235.26,0
300.36,-159.99,2,-2,-235.26,0
300.81,-160.44,2,-2,-235.26,0
301.36,-160.98,2,-2,-235.26,0
302.14,-161.76,2,-2,-235.26,0
302.66,-162.28,2,-2,-235.26,0
303.15,-162.77,2,-2,-235.26,0
304.01,-163.63,2,-2,-235.26,0
304.34,-163.96,2,-2,-235.26,0
305.2,-164.82,2,-2,-235.26,0
305.68,-165.3,2,-2,-235.26,0
306.38,-166.0,2,-2,-235.26,0
306.91,-166.53,2,-2,-235.26,0
307.29,-166.91,2,-2,-235.26,0
307.89,-167.51,2,-2,-235.26,0
308.71,-168.33,2,-2,-235.26,0
309.1,-168.72,2,-2,-235.26,0
309.82,-169.44,2,-2,-235.26,0
310.25,-169.87,2,-2,-235.26,0
310.73,-170.36,2,-2,-235.26,0
311.34,-170.97,2,-2,-235.26,0
311.71,-171.33,2,-2,-235.26,0
312.18,-171.8,2,-2,-235.26,0
312.75,-172.38,2,-2,-235.26,0
313.24,-172.87,2,-2,-235.26,0
313.7,-173.32,2,-2,-235.26,0
314.4,-174.03,2,-2,-235.26,0
315.03,-174.66,2,-2,-235.26,0
315.76,-175.38,2,-2,-235.26,0
316.43,-176.05,2,-2,-235.26,0
317.03,-176.66,2,-2,-235.26,0
317.52,-177.15,2,-2,-235.26,0
318.24,-177.87,2,-2,-235.26,0
319.02,-178.64,2,-2,-235.26,0
319.51,-179.13,2,-2,-235.26,0
320.28,-179.91,2,-2,-235.26,0
320.95,-180.57,2,-2,-235.26,0
321.58,-181.2,2,-2,-235.26,0
322.08,-181.7,2,-2,-235.26,0
322.75,-182.37,2,-2,-235.26,0
323.12,-182.74,2,-2,-235.26,0
323.97,-183.59,2,-2,-235.26,0
324.36,-183.99,2,-2,-235.26,0
324.86,-184.48,2,-2,-235.26,0
325.47,-185.09,2,-2,-235.26,0
326.14,-185.77,2,-2,-235.26,0
326.65,-186.27,2,-2,-235.26,0
327.15,-186.77,2,-2,-235.26,0
327.71,-187.34,2,-2,-235.26,0
328.19,-187.82,2,-2,-235.26,0
328.92,-188.54,2,-2,-235.26,0
329.28,-188.9,2,-2,-235.26,0
330.22,-189.85,2,-2,-235.26,0
329.34,-190.5,-2,-2,-235.26,0
328.98,-190.86,-2,-2,-235.26,0
328.25,-191.6,-2,-2,-235.26,0
327.87,-191.98,-2,-2,-235.26,0
327.14,-192.7,-2,-2,-235.26,0
326.48,-193.37,-2,-2,-235.26,0
325.88,-193.96,-2,-2,-235.26,0
325.2,-194.65,-2,-2,-235.26,0
324.7,-195.14,-2,-2,-235.26,0
324.09,-195.75,-2,-2,-235.26,0
323.49,-196.36,-2,-2,-235.26,0
322.94,-196.9,-2,-2,-235.26,0
322.17,-197.68,-2,-2,-235.26,0
321.41,-198.43,-2,-2,-235.26,0
320.93,-198.92,-2,-2,-235.26,0
320.15,-199.7,-2,-2,-235.26,0
319.65,-200.19,-2,-2,-235.26,0
318.9,-200.94,-2,-2,-235.26,0
318.15,-201.69,-2,-2,-235.26,0
317.42,-202.42,-2,-2,-235.26,0
316.94,-202.91,-2,-2,-235.26,0
316.35,-203.49,-2,-2,-235.26,0
315.77,-204.07,-2,-2,-235.26,0
315.02,-204.82,-2,-2,-235.26,0
314.51,-205.33,-2,-2,-235.26,0
313.78,-206.06,-2,-2,-235.26,0
313.05,-206.8,-2,-2,-235.26,0
312.56,-207.29,-2,-2,-235.26,0
312.06,-207.78,-2,-2,-235.26,0
311.7,-208.15,-2,-2,-235.26,0
311.05,-208.79,-2,-2,-235.26,0
310.71,-209.14,-2,-2,-235.26,0
310.26,-209.59,-2,-2,-235.26,0
309.59,-210.26,-2,-2,-235.26,0
309.1,-210.75,-2,-2,-235.26,0
308.36,-211.48,-2,-2,-235.26,0
307.46,-212.38,-2,-2,-235.26,0
306.97,-212.87,-2,-2,-235.26,0
305.98,-213.86,-2,-2,-235.26,0
305.38,-214.47,-2,-2,-235.26,0
304.66,-215.19,-2,-2,-235.26,0
303.93,-215.91,-2,-2,-235.26,0
303.44,-216.41,-2,-2,-235.26,0
302.95,-216.9,-2,-2,-235.26,0
302.22,-217.63,-2,-2,-235.26,0
301.73,-218.11,-2,-2,-235.26,0
301.0,-218.84,-2,-2,-235.26,0
300.38,-219.46,-2,-2,-235.26,0
299.35,-220.5,-2,-2,-235.26,0
298.86,-220.99,-2,-2,-235.26,0
298.01,-221.84,-2,-2,-235.26,0
297.65,-222.2,-2,-2,-235.26,0
296.84,-223.0,-2,-2,-235.26,0
294.79,-225.05,-2,-2,-235.26,0
293.95,-225.9,-2,-2,-235.26,0
293.34,-226.5,-2,-2,-235.26,0
292.52,-227.32,-2,-2,-235.26,0
291.8,-228.05,-2,-2,-235.26,0
291.31,-228.53,-2,-2,-235.26,0
290.58,-229.27,-2,-2,-235.26,0
290.04,-229.8,-2,-2,-235.26,0
289.03,-230.82,-2,-2,-233.14,1
288.31,-231.54,-2,-2,-231.63,1
287.75,-232.1,-2,-2,-230.47,1
287.21,-232.63,-2,-2,-229.36,1
286.71,-233.14,-2,-2,-228.31,1
285.93,-233.91,-2,-2,-226.69,1
285.33,-234.52,-2,-2,-225.43,1
284.6,-235.24,-2,-2,-223.92,1
283.86,-235.98,-2,-2,-222.37,1
283.43,-236.41,-2,-2,-221.48,1
282.58,-237.26,-2,-2,-219.71,1
281.91,-237.94,-2,-2,-218.3,1
281.15,-238.7,-2,-2,-216.72,1
280.48,-239.36,-2,-2,-215.33,1
280.17,-239.68,-2,-2,-214.68,1
279.28,-240.57,-2,-2,-212.83,1
278.37,-241.47,-2,-2,-210.94,1
277.81,-242.04,-2,-2,-209.76,1
277.21,-242.64,-2,-2,-208.51,1
276.24,-243.6,-2,-2,-206.5,1
275.66,-244.19,-2,-2,-205.28,1
275.03,-244.81,-2,-2,-203.98,1
274.4,-245.44,-2,-2,-202.67,1
273.79,-246.05,-2,-2,-201.39,1
273.34,-246.5,-2,-2,-200.47,1
272.85,-246.99,-2,-2,-199.44,1
272.39,-247.46,-2,-2,-198.47,1
271.9,-247.95,-2,-2,-197.45,1
271.45,-248.39,-2,-2,-196.53,1
271.02,-248.83,-2,-2,-195.61,1
270.37,-249.47,-2,-2,-194.28,1
269.77,-250.07,-2,-2,-193.03,1
269.41,-250.44,-2,-2,-192.27,1
268.79,-251.06,-2,-2,-190.97,1
268.18,-251.66,-2,-2,-189.71,1
267.46,-252.39,-2,-2,-188.2,1
266.72,-253.13,-2,-2,-186.66,1
266.07,-253.77,-2,-2,-185.32,1
265.62,-254.23,-2,-2,-184.37,1
265.0,-254.84,-2,-2,-183.09,1
264.53,-255.32,-2,-2,-182.1,1
263.91,-255.94,-2,-2,-180.81,1
263.56,-256.28,-2,-2,-180.09,1
262.84,-257.01,-2,-2,-178.58,1
262.06,-257.79,-2,-2,-176.95,1
261.74,-258.11,-2,-2,-176.29,1
260.76,-259.09,-2,-2,-174.24,1
260.11,-259.74,-2,-2,-172.89,1
259.2,-260.64,-2,-2,-171.0,1
258.58,-261.26,-2,-2,-169.71,1
257.65,-262.19,-2,-2,-167.77,1
257.05,-262.8,-2,-2,-166.52,1
256.34,-263.51,-2,-2,-165.04,1
255.49,-264.36,-2,-2,-163.26,1
255.09,-264.75,-2,-2,-162.44,1
254.24,-265.61,-2,-2,-160.66,1
253.53,-266.32,-2,-2,-159.18,1
252.81,-267.04,-2,-2,-157.68,1
252.32,-267.52,-2,-2,-156.67,1
251.84,-268.0,-2,-2,-155.67,1
251.09,-268.75,-2,-2,-154.11,1
250.76,-269.09,-2,-2,-153.41,1
250.0,-269.85,-2,-2,-151.82,1
249.5,-270.34,-2,-2,-150.79,1
248.77,-271.07,-2,-2,-149.27,1
248.25,-271.6,-2,-2,-148.18,1
247.69,-272.15,-2,-2,-147.02,1
246.77,-273.07,-2,-2,-145.11,1
245.93,-273.91,-2,-2,-143.35,1
245.27,-274.57,-2,-2,-141.98,1
244.71,-275.14,-2,-2,-140.81,1
243.98,-275.87,-2,-2,-139.28,1
243.35,-276.49,-2,-2,-137.98,1
242.71,-277.14,-2,-2,-136.64,1
242.36,-277.49,-2,-2,-135.91,1
241.6,-278.24,-2,-2,-134.34,1
240.91,-278.94,-2,-2,-132.88,1
240.24,-279.61,-2,-2,-131.5,1
239.5,-280.34,-2,-2,-129.96,1
239.02,-280.83,-2,-2,-128.95,1
238.39,-281.45,-2,-2,-127.65,1
237.88,-281.97,-2,-2,-126.58,1
237.41,-282.44,-2,-2,-125.59,1
236.9,-282.95,-2,-2,-124.54,1
236.43,-283.42,-2,-2,-123.56,1
235.82,-284.03,-2,-2,-122.28,1
235.5,-284.35,-2,-2,-121.61,1
234.89,-284.96,-2,-2,-120.35,1
234.53,-285.32,-2,-2,-119.6,1
233.92,-285.93,-2,-2,-118.32,1
233.45,-286.39,-2,-2,-117.35,1
233.1,-286.74,-2,-2,-116.63,1
232.46,-287.39,-2,-2,-115.29,1
231.89,-287.95,-2,-2,-114.11,1
231.43,-288.42,-2,-2,-113.14,1
230.98,-288.86,-2,-2,-112.21,1
230.53,-289.32,-2,-2,-111.27,1
229.93,-289.92,-2,-2,-110.01,1
228.99,-290.85,-2,-2,-108.07,1
228.6,-289.6,-2,2,-107.24,1
227.91,-288.92,-2,2,-105.82,1
227.52,-288.53,-2,2,-105.0,1
226.92,-287.92,-2,2,-103.74,1
226.43,-287.43,-2,2,-102.72,1
225.5,-286.51,-2,2,-100.8,1
225.18,-286.19,-2,2,-100.13,1
224.58,-285.58,-2,2,-98.87,1
223.96,-284.96,-2,2,-97.57,1
223.59,-284.6,-2,2,-96.82,1
223.1,-284.1,-2,2,-95.78,1
222.61,-283.61,-2,2,-94.76,1
222.1,-283.11,-2,2,-93.7,1
221.41,-282.41,-2,2,-92.26,1
220.92,-281.93,-2,2,-91.25,1
220.28,-281.29,-2,2,-89.92,1
219.55,-280.55,-2,2,-88.38,1
218.87,-279.88,-2,2,-86.98,1
218.23,-279.23,-2,2,-85.64,1
217.47,-278.47,-2,2,-84.05,1
217.1,-278.11,-2,2,-83.3,1
216.5,-277.51,-2,2,-82.04,1
215.78,-276.79,-2,2,-80.54,1
215.46,-276.46,-2,2,-79.87,1
214.64,-275.64,-2,2,-78.16,1
214.02,-275.03,-2,2,-76.88,1
213.63,-274.64,-2,2,-76.06,1
213.09,-274.1,-2,2,-74.93,1
212.54,-273.54,-2,2,-73.78,1
211.93,-272.94,-2,2,-72.52,1
211.31,-272.31,-2,2,-71.22,1
210.63,-271.63,-2,2,-69.81,1
210.31,-271.32,-2,2,-69.15,1
209.67,-270.68,-2,2,-67.82,1
209.07,-270.07,-2,2,-66.56,1
208.56,-269.57,-2,2,-65.5,1
207.85,-268.86,-2,2,-64.02,1
207.43,-268.44,-2,2,-63.15,1
206.71,-267.71,-2,2,-61.64,1
206.01,-267.02,-2,2,-60.19,1
205.51,-266.52,-2,2,-59.15,1
204.64,-265.65,-2,2,-57.33,1
204.16,-265.16,-2,2,-56.33,1
203.74,-264.75,-2,2,-55.46,1
203.19,-264.2,-2,2,-54.31,1
202.15,-263.16,-2,2,-52.14,1
201.75,-262.75,-2,2,-51.3,1
200.89,-261.9,-2,2,-49.52,1
200.53,-261.53,-2,2,-48.76,1
200.07,-261.07,-2,2,-47.8,1
199.56,-260.57,-2,2,-46.75,1
199.08,-260.09,-2,2,-45.75,1
198.63,-259.64,-2,2,-44.82,1
198.03,-259.04,-2,2,-43.56,1
197.69,-258.7,-2,2,-43.56,0
197.1,-258.1,-2,2,-43.56,0
196.65,-257.66,-2,2,-43.56,0
196.2,-257.21,-2,2,-43.56,0
195.49,-256.5,-2,2,-43.56,0
195.16,-256.16,-2,2,-43.56,0
194.55,-255.56,-2,2,-43.56,0
194.18,-255.18,-2,2,-43.56,0
193.57,-254.57,-2,2,-43.56,0
193.11,-254.11,-2,2,-43.56,0
192.54,-253.54,-2,2,-43.56,0
191.79,-252.8,-2,2,-43.56,0
191.13,-252.14,-2,2,-43.56,0
190.23,-251.23,-2,2,-43.56,0
189.63,-250.63,-2,2,-43.56,0
189.18,-250.19,-2,2,-43.56,0
188.6,-249.61,-2,2,-43.56,0
188.1,-249.11,-2,2,-43.56,0
187.48,-248.49,-2,2,-43.56,0
186.62,-247.63,-2,2,-43.56,0
185.95,-246.96,-2,2,-43.56,0
185.43,-246.43,-2,2,-43.56,0
184.63,-245.64,-2,2,-43.56,0
184.22,-245.22,-2,2,-43.56,0
183.55,-244.56,-2,2,-43.56,0
183.03,-244.04,-2,2,-43.56,0
182.55,-243.55,-2,2,-43.56,0
181.94,-242.95,-2,2,-43.56,0
181.41,-242.42,-2,2,-43.56,0
180.93,-241.93,-2,2,-43.56,0
180.05,-241.05,-2,2,-43.56,0
179.53,-240.54,-2,2,-43.56,0
178.81,-239.81,-2,2,-43.56,0
178.13,-239.14,-2,2,-43.56,0
177.77,-238.78,-2,2,-43.56,0
177.06,-238.06,-2,2,-43.56,0
176.44,-237.45,-2,2,-43.56,0
176.03,-237.03,-2,2,-43.56,0
175.15,-236.16,-2,2,-43.56,0
174.43,-235.44,-2,2,-43.56,0
173.82,-234.83,-2,2,-43.56,0
173.19,-234.2,-2,2,-43.56,0
172.55,-233.56,-2,2,-43.56,0
171.96,-232.97,-2,2,-43.56,0
171.34,-232.35,-2,2,-43.56,0
170.74,-231.75,-2,2,-43.56,0
169.78,-230.79,-2,2,-43.56,0
169.21,-230.21,-2,2,-43.56,0
168.59,-229.6,-2,2,-43.56,0
167.99,-229.0,-2,2,-43.56,0
167.36,-228.36,-2,2,-43.56,0
166.7,-227.7,-2,2,-43.56,0
165.99,-227.0,-2,2,-43.56,0
165.34,-226.34,-2,2,-43.56,0
164.74,-225.74,-2,2,-43.56,0
164.1,-225.1,-2,2,-43.56,0
163.37,-224.38,-2,2,-43.56,0
162.81,-223.81,-2,2,-43.56,0
162.09,-223.09,-2,2,-43.56,0
161.4,-222.4,-2,2,-43.56,0
160.65,-221.66,-2,2,-43.56,0
160.28,-221.29,-2,2,-43.56,0
159.55,-220.56,-2,2,-43.56,0
158.98,-219.99,-2,2,-43.56,0
158.27,-219.28,-2,2,-43.56,0
157.67,-218.67,-2,2,-43.56,0
157.17,-218.18,-2,2,-43.56,0
156.43,-217.44,-2,2,-43.56,0
155.85,-216.86,-2,2,-43.56,0
155.5,-216.51,-2,2,-43.56,0
155.01,-216.01,-2,2,-43.56,0
154.52,-215.53,-2,2,-43.56,0
154.08,-215.08,-2,2,-43.56,0
153.46,-214.47,-2,2,-43.56,0
152.83,-213.84,-2,2,-43.56,0
152.11,-213.12,-2,2,-43.56,0
151.73,-212.74,-2,2,-43.56,0
151.25,-212.25,-2,2,-43.56,0
150.27,-211.27,-2,2,-43.56,0
149.66,-210.67,-2,2,-43.56,0
148.78,-209.78,-2,2,-43.56,0
148.16,-209.17,-2,2,-43.56,0
147.16,-208.17,-2,2,-43.56,0
146.51,-207.52,-2,2,-43.56,0
145.86,-206.87,-2,2,-43.56,0
145.41,-206.42,-2,2,-43.56,0
144.77,-205.77,-2,2,-43.56,0
144.16,-205.17,-2,2,-43.56,0
143.8,-204.81,-2,2,-43.56,0
143.05,-204.05,-2,2,-43.56,0
142.49,-203.49,-2,2,-43.56,0
141.86,-202.87,-2,2,-43.56,0
141.3,-202.31,-2,2,-43.56,0
140.57,-201.58,-2,2,-43.56,0
140.21,-201.21,-2,2,-43.56,0
139.59,-200.6,-2,2,-43.56,0
139.23,-200.24,-2,2,-43.56,0
138.77,-199.78,-2,2,-43.56,0
138.04,-199.05,-2,2,-43.56,0
137.69,-198.7,-2,2,-43.56,0
136.96,-197.97,-2,2,-43.56,0
136.35,-197.36,-2,2,-43.56,0
135.56,-196.56,-2,2,-43.56,0
135.0,-196.0,-2,2,-43.56,0
134.26,-195.27,-2,2,-43.56,0
133.48,-194.49,-2,2,-43.56,0
132.75,-193.75,-2,2,-43.56,0
132.25,-193.26,-2,2,-43.56,0
131.76,-192.77,-2,2,-43.56,0
131.28,-192.28,-2,2,-43.56,0
130.55,-191.56,-2,2,-43.56,0
130.03,-191.04,-2,2,-43.56,0
129.43,-190.43,-2,2,-43.56,0
128.7,-189.71,-2,2,-43.56,0
128.21,-189.22,-2,2,-43.56,0
127.7,-188.71,-2,2,-43.56,0
127.19,-188.19,-2,2,-43.56,0
126.6,-187.61,-2,2,-43.56,0
125.83,-186.84,-2,2,-43.56,0
125.23,-186.24,-2,2,-43.56,0
124.63,-185.63,-2,2,-43.56,0
124.02,-185.03,-2,2,-43.56,0
123.54,-184.54,-2,2,-43.56,0
122.8,-183.81,-2,2,-43.56,0
121.88,-182.89,-2,2,-43.56,0
121.27,-182.28,-2,2,-43.56,0
120.55,-181.56,-2,2,-43.56,0
119.82,-180.83,-2,2,-43.56,0
119.33,-180.34,-2,2,-43.56,0
118.85,-179.85,-2,2,-43.56,0
118.11,-179.12,-2,2,-43.56,0
117.5,-178.51,-2,2,-43.56,0
116.89,-177.9,-2,2,-43.56,0
116.4,-177.41,-2,2,-43.56,0
115.91,-176.91,-2,2,-43.56,0
115.3,-176.31,-2,2,-43.56,0
114.7,-175.7,-2,2,-43.56,0
113.97,-174.98,-2,2,-43.56,0
113.32,-174.33,-2,2,-43.56,0
112.72,-173.73,-2,2,-43.56,0
112.24,-173.24,-2,2,-43.56,0
111.75,-172.75,-2,2,-43.56,0
111.26,-172.27,-2,2,-43.56,0
110.77,-171.78,-2,2,-43.56,0
109.98,-170.99,-2,2,-43.56,0
109.26,-170.26,-2,2,-43.56,0
108.53,-169.54,-2,2,-43.56,0
107.69,-168.69,-2,2,-43.56,0
107.06,-168.07,-2,2,-43.56,0
106.46,-167.46,-2,2,-43.56,0
105.61,-166.62,-2,2,-43.56,0
105.12,-166.13,-2,2,-43.56,0
104.28,-165.28,-2,2,-43.56,0
103.92,-164.92,-2,2,-43.56,0
103.15,-164.16,-2,2,-43.56,0
102.31,-163.32,-2,2,-43.56,0
101.71,-162.71,-2,2,-43.56,0
101.22,-162.23,-2,2,-43.56,0
100.73,-161.74,-2,2,-43.56,0
99.97,-160.97,-2,2,-43.56,0
99.38,-160.38,-2,2,-43.56,0
98.7,-159.7,-2,2,-43.56,0
98.09,-159.1,-2,2,-43.56,0
97.44,-158.45,-2,2,-43.56,0
96.73,-157.74,-2,2,-43.56,0
96.37,-157.38,-2,2,-43.56,0
95.75,-156.76,-2,2,-43.56,0
94.95,-155.95,-2,2,-43.56,0
94.59,-155.6,-2,2,-43.56,0
93.87,-154.87,-2,2,-43.56,0
93.14,-154.14,-2,2,-43.56,0
92.65,-153.66,-2,2,-43.56,0
91.92,-152.93,-2,2,-43.56,0
91.61,-152.62,-2,2,-43.56,0
90.87,-151.88,-2,2,-43.56,0
90.03,-151.04,-2,2,-43.56,0
89.54,-150.55,-2,2,-43.56,0
88.74,-149.75,-2,2,-43.56,0
88.25,-149.25,-2,2,-43.56,0
87.52,-148.53,-2,2,-43.56,0
87.02,-148.03,-2,2,-43.56,0
86.04,-147.05,-2,2,-43.56,0
85.55,-146.56,-2,2,-43.56,0
84.83,-145.83,-2,2,-43.56,0
83.96,-144.96,-2,2,-43.56,0
83.23,-144.24,-2,2,-43.56,0
82.74,-143.74,-2,2,-43.56,0
82.01,-143.02,-2,2,-43.56,0
81.51,-142.51,-2,2,-43.56,0
80.83,-141.83,-2,2,-43.56,0
80.08,-141.08,-2,2,-43.56,0
79.71,-140.72,-2,2,-43.56,0
79.25,-140.25,-2,2,-43.56,0
78.8,-139.81,-2,2,-43.56,0
78.32,-139.32,-2,2,-43.56,0
77.44,-138.45,-2,2,-43.56,0
76.86,-137.86,-2,2,-43.56,0
76.48,-137.48,-2,2,-43.56,0
75.87,-136.88,-2,2,-43.56,0
75.39,-136.39,-2,2,-43.56,0
74.78,-135.79,-2,2,-43.56,0
74.19,-135.19,-2,2,-43.56,0
73.44,-134.45,-2,2,-43.56,0
72.65,-133.66,-2,2,-43.56,0
72.29,-133.3,-2,2,-43.56,0
71.52,-132.52,-2,2,-43.56,0
71.18,-132.19,-2,2,-43.56,0
70.15,-131.15,-2,2,-43.56,0
69.44,-130.44,-2,2,-43.56,0
68.49,-129.49,-2,2,-43.56,0
67.84,-128.85,-2,2,-43.56,0
67.23,-128.24,-2,2,-43.56,0
66.51,-127.52,-2,2,-43.56,0
65.91,-126.91,-2,2,-43.56,0
65.17,-126.17,-2,2,-43.56,0
64.31,-125.32,-2,2,-43.56,0
63.71,-124.72,-2,2,-43.56,0
63.09,-124.09,-2,2,-43.56,0
62.29,-123.3,-2,2,-43.56,0
61.55,-122.56,-2,2,-43.56,0
60.84,-121.85,-2,2,-43.56,0
60.12,-121.12,-2,2,-43.56,0
59.36,-120.36,-2,2,-43.56,0
58.68,-119.69,-2,2,-43.56,0
57.88,-118.88,-2,2,-43.56,0
57.28,-118.29,-2,2,-43.56,0
56.67,-117.68,-2,2,-43.56,0
56.05,-117.05,-2,2,-43.56,0
55.56,-116.57,-2,2,-43.56,0
54.54,-115.55,-2,2,-43.56,0
53.91,-114.92,-2,2,-43.56,0
52.9,-113.9,-2,2,-43.56,0
52.01,-113.01,-2,2,-43.56,0
51.02,-112.02,-2,2,-43.56,0
50.15,-111.16,-2,2,-43.56,0
49.11,-110.12,-2,2,-43.56,0
48.42,-109.43,-2,2,-43.56,0
47.78,-108.79,-2,2,-43.56,0
46.91,-107.91,-2,2,-43.56,0
45.78,-106.79,-2,2,-43.56,0
45.19,-106.2,-2,2,-43.56,0
44.42,-105.42,-2,2,-43.56,0
43.74,-104.75,-2,2,-43.56,0
42.81,-103.81,-2,2,-43.56,0
41.98,-102.99,-2,2,-43.56,0
41.29,-102.3,-2,2,-43.56,0
40.69,-101.7,-2,2,-43.56,0
40.34,-101.34,-2,2,-43.56,0
39.48,-100.49,-2,2,-43.56,0
39.06,-100.07,-2,2,-43.56,0
38.17,-99.18,-2,2,-43.56,0
37.4,-98.41,-2,2,-43.56,0
36.92,-97.93,-2,2,-43.56,0
36.19,-97.2,-2,2,-43.56,0
35.44,-96.44,-2,2,-43.56,0
34.76,-95.77,-2,2,-43.56,0
33.91,-94.91,-2,2,-43.56,0
33.23,-94.24,-2,2,-43.56,0
32.52,-93.52,-2,2,-43.56,0
31.76,-92.77,-2,2,-43.56,0
31.03,-92.03,-2,2,-43.56,0
30.13,-91.14,-2,2,-43.56,0
29.43,-90.44,-2,2,-43.56,0
28.82,-89.83,-2,2,-43.56,0
28.17,-89.18,-2,2,-43.56,0
27.32,-88.32,-2,2,-43.56,0
26.99,-88.0,-2,2,-43.56,0
26.02,-87.03,-2,2,-43.56,0
25.46,-86.46,-2,2,-43.56,0
24.17,-85.18,-2,2,-43.56,0
23.51,-84.52,-2,2,-43.56,0
22.9,-83.91,-2,2,-43.56,0
22.28,-83.29,-2,2,-43.56,0
21.45,-82.45,-2,2,-43.56,0
20.74,-81.74,-2,2,-43.56,0
19.99,-81.0,-2,2,-43.56,0
19.21,-80.22,-2,2,-43.56,0
18.32,-79.33,-2,2,-43.56,0
17.27,-78.27,-2,2,-43.56,0
16.59,-77.6,-2,2,-43.56,0
15.79,-76.79,-2,2,-43.56,0
15.24,-76.24,-2,2,-43.56,0
14.38,-75.39,-2,2,-43.56,0
13.68,-74.68,-2,2,-43.56,0
13.32,-74.33,-2,2,-43.56,0
12.36,-73.37,-2,2,-43.56,0
11.45,-72.46,-2,2,-43.56,0
10.68,-71.68,-2,2,-43.56,0
9.88,-70.89,-2,2,-43.56,0
9.13,-70.13,-2,2,-43.56,0
8.3,-69.31,-2,2,-43.56,0
7.66,-68.66,-2,2,-43.56,0
6.94,-67.94,-2,2,-43.56,0
6.26,-67.27,-2,2,-43.56,0
5.35,-66.35,-2,2,-43.56,0
4.69,-65.7,-2,2,-43.56,0
3.95,-64.95,-2,2,-43.56,0
3.22,-64.23,-2,2,-43.56,0
2.89,-63.89,-2,2,-43.56,0
2.11,-63.12,-2,2,-43.56,0
1.51,-62.52,-2,2,-43.56,0
0.55,-61.55,-2,2,-43.56,0
-0.39,-60.62,-2,2,-43.56,0
-0.72,-60.29,-2,2,-43.56,0
-1.68,-59.33,-2,2,-43.56,0
-2.31,-58.7,-2,2,-43.56,0
-2.92,-58.09,-2,2,-43.56,0
-3.77,-57.24,-2,2,-43.56,0
-4.38,-56.63,-2,2,-43.56,0
-5.04,-55.96,-2,2,-43.56,0
-5.82,-55.18,-2,2,-43.56,0
-6.39,-54.61,-2,2,-43.56,0
-7.06,-53.95,-2,2,-43.56,0
-7.63,-53.37,-2,2,-43.56,0
-8.33,-52.67,-2,2,-43.56,0
-8.74,-52.27,-2,2,-43.56,0
-10.01,-51.0,-2,2,-43.56,0
-10.73,-50.27,-2,2,-43.56,0
-11.68,-49.33,-2,2,-43.56,0
-12.24,-48.77,-2,2,-43.56,0
-13.0,-48.0,-2,2,-43.56,0
-13.63,-47.38,-2,2,-43.56,0
-14.33,-46.68,-2,2,-43.56,0
-14.89,-46.12,-2,2,-43.56,0
-15.57,-45.44,-2,2,-43.56,0
-16.29,-44.72,-2,2,-43.56,0
-17.11,-43.9,-2,2,-43.56,0
-17.93,-43.08,-2,2,-43.56,0
-18.66,-42.34,-2,2,-43.56,0
-19.3,-41.7,-2,2,-43.56,0
-20.19,-40.82,-2,2,-43.56,0
-20.56,-40.44,-2,2,-43.56,0
-21.14,-39.87,-2,2,-43.56,0
-22.0,-39.0,-2,2,-43.56,0
-22.92,-38.09,-2,2,-43.56,0
-23.73,-37.27,-2,2,-43.56,0
-24.48,-36.52,-2,2,-43.56,0
-25.86,-35.15,-2,2,-43.56,0
-26.71,-34.3,-2,2,-43.56,0
-27.41,-33.6,-2,2,-43.56,0
-27.79,-33.22,-2,2,-43.56,0
-28.64,-32.36,-2,2,-43.56,0
-29.72,-31.29,-2,2,-43.56,0
-30.53,-30.47,-2,2,-43.56,0
-31.3,-29.7,-2,2,-43.56,0
-32.07,-28.94,-2,2,-43.56,0
-32.83,-28.18,-2,2,-43.56,0
-33.72,-27.28,-2,2,-43.56,0
-34.72,-26.28,-2,2,-43.56,0
-35.48,-25.52,-2,2,-43.56,0
-35.8,-25.2,-2,2,-43.56,0
-36.43,-24.57,-2,2,-43.56,0
-37.04,-23.97,-2,2,-43.56,0
-37.86,-23.14,-2,2,-43.56,0
-38.65,-22.35,-2,2,-43.56,0
-39.17,-21.83,-2,2,-43.56,0
-39.8,-21.2,-2,2,-43.56,0
-40.41,-20.6,-2,2,-43.56,0
-41.0,-20.0,-2,2,-43.56,0
-41.59,-19.41,-2,2,-43.56,0
-42.47,-18.54,-2,2,-43.56,0
-43.22,-17.79,-2,2,-43.56,0
-44.03,-16.98,-2,2,-43.56,0
-44.7,-16.3,-2,2,-43.56,0
-45.06,-15.95,-2,2,-43.56,0
-45.79,-15.22,-2,2,-43.56,0
-46.86,-14.15,-2,2,-43.56,0
-47.47,-13.54,-2,2,-43.56,0
-48.0,-13.01,-2,2,-43.56,0
-48.89,-12.12,-2,2,-43.56,0
-49.65,-11.36,-2,2,-43.56,0
-50.55,-10.46,-2,2,-43.56,0
-51.3,-9.7,-2,2,-43.56,0
-52.05,-8.96,-2,2,-43.56,0
-52.56,-8.44,-2,2,-43.56,0
-53.3,-7.7,-2,2,-43.56,0
-53.91,-7.1,-2,2,-43.56,0
-54.63,-6.38,-2,2,-43.56,0
-55.3,-5.7,-2,2,-43.56,0
-56.03,-4.97,-2,2,-43.56,0
-56.46,-4.55,-2,2,-43.56,0
-57.23,-3.78,-2,2,-43.56,0
-57.78,-3.22,-2,2,-43.56,0
-58.29,-2.72,-2,2,-43.56,0
-58.85,-2.16,-2,2,-43.56,0
-59.55,-1.46,-2,2,-43.56,0
-59.98,-1.02,-2,2,-43.56,0
-60.93,-0.07,-2,2,-43.56,0
-61.36,0.36,-2,2,-43.56,0
-62.23,1.22,-2,2,-43.56,0
-62.71,1.71,-2,2,-43.56,0
-63.28,2.27,-2,2,-43.56,0
-64.08,3.07,-2,2,-43.56,0
-64.58,3.57,-2,2,-43.56,0
-65.37,4.36,-2,2,-43.56,0
-66.09,5.08,-2,2,-43.56,0
-66.69,5.69,-2,2,-43.56,0
-67.18,6.17,-2,2,-43.56,0
-68.05,7.04,-2,2,-43.56,0
-68.74,7.73,-2,2,-43.56,0
-69.43,8.43,-2,2,-43.56,0
-69.99,8.99,-2,2,-43.56,0
-70.73,9.72,-2,2,-43.56,0
-71.24,10.24,-2,2,-43.56,0
-71.73,10.73,-2,2,-43.56,0
-72.22,11.22,-2,2,-43.56,0
-72.71,11.7,-2,2,-43.56,0
-73.28,12.27,-2,2,-43.56,0
-73.87,12.86,-2,2,-43.56,0
-74.35,13.35,-2,2,-43.56,0
-74.84,13.83,-2,2,-43.56,0
-75.57,14.56,-2,2,-43.56,0
-76.06,15.05,-2,2,-43.56,0
-76.55,15.55,-2,2,-43.56,0
-77.04,16.03,-2,2,-43.56,0
-77.76,16.76,-2,2,-43.56,0
-78.25,17.24,-2,2,-43.56,0
-78.98,17.98,-2,2,-43.56,0
-79.53,18.52,-2,2,-43.56,0
-80.02,19.01,-2,2,-43.56,0
-80.39,19.38,-2,2,-43.56,0
-81.11,20.1,-2,2,-43.56,0
-81.46,20.45,-2,2,-43.56,0
-82.21,21.2,-2,2,-43.56,0
-82.97,21.96,-2,2,-43.56,0
-83.46,22.45,-2,2,-43.56,0
-84.34,23.33,-2,2,-43.56,0
-84.94,23.93,-2,2,-43.56,0
-85.7,24.7,-2,2,-43.56,0
-86.12,25.11,-2,2,-43.56,0
-86.84,25.84,-2,2,-43.56,0
-87.32,26.32,-2,2,-43.56,0
-88.12,27.11,-2,2,-43.56,0
-88.64,27.63,-2,2,-43.56,0
-89.12,28.12,-2,2,-43.56,0
-90.12,29.12,-2,2,-43.56,0
-90.61,29.6,-2,2,-43.56,0
-91.33,30.33,-2,2,-43.56,0
-91.86,30.86,-2,2,-43.56,0
-92.35,31.34,-2,2,-43.56,0
-92.96,31.95,-2,2,-43.56,0
-93.7,32.69,-2,2,-43.56,0
-94.12,33.11,-2,2,-43.56,0
-94.88,33.87,-2,2,-43.56,0
-95.49,34.48,-2,2,-43.56,0
-96.28,35.27,-2,2,-43.56,0
-96.85,35.85,-2,2,-43.56,0
-97.47,36.47,-2,2,-43.56,0
-98.46,37.45,-2,2,-43.56,0
-99.04,38.04,-2,2,-43.56,0
-99.94,38.93,-2,2,-43.56,0
-100.4,39.4,-2,2,-43.56,0
-101.02,40.02,-2,2,-43.56,0
-101.99,40.98,-2,2,-43.56,0
-102.61,41.6,-2,2,-43.56,0
-103.78,42.77,-2,2,-43.56,0
-104.69,43.68,-2,2,-43.56,0
-105.4,44.39,-2,2,-43.56,0
-106.53,45.52,-2,2,-43.56,0
-107.21,46.2,-2,2,-43.56,0
-107.94,46.93,-2,2,-43.56,0
-108.61,47.61,-2,2,-43.56,0
-108.93,47.92,-2,2,-43.56,0
-109.4,48.39,-2,2,-43.56,0
-110.63,49.62,-2,2,-43.56,0
-111.12,50.11,-2,2,-43.56,0
-111.85,50.84,-2,2,-43.56,0
-112.36,51.35,-2,2,-43.56,0
-112.85,51.84,-2,2,-43.56,0
-113.58,52.57,-2,2,-43.56,0
-114.08,53.07,-2,2,-43.56,0
-114.81,53.8,-2,2,-43.56,0
-115.66,54.65,-2,2,-43.56,0
-116.15,55.14,-2,2,-43.56,0
-116.75,55.75,-2,2,-43.56,0
-117.24,56.24,-2,2,-43.56,0
-118.0,56.99,-2,2,-43.56,0
-118.82,57.82,-2,2,-43.56,0
-119.31,58.31,-2,2,-43.56,0
-119.79,58.78,-2,2,-43.56,0
-120.53,59.53,-2,2,-43.56,0
-121.07,60.06,-2,2,-43.56,0
-121.92,60.91,-2,2,-43.56,0
-122.79,61.78,-2,2,-43.56,0
-123.17,62.17,-2,2,-43.56,0
-123.84,62.84,-2,2,-43.56,0
-124.22,63.22,-2,2,-43.56,0
-124.71,63.7,-2,2,-43.56,0
-125.35,64.34,-2,2,-43.56,0
-125.78,64.77,-2,2,-43.56,0
-126.33,65.33,-2,2,-43.56,0
-127.06,66.06,-2,2,-43.56,0
-127.68,66.67,-2,2,-43.56,0
-128.41,67.4,-2,2,-43.56,0
-129.19,68.18,-2,2,-43.56,0
-129.79,68.78,-2,2,-43.56,0
-130.78,69.77,-2,2,-43.56,0
-131.45,70.45,-2,2,-43.56,0
-132.17,71.16,-2,2,-43.56,0
-132.87,71.87,-2,2,-43.56,0
-133.28,72.27,-2,2,-43.56,0
-133.78,72.77,-2,2,-43.56,0
-134.51,73.5,-2,2,-43.56,0
-135.23,74.22,-2,2,-43.56,0
-135.99,74.98,-2,2,-43.56,0
-136.49,75.49,-2,2,-43.56,0
-137.23,76.23,-2,2,-43.56,0
-138.01,77.01,-2,2,-43.56,0
-138.51,77.5,-2,2,-43.56,0
-139.24,78.23,-2,2,-43.56,0
-139.74,78.74,-2,2,-43.56,0
-140.57,79.56,-2,2,-43.56,0
-141.2,80.2,-2,2,-43.56,0
-141.86,80.85,-2,2,-43.56,0
-142.34,81.33,-2,2,-43.56,0
-142.94,81.93,-2,2,-43.56,0
-143.83,82.82,-2,2,-43.56,0
-144.4,83.39,-2,2,-43.56,0
-144.83,83.83,-2,2,-43.56,0
-145.56,84.55,-2,2,-43.56,0
-146.4,85.39,-2,2,-43.56,0
-147.0,86.0,-2,2,-43.56,0
-147.35,86.35,-2,2,-43.56,0
-147.86,86.86,-2,2,-43.56,0
-148.47,87.46,-2,2,-43.56,0
-148.82,87.81,-2,2,-43.56,0
-149.29,88.28,-2,2,-43.56,0
-149.9,88.89,-2,2,-43.56,0
-150.63,89.62,-2,2,-43.56,0
-151.37,90.36,-2,2,-43.56,0
-151.76,90.76,-2,2,-43.56,0
-152.45,91.44,-2,2,-43.56,0
-152.94,91.94,-2,2,-43.56,0
-153.81,92.8,-2,2,-43.56,0
-154.13,93.12,-2,2,-43.56,0
-155.0,93.99,-2,2,-43.56,0
-155.49,94.48,-2,2,-43.56,0
-156.42,95.42,-2,2,-43.56,0
-157.16,96.16,-2,2,-43.56,0
-158.24,97.24,-2,2,-43.56,0
-158.92,97.91,-2,2,-43.56,0
-159.75,98.74,-2,2,-43.56,0
-160.65,99.64,-2,2,-43.56,0
-161.45,100.44,-2,2,-43.56,0
-162.21,101.2,-2,2,-43.56,0
-162.83,101.82,-2,2,-43.56,0
-163.78,102.77,-2,2,-43.56,0
-164.96,103.96,-2,2,-43.56,0
-165.57,104.56,-2,2,-43.56,0
-166.47,105.47,-2,2,-43.56,0
-167.09,106.08,-2,2,-43.56,0
-167.45,106.45,-2,2,-43.56,0
-168.36,107.35,-2,2,-43.56,0
-169.15,108.14,-2,2,-43.56,0
-169.81,108.8,-2,2,-43.56,0
-170.28,109.27,-2,2,-43.56,0
-170.87,109.86,-2,2,-43.56,0
-171.8,110.79,-2,2,-43.56,0
-172.63,111.62,-2,2,-43.56,0
-173.33,112.32,-2,2,-43.56,0
-173.93,112.92,-2,2,-43.56,0
-174.63,113.62,-2,2,-43.56,0
-175.18,114.17,-2,2,-43.56,0
-175.69,114.69,-2,2,-43.56,0
-176.44,115.44,-2,2,-43.56,0
-177.14,116.13,-2,2,-43.56,0
-177.86,116.85,-2,2,-43.56,0
-178.69,117.68,-2,2,-43.56,0
-179.1,118.1,-2,2,-43.56,0
-180.21,119.21,-2,2,-43.56,0
-180.88,119.88,-2,2,-43.56,0
-181.75,120.75,-2,2,-43.56,0
-182.22,121.21,-2,2,-43.56,0
-182.94,121.94,-2,2,-43.56,0
-183.67,122.67,-2,2,-43.56,0
-184.08,123.07,-2,2,-43.56,0
-184.56,123.55,-2,2,-43.56,0
-185.48,124.48,-2,2,-43.56,0
-186.25,125.25,-2,2,-43.56,0
-186.65,125.64,-2,2,-43.56,0
-187.26,126.25,-2,2,-43.56,0
-187.99,126.98,-2,2,-43.56,0
-188.72,127.71,-2,2,-43.56,0
-189.15,128.15,-2,2,-43.56,0
-189.79,128.78,-2,2,-43.56,0
-190.52,129.51,-2,2,-43.56,0
-190.95,129.94,-2,2,-43.56,0
-191.82,130.81,-2,2,-43.56,0
-192.17,131.16,-2,2,-43.56,0
-192.76,131.75,-2,2,-43.56,0
-193.38,132.37,-2,2,-43.56,0
-193.98,132.98,-2,2,-43.56,0
-194.81,133.8,-2,2,-43.56,0
-195.54,134.53,-2,2,-43.56,0
-195.85,134.84,-2,2,-43.56,0
-196.76,135.75,-2,2,-43.56,0
-197.08,136.07,-2,2,-43.56,0
-197.95,136.94,-2,2,-43.56,0
-198.63,137.62,-2,2,-43.56,0
-199.1,138.09,-2,2,-43.56,0
-200.19,139.19,-2,2,-43.56,0
-200.51,139.5,-2,2,-43.56,0
-201.45,140.45,-2,2,-43.56,0
-202.44,141.44,-2,2,-43.56,0
-203.04,142.03,-2,2,-43.56,0
